codigo_comuna,nombre_comuna,codigo_region,nombre_region,anio,id_metrica,nombre_metrica,valor,unidad,fuente,fecha_descarga
13101,Santiago,13,Región Metropolitana de Santiago,2018,homicidios,Homicidios,20.0,casos policiales,insecurity_cead_delincuencia_chile,2026-05-29
13101,Santiago,13,Región Metropolitana de Santiago,2019,homicidios,Homicidios,21.0,casos policiales,insecurity_cead_delincuencia_chile,2026-05-29
13101,Santiago,13,Región Metropolitana de Santiago,2020,homicidios,Homicidios,33.0,casos policiales,insecurity_cead_delincuencia_chile,2026-05-29
13101,Santiago,13,Región Metropolitana de Santiago,2021,homicidios,Homicidios,33.0,casos policiales,insecurity_cead_delincuencia_chile,2026-05-29
13101,Santiago,13,Región Metropolitana de Santiago,2022,homicidios,Homicidios,59.0,casos policiales,insecurity_cead_delincuencia_chile,2026-05-29
13101,Santiago,13,Región Metropolitana de Santiago,2023,homicidios,Homicidios,47.0,casos policiales,insecurity_cead_delincuencia_chile,2026-05-29
13101,Santiago,13,Región Metropolitana de Santiago,2024,homicidios,Homicidios,28.0,casos policiales,insecurity_cead_delincuencia_chile,2026-05-29
13101,Santiago,13,Región Metropolitana de Santiago,2025,homicidios,Homicidios,43.0,casos policiales,insecurity_cead_delincuencia_chile,2026-05-29
13102,Cerrillos,13,Región Metropolitana de Santiago,2018,homicidios,Homicidios,1.0,casos policiales,insecurity_cead_delincuencia_chile,2026-05-29
13102,Cerrillos,13,Región Metropolitana de Santiago,2019,homicidios,Homicidios,3.0,casos policiales,insecurity_cead_delincuencia_chile,2026-05-29
13102,Cerrillos,13,Región Metropolitana de Santiago,2020,homicidios,Homicidios,4.0,casos policiales,insecurity_cead_delincuencia_chile,2026-05-29
13102,Cerrillos,13,Región Metropolitana de Santiago,2021,homicidios,Homicidios,4.0,casos policiales,insecurity_cead_delincuencia_chile,2026-05-29
13102,Cerrillos,13,Región Metropolitana de Santiago,2022,homicidios,Homicidios,5.0,casos policiales,insecurity_cead_delincuencia_chile,2026-05-29
13102,Cerrillos,13,Región Metropolitana de Santiago,2023,homicidios,Homicidios,5.0,casos policiales,insecurity_cead_delincuencia_chile,2026-05-29
13102,Cerrillos,13,Región Metropolitana de Santiago,2024,homicidios,Homicidios,6.0,casos policiales,insecurity_cead_delincuencia_chile,2026-05-29
13102,Cerrillos,13,Región Metropolitana de Santiago,2025,homicidios,Homicidios,5.0,casos policiales,insecurity_cead_delincuencia_chile,2026-05-29
13103,Cerro Navia,13,Región Metropolitana de Santiago,2018,homicidios,Homicidios,18.0,casos policiales,insecurity_cead_delincuencia_chile,2026-05-29
13103,Cerro Navia,13,Región Metropolitana de Santiago,2019,homicidios,Homicidios,9.0,casos policiales,insecurity_cead_delincuencia_chile,2026-05-29
13103,Cerro Navia,13,Región Metropolitana de Santiago,2020,homicidios,Homicidios,16.0,casos policiales,insecurity_cead_delincuencia_chile,2026-05-29
13103,Cerro Navia,13,Región Metropolitana de Santiago,2021,homicidios,Homicidios,10.0,casos policiales,insecurity_cead_delincuencia_chile,2026-05-29
13103,Cerro Navia,13,Región Metropolitana de Santiago,2022,homicidios,Homicidios,8.0,casos policiales,insecurity_cead_delincuencia_chile,2026-05-29
13103,Cerro Navia,13,Región Metropolitana de Santiago,2023,homicidios,Homicidios,12.0,casos policiales,insecurity_cead_delincuencia_chile,2026-05-29
13103,Cerro Navia,13,Región Metropolitana de Santiago,2024,homicidios,Homicidios,15.0,casos policiales,insecurity_cead_delincuencia_chile,2026-05-29
13103,Cerro Navia,13,Región Metropolitana de Santiago,2025,homicidios,Homicidios,11.0,casos policiales,insecurity_cead_delincuencia_chile,2026-05-29
13104,Conchalí,13,Región Metropolitana de Santiago,2018,homicidios,Homicidios,7.0,casos policiales,insecurity_cead_delincuencia_chile,2026-05-29
13104,Conchalí,13,Región Metropolitana de Santiago,2019,homicidios,Homicidios,7.0,casos policiales,insecurity_cead_delincuencia_chile,2026-05-29
13104,Conchalí,13,Región Metropolitana de Santiago,2020,homicidios,Homicidios,12.0,casos policiales,insecurity_cead_delincuencia_chile,2026-05-29
13104,Conchalí,13,Región Metropolitana de Santiago,2021,homicidios,Homicidios,3.0,casos policiales,insecurity_cead_delincuencia_chile,2026-05-29
13104,Conchalí,13,Región Metropolitana de Santiago,2022,homicidios,Homicidios,8.0,casos policiales,insecurity_cead_delincuencia_chile,2026-05-29
13104,Conchalí,13,Región Metropolitana de Santiago,2023,homicidios,Homicidios,8.0,casos policiales,insecurity_cead_delincuencia_chile,2026-05-29
13104,Conchalí,13,Región Metropolitana de Santiago,2024,homicidios,Homicidios,7.0,casos policiales,insecurity_cead_delincuencia_chile,2026-05-29
13104,Conchalí,13,Región Metropolitana de Santiago,2025,homicidios,Homicidios,11.0,casos policiales,insecurity_cead_delincuencia_chile,2026-05-29
13105,El Bosque,13,Región Metropolitana de Santiago,2018,homicidios,Homicidios,10.0,casos policiales,insecurity_cead_delincuencia_chile,2026-05-29
13105,El Bosque,13,Región Metropolitana de Santiago,2019,homicidios,Homicidios,9.0,casos policiales,insecurity_cead_delincuencia_chile,2026-05-29
13105,El Bosque,13,Región Metropolitana de Santiago,2020,homicidios,Homicidios,16.0,casos policiales,insecurity_cead_delincuencia_chile,2026-05-29
13105,El Bosque,13,Región Metropolitana de Santiago,2021,homicidios,Homicidios,9.0,casos policiales,insecurity_cead_delincuencia_chile,2026-05-29
13105,El Bosque,13,Región Metropolitana de Santiago,2022,homicidios,Homicidios,11.0,casos policiales,insecurity_cead_delincuencia_chile,2026-05-29
13105,El Bosque,13,Región Metropolitana de Santiago,2023,homicidios,Homicidios,12.0,casos policiales,insecurity_cead_delincuencia_chile,2026-05-29
13105,El Bosque,13,Región Metropolitana de Santiago,2024,homicidios,Homicidios,11.0,casos policiales,insecurity_cead_delincuencia_chile,2026-05-29
13105,El Bosque,13,Región Metropolitana de Santiago,2025,homicidios,Homicidios,11.0,casos policiales,insecurity_cead_delincuencia_chile,2026-05-29
13106,Estación Central,13,Región Metropolitana de Santiago,2018,homicidios,Homicidios,7.0,casos policiales,insecurity_cead_delincuencia_chile,2026-05-29
13106,Estación Central,13,Región Metropolitana de Santiago,2019,homicidios,Homicidios,19.0,casos policiales,insecurity_cead_delincuencia_chile,2026-05-29
13106,Estación Central,13,Región Metropolitana de Santiago,2020,homicidios,Homicidios,15.0,casos policiales,insecurity_cead_delincuencia_chile,2026-05-29
13106,Estación Central,13,Región Metropolitana de Santiago,2021,homicidios,Homicidios,10.0,casos policiales,insecurity_cead_delincuencia_chile,2026-05-29
13106,Estación Central,13,Región Metropolitana de Santiago,2022,homicidios,Homicidios,20.0,casos policiales,insecurity_cead_delincuencia_chile,2026-05-29
13106,Estación Central,13,Región Metropolitana de Santiago,2023,homicidios,Homicidios,20.0,casos policiales,insecurity_cead_delincuencia_chile,2026-05-29
13106,Estación Central,13,Región Metropolitana de Santiago,2024,homicidios,Homicidios,18.0,casos policiales,insecurity_cead_delincuencia_chile,2026-05-29
13106,Estación Central,13,Región Metropolitana de Santiago,2025,homicidios,Homicidios,26.0,casos policiales,insecurity_cead_delincuencia_chile,2026-05-29
13107,Huechuraba,13,Región Metropolitana de Santiago,2018,homicidios,Homicidios,5.0,casos policiales,insecurity_cead_delincuencia_chile,2026-05-29
13107,Huechuraba,13,Región Metropolitana de Santiago,2019,homicidios,Homicidios,4.0,casos policiales,insecurity_cead_delincuencia_chile,2026-05-29
13107,Huechuraba,13,Región Metropolitana de Santiago,2020,homicidios,Homicidios,5.0,casos policiales,insecurity_cead_delincuencia_chile,2026-05-29
13107,Huechuraba,13,Región Metropolitana de Santiago,2021,homicidios,Homicidios,3.0,casos policiales,insecurity_cead_delincuencia_chile,2026-05-29
13107,Huechuraba,13,Región Metropolitana de Santiago,2022,homicidios,Homicidios,6.0,casos policiales,insecurity_cead_delincuencia_chile,2026-05-29
13107,Huechuraba,13,Región Metropolitana de Santiago,2023,homicidios,Homicidios,7.0,casos policiales,insecurity_cead_delincuencia_chile,2026-05-29
13107,Huechuraba,13,Región Metropolitana de Santiago,2024,homicidios,Homicidios,7.0,casos policiales,insecurity_cead_delincuencia_chile,2026-05-29
13107,Huechuraba,13,Región Metropolitana de Santiago,2025,homicidios,Homicidios,2.0,casos policiales,insecurity_cead_delincuencia_chile,2026-05-29
13108,Independencia,13,Región Metropolitana de Santiago,2018,homicidios,Homicidios,2.0,casos policiales,insecurity_cead_delincuencia_chile,2026-05-29
13108,Independencia,13,Región Metropolitana de Santiago,2019,homicidios,Homicidios,6.0,casos policiales,insecurity_cead_delincuencia_chile,2026-05-29
13108,Independencia,13,Región Metropolitana de Santiago,2020,homicidios,Homicidios,5.0,casos policiales,insecurity_cead_delincuencia_chile,2026-05-29
13108,Independencia,13,Región Metropolitana de Santiago,2021,homicidios,Homicidios,3.0,casos policiales,insecurity_cead_delincuencia_chile,2026-05-29
13108,Independencia,13,Región Metropolitana de Santiago,2022,homicidios,Homicidios,8.0,casos policiales,insecurity_cead_delincuencia_chile,2026-05-29
13108,Independencia,13,Región Metropolitana de Santiago,2023,homicidios,Homicidios,7.0,casos policiales,insecurity_cead_delincuencia_chile,2026-05-29
13108,Independencia,13,Región Metropolitana de Santiago,2024,homicidios,Homicidios,22.0,casos policiales,insecurity_cead_delincuencia_chile,2026-05-29
13108,Independencia,13,Región Metropolitana de Santiago,2025,homicidios,Homicidios,7.0,casos policiales,insecurity_cead_delincuencia_chile,2026-05-29
13109,La Cisterna,13,Región Metropolitana de Santiago,2018,homicidios,Homicidios,2.0,casos policiales,insecurity_cead_delincuencia_chile,2026-05-29
13109,La Cisterna,13,Región Metropolitana de Santiago,2019,homicidios,Homicidios,3.0,casos policiales,insecurity_cead_delincuencia_chile,2026-05-29
13109,La Cisterna,13,Región Metropolitana de Santiago,2020,homicidios,Homicidios,9.0,casos policiales,insecurity_cead_delincuencia_chile,2026-05-29
13109,La Cisterna,13,Región Metropolitana de Santiago,2021,homicidios,Homicidios,4.0,casos policiales,insecurity_cead_delincuencia_chile,2026-05-29
13109,La Cisterna,13,Región Metropolitana de Santiago,2022,homicidios,Homicidios,8.0,casos policiales,insecurity_cead_delincuencia_chile,2026-05-29
13109,La Cisterna,13,Región Metropolitana de Santiago,2023,homicidios,Homicidios,9.0,casos policiales,insecurity_cead_delincuencia_chile,2026-05-29
13109,La Cisterna,13,Región Metropolitana de Santiago,2024,homicidios,Homicidios,10.0,casos policiales,insecurity_cead_delincuencia_chile,2026-05-29
13109,La Cisterna,13,Región Metropolitana de Santiago,2025,homicidios,Homicidios,9.0,casos policiales,insecurity_cead_delincuencia_chile,2026-05-29
13110,La Florida,13,Región Metropolitana de Santiago,2018,homicidios,Homicidios,13.0,casos policiales,insecurity_cead_delincuencia_chile,2026-05-29
13110,La Florida,13,Región Metropolitana de Santiago,2019,homicidios,Homicidios,16.0,casos policiales,insecurity_cead_delincuencia_chile,2026-05-29
13110,La Florida,13,Región Metropolitana de Santiago,2020,homicidios,Homicidios,20.0,casos policiales,insecurity_cead_delincuencia_chile,2026-05-29
13110,La Florida,13,Región Metropolitana de Santiago,2021,homicidios,Homicidios,8.0,casos policiales,insecurity_cead_delincuencia_chile,2026-05-29
13110,La Florida,13,Región Metropolitana de Santiago,2022,homicidios,Homicidios,17.0,casos policiales,insecurity_cead_delincuencia_chile,2026-05-29
13110,La Florida,13,Región Metropolitana de Santiago,2023,homicidios,Homicidios,11.0,casos policiales,insecurity_cead_delincuencia_chile,2026-05-29
13110,La Florida,13,Región Metropolitana de Santiago,2024,homicidios,Homicidios,9.0,casos policiales,insecurity_cead_delincuencia_chile,2026-05-29
13110,La Florida,13,Región Metropolitana de Santiago,2025,homicidios,Homicidios,11.0,casos policiales,insecurity_cead_delincuencia_chile,2026-05-29
13111,La Granja,13,Región Metropolitana de Santiago,2018,homicidios,Homicidios,3.0,casos policiales,insecurity_cead_delincuencia_chile,2026-05-29
13111,La Granja,13,Región Metropolitana de Santiago,2019,homicidios,Homicidios,7.0,casos policiales,insecurity_cead_delincuencia_chile,2026-05-29
13111,La Granja,13,Región Metropolitana de Santiago,2020,homicidios,Homicidios,13.0,casos policiales,insecurity_cead_delincuencia_chile,2026-05-29
13111,La Granja,13,Región Metropolitana de Santiago,2021,homicidios,Homicidios,12.0,casos policiales,insecurity_cead_delincuencia_chile,2026-05-29
13111,La Granja,13,Región Metropolitana de Santiago,2022,homicidios,Homicidios,7.0,casos policiales,insecurity_cead_delincuencia_chile,2026-05-29
13111,La Granja,13,Región Metropolitana de Santiago,2023,homicidios,Homicidios,19.0,casos policiales,insecurity_cead_delincuencia_chile,2026-05-29
13111,La Granja,13,Región Metropolitana de Santiago,2024,homicidios,Homicidios,6.0,casos policiales,insecurity_cead_delincuencia_chile,2026-05-29
13111,La Granja,13,Región Metropolitana de Santiago,2025,homicidios,Homicidios,12.0,casos policiales,insecurity_cead_delincuencia_chile,2026-05-29
13112,La Pintana,13,Región Metropolitana de Santiago,2018,homicidios,Homicidios,18.0,casos policiales,insecurity_cead_delincuencia_chile,2026-05-29
13112,La Pintana,13,Región Metropolitana de Santiago,2019,homicidios,Homicidios,23.0,casos policiales,insecurity_cead_delincuencia_chile,2026-05-29
13112,La Pintana,13,Región Metropolitana de Santiago,2020,homicidios,Homicidios,39.0,casos policiales,insecurity_cead_delincuencia_chile,2026-05-29
13112,La Pintana,13,Región Metropolitana de Santiago,2021,homicidios,Homicidios,19.0,casos policiales,insecurity_cead_delincuencia_chile,2026-05-29
13112,La Pintana,13,Región Metropolitana de Santiago,2022,homicidios,Homicidios,13.0,casos policiales,insecurity_cead_delincuencia_chile,2026-05-29
13112,La Pintana,13,Región Metropolitana de Santiago,2023,homicidios,Homicidios,21.0,casos policiales,insecurity_cead_delincuencia_chile,2026-05-29
13112,La Pintana,13,Región Metropolitana de Santiago,2024,homicidios,Homicidios,24.0,casos policiales,insecurity_cead_delincuencia_chile,2026-05-29
13112,La Pintana,13,Región Metropolitana de Santiago,2025,homicidios,Homicidios,40.0,casos policiales,insecurity_cead_delincuencia_chile,2026-05-29
13113,La Reina,13,Región Metropolitana de Santiago,2018,homicidios,Homicidios,3.0,casos policiales,insecurity_cead_delincuencia_chile,2026-05-29
13113,La Reina,13,Región Metropolitana de Santiago,2019,homicidios,Homicidios,0.0,casos policiales,insecurity_cead_delincuencia_chile,2026-05-29
13113,La Reina,13,Región Metropolitana de Santiago,2020,homicidios,Homicidios,3.0,casos policiales,insecurity_cead_delincuencia_chile,2026-05-29
13113,La Reina,13,Región Metropolitana de Santiago,2021,homicidios,Homicidios,0.0,casos policiales,insecurity_cead_delincuencia_chile,2026-05-29
13113,La Reina,13,Región Metropolitana de Santiago,2022,homicidios,Homicidios,1.0,casos policiales,insecurity_cead_delincuencia_chile,2026-05-29
13113,La Reina,13,Región Metropolitana de Santiago,2023,homicidios,Homicidios,1.0,casos policiales,insecurity_cead_delincuencia_chile,2026-05-29
13113,La Reina,13,Región Metropolitana de Santiago,2024,homicidios,Homicidios,1.0,casos policiales,insecurity_cead_delincuencia_chile,2026-05-29
13113,La Reina,13,Región Metropolitana de Santiago,2025,homicidios,Homicidios,4.0,casos policiales,insecurity_cead_delincuencia_chile,2026-05-29
13114,Las Condes,13,Región Metropolitana de Santiago,2018,homicidios,Homicidios,1.0,casos policiales,insecurity_cead_delincuencia_chile,2026-05-29
13114,Las Condes,13,Región Metropolitana de Santiago,2019,homicidios,Homicidios,0.0,casos policiales,insecurity_cead_delincuencia_chile,2026-05-29
13114,Las Condes,13,Región Metropolitana de Santiago,2020,homicidios,Homicidios,3.0,casos policiales,insecurity_cead_delincuencia_chile,2026-05-29
13114,Las Condes,13,Región Metropolitana de Santiago,2021,homicidios,Homicidios,2.0,casos policiales,insecurity_cead_delincuencia_chile,2026-05-29
13114,Las Condes,13,Región Metropolitana de Santiago,2022,homicidios,Homicidios,1.0,casos policiales,insecurity_cead_delincuencia_chile,2026-05-29
13114,Las Condes,13,Región Metropolitana de Santiago,2023,homicidios,Homicidios,5.0,casos policiales,insecurity_cead_delincuencia_chile,2026-05-29
13114,Las Condes,13,Región Metropolitana de Santiago,2024,homicidios,Homicidios,1.0,casos policiales,insecurity_cead_delincuencia_chile,2026-05-29
13114,Las Condes,13,Región Metropolitana de Santiago,2025,homicidios,Homicidios,0.0,casos policiales,insecurity_cead_delincuencia_chile,2026-05-29
13115,Lo Barnechea,13,Región Metropolitana de Santiago,2018,homicidios,Homicidios,2.0,casos policiales,insecurity_cead_delincuencia_chile,2026-05-29
13115,Lo Barnechea,13,Región Metropolitana de Santiago,2019,homicidios,Homicidios,0.0,casos policiales,insecurity_cead_delincuencia_chile,2026-05-29
13115,Lo Barnechea,13,Región Metropolitana de Santiago,2020,homicidios,Homicidios,2.0,casos policiales,insecurity_cead_delincuencia_chile,2026-05-29
13115,Lo Barnechea,13,Región Metropolitana de Santiago,2021,homicidios,Homicidios,1.0,casos policiales,insecurity_cead_delincuencia_chile,2026-05-29
13115,Lo Barnechea,13,Región Metropolitana de Santiago,2022,homicidios,Homicidios,0.0,casos policiales,insecurity_cead_delincuencia_chile,2026-05-29
13115,Lo Barnechea,13,Región Metropolitana de Santiago,2023,homicidios,Homicidios,3.0,casos policiales,insecurity_cead_delincuencia_chile,2026-05-29
13115,Lo Barnechea,13,Región Metropolitana de Santiago,2024,homicidios,Homicidios,0.0,casos policiales,insecurity_cead_delincuencia_chile,2026-05-29
13115,Lo Barnechea,13,Región Metropolitana de Santiago,2025,homicidios,Homicidios,1.0,casos policiales,insecurity_cead_delincuencia_chile,2026-05-29
13116,Lo Espejo,13,Región Metropolitana de Santiago,2018,homicidios,Homicidios,15.0,casos policiales,insecurity_cead_delincuencia_chile,2026-05-29
13116,Lo Espejo,13,Región Metropolitana de Santiago,2019,homicidios,Homicidios,10.0,casos policiales,insecurity_cead_delincuencia_chile,2026-05-29
13116,Lo Espejo,13,Región Metropolitana de Santiago,2020,homicidios,Homicidios,14.0,casos policiales,insecurity_cead_delincuencia_chile,2026-05-29
13116,Lo Espejo,13,Región Metropolitana de Santiago,2021,homicidios,Homicidios,12.0,casos policiales,insecurity_cead_delincuencia_chile,2026-05-29
13116,Lo Espejo,13,Región Metropolitana de Santiago,2022,homicidios,Homicidios,10.0,casos policiales,insecurity_cead_delincuencia_chile,2026-05-29
13116,Lo Espejo,13,Región Metropolitana de Santiago,2023,homicidios,Homicidios,14.0,casos policiales,insecurity_cead_delincuencia_chile,2026-05-29
13116,Lo Espejo,13,Región Metropolitana de Santiago,2024,homicidios,Homicidios,5.0,casos policiales,insecurity_cead_delincuencia_chile,2026-05-29
13116,Lo Espejo,13,Región Metropolitana de Santiago,2025,homicidios,Homicidios,10.0,casos policiales,insecurity_cead_delincuencia_chile,2026-05-29
13117,Lo Prado,13,Región Metropolitana de Santiago,2018,homicidios,Homicidios,3.0,casos policiales,insecurity_cead_delincuencia_chile,2026-05-29
13117,Lo Prado,13,Región Metropolitana de Santiago,2019,homicidios,Homicidios,8.0,casos policiales,insecurity_cead_delincuencia_chile,2026-05-29
13117,Lo Prado,13,Región Metropolitana de Santiago,2020,homicidios,Homicidios,10.0,casos policiales,insecurity_cead_delincuencia_chile,2026-05-29
13117,Lo Prado,13,Región Metropolitana de Santiago,2021,homicidios,Homicidios,2.0,casos policiales,insecurity_cead_delincuencia_chile,2026-05-29
13117,Lo Prado,13,Región Metropolitana de Santiago,2022,homicidios,Homicidios,8.0,casos policiales,insecurity_cead_delincuencia_chile,2026-05-29
13117,Lo Prado,13,Región Metropolitana de Santiago,2023,homicidios,Homicidios,7.0,casos policiales,insecurity_cead_delincuencia_chile,2026-05-29
13117,Lo Prado,13,Región Metropolitana de Santiago,2024,homicidios,Homicidios,6.0,casos policiales,insecurity_cead_delincuencia_chile,2026-05-29
13117,Lo Prado,13,Región Metropolitana de Santiago,2025,homicidios,Homicidios,10.0,casos policiales,insecurity_cead_delincuencia_chile,2026-05-29
13118,Macul,13,Región Metropolitana de Santiago,2018,homicidios,Homicidios,5.0,casos policiales,insecurity_cead_delincuencia_chile,2026-05-29
13118,Macul,13,Región Metropolitana de Santiago,2019,homicidios,Homicidios,1.0,casos policiales,insecurity_cead_delincuencia_chile,2026-05-29
13118,Macul,13,Región Metropolitana de Santiago,2020,homicidios,Homicidios,6.0,casos policiales,insecurity_cead_delincuencia_chile,2026-05-29
13118,Macul,13,Región Metropolitana de Santiago,2021,homicidios,Homicidios,2.0,casos policiales,insecurity_cead_delincuencia_chile,2026-05-29
13118,Macul,13,Región Metropolitana de Santiago,2022,homicidios,Homicidios,5.0,casos policiales,insecurity_cead_delincuencia_chile,2026-05-29
13118,Macul,13,Región Metropolitana de Santiago,2023,homicidios,Homicidios,1.0,casos policiales,insecurity_cead_delincuencia_chile,2026-05-29
13118,Macul,13,Región Metropolitana de Santiago,2024,homicidios,Homicidios,7.0,casos policiales,insecurity_cead_delincuencia_chile,2026-05-29
13118,Macul,13,Región Metropolitana de Santiago,2025,homicidios,Homicidios,4.0,casos policiales,insecurity_cead_delincuencia_chile,2026-05-29
13119,Maipú,13,Región Metropolitana de Santiago,2018,homicidios,Homicidios,11.0,casos policiales,insecurity_cead_delincuencia_chile,2026-05-29
13119,Maipú,13,Región Metropolitana de Santiago,2019,homicidios,Homicidios,10.0,casos policiales,insecurity_cead_delincuencia_chile,2026-05-29
13119,Maipú,13,Región Metropolitana de Santiago,2020,homicidios,Homicidios,28.0,casos policiales,insecurity_cead_delincuencia_chile,2026-05-29
13119,Maipú,13,Región Metropolitana de Santiago,2021,homicidios,Homicidios,16.0,casos policiales,insecurity_cead_delincuencia_chile,2026-05-29
13119,Maipú,13,Región Metropolitana de Santiago,2022,homicidios,Homicidios,9.0,casos policiales,insecurity_cead_delincuencia_chile,2026-05-29
13119,Maipú,13,Región Metropolitana de Santiago,2023,homicidios,Homicidios,27.0,casos policiales,insecurity_cead_delincuencia_chile,2026-05-29
13119,Maipú,13,Región Metropolitana de Santiago,2024,homicidios,Homicidios,19.0,casos policiales,insecurity_cead_delincuencia_chile,2026-05-29
13119,Maipú,13,Región Metropolitana de Santiago,2025,homicidios,Homicidios,11.0,casos policiales,insecurity_cead_delincuencia_chile,2026-05-29
13120,Ñuñoa,13,Región Metropolitana de Santiago,2018,homicidios,Homicidios,6.0,casos policiales,insecurity_cead_delincuencia_chile,2026-05-29
13120,Ñuñoa,13,Región Metropolitana de Santiago,2019,homicidios,Homicidios,6.0,casos policiales,insecurity_cead_delincuencia_chile,2026-05-29
13120,Ñuñoa,13,Región Metropolitana de Santiago,2020,homicidios,Homicidios,4.0,casos policiales,insecurity_cead_delincuencia_chile,2026-05-29
13120,Ñuñoa,13,Región Metropolitana de Santiago,2021,homicidios,Homicidios,1.0,casos policiales,insecurity_cead_delincuencia_chile,2026-05-29
13120,Ñuñoa,13,Región Metropolitana de Santiago,2022,homicidios,Homicidios,3.0,casos policiales,insecurity_cead_delincuencia_chile,2026-05-29
13120,Ñuñoa,13,Región Metropolitana de Santiago,2023,homicidios,Homicidios,0.0,casos policiales,insecurity_cead_delincuencia_chile,2026-05-29
13120,Ñuñoa,13,Región Metropolitana de Santiago,2024,homicidios,Homicidios,1.0,casos policiales,insecurity_cead_delincuencia_chile,2026-05-29
13120,Ñuñoa,13,Región Metropolitana de Santiago,2025,homicidios,Homicidios,11.0,casos policiales,insecurity_cead_delincuencia_chile,2026-05-29
13121,Pedro Aguirre Cerda,13,Región Metropolitana de Santiago,2018,homicidios,Homicidios,9.0,casos policiales,insecurity_cead_delincuencia_chile,2026-05-29
13121,Pedro Aguirre Cerda,13,Región Metropolitana de Santiago,2019,homicidios,Homicidios,5.0,casos policiales,insecurity_cead_delincuencia_chile,2026-05-29
13121,Pedro Aguirre Cerda,13,Región Metropolitana de Santiago,2020,homicidios,Homicidios,21.0,casos policiales,insecurity_cead_delincuencia_chile,2026-05-29
13121,Pedro Aguirre Cerda,13,Región Metropolitana de Santiago,2021,homicidios,Homicidios,10.0,casos policiales,insecurity_cead_delincuencia_chile,2026-05-29
13121,Pedro Aguirre Cerda,13,Región Metropolitana de Santiago,2022,homicidios,Homicidios,10.0,casos policiales,insecurity_cead_delincuencia_chile,2026-05-29
13121,Pedro Aguirre Cerda,13,Región Metropolitana de Santiago,2023,homicidios,Homicidios,9.0,casos policiales,insecurity_cead_delincuencia_chile,2026-05-29
13121,Pedro Aguirre Cerda,13,Región Metropolitana de Santiago,2024,homicidios,Homicidios,8.0,casos policiales,insecurity_cead_delincuencia_chile,2026-05-29
13121,Pedro Aguirre Cerda,13,Región Metropolitana de Santiago,2025,homicidios,Homicidios,6.0,casos policiales,insecurity_cead_delincuencia_chile,2026-05-29
13122,Peñalolén,13,Región Metropolitana de Santiago,2018,homicidios,Homicidios,7.0,casos policiales,insecurity_cead_delincuencia_chile,2026-05-29
13122,Peñalolén,13,Región Metropolitana de Santiago,2019,homicidios,Homicidios,9.0,casos policiales,insecurity_cead_delincuencia_chile,2026-05-29
13122,Peñalolén,13,Región Metropolitana de Santiago,2020,homicidios,Homicidios,12.0,casos policiales,insecurity_cead_delincuencia_chile,2026-05-29
13122,Peñalolén,13,Región Metropolitana de Santiago,2021,homicidios,Homicidios,11.0,casos policiales,insecurity_cead_delincuencia_chile,2026-05-29
13122,Peñalolén,13,Región Metropolitana de Santiago,2022,homicidios,Homicidios,13.0,casos policiales,insecurity_cead_delincuencia_chile,2026-05-29
13122,Peñalolén,13,Región Metropolitana de Santiago,2023,homicidios,Homicidios,15.0,casos policiales,insecurity_cead_delincuencia_chile,2026-05-29
13122,Peñalolén,13,Región Metropolitana de Santiago,2024,homicidios,Homicidios,5.0,casos policiales,insecurity_cead_delincuencia_chile,2026-05-29
13122,Peñalolén,13,Región Metropolitana de Santiago,2025,homicidios,Homicidios,12.0,casos policiales,insecurity_cead_delincuencia_chile,2026-05-29
13123,Providencia,13,Región Metropolitana de Santiago,2018,homicidios,Homicidios,2.0,casos policiales,insecurity_cead_delincuencia_chile,2026-05-29
13123,Providencia,13,Región Metropolitana de Santiago,2019,homicidios,Homicidios,4.0,casos policiales,insecurity_cead_delincuencia_chile,2026-05-29
13123,Providencia,13,Región Metropolitana de Santiago,2020,homicidios,Homicidios,4.0,casos policiales,insecurity_cead_delincuencia_chile,2026-05-29
13123,Providencia,13,Región Metropolitana de Santiago,2021,homicidios,Homicidios,3.0,casos policiales,insecurity_cead_delincuencia_chile,2026-05-29
13123,Providencia,13,Región Metropolitana de Santiago,2022,homicidios,Homicidios,2.0,casos policiales,insecurity_cead_delincuencia_chile,2026-05-29
13123,Providencia,13,Región Metropolitana de Santiago,2023,homicidios,Homicidios,3.0,casos policiales,insecurity_cead_delincuencia_chile,2026-05-29
13123,Providencia,13,Región Metropolitana de Santiago,2024,homicidios,Homicidios,4.0,casos policiales,insecurity_cead_delincuencia_chile,2026-05-29
13123,Providencia,13,Región Metropolitana de Santiago,2025,homicidios,Homicidios,0.0,casos policiales,insecurity_cead_delincuencia_chile,2026-05-29
13124,Pudahuel,13,Región Metropolitana de Santiago,2018,homicidios,Homicidios,11.0,casos policiales,insecurity_cead_delincuencia_chile,2026-05-29
13124,Pudahuel,13,Región Metropolitana de Santiago,2019,homicidios,Homicidios,19.0,casos policiales,insecurity_cead_delincuencia_chile,2026-05-29
13124,Pudahuel,13,Región Metropolitana de Santiago,2020,homicidios,Homicidios,11.0,casos policiales,insecurity_cead_delincuencia_chile,2026-05-29
13124,Pudahuel,13,Región Metropolitana de Santiago,2021,homicidios,Homicidios,13.0,casos policiales,insecurity_cead_delincuencia_chile,2026-05-29
13124,Pudahuel,13,Región Metropolitana de Santiago,2022,homicidios,Homicidios,10.0,casos policiales,insecurity_cead_delincuencia_chile,2026-05-29
13124,Pudahuel,13,Región Metropolitana de Santiago,2023,homicidios,Homicidios,18.0,casos policiales,insecurity_cead_delincuencia_chile,2026-05-29
13124,Pudahuel,13,Región Metropolitana de Santiago,2024,homicidios,Homicidios,14.0,casos policiales,insecurity_cead_delincuencia_chile,2026-05-29
13124,Pudahuel,13,Región Metropolitana de Santiago,2025,homicidios,Homicidios,8.0,casos policiales,insecurity_cead_delincuencia_chile,2026-05-29
13125,Quilicura,13,Región Metropolitana de Santiago,2018,homicidios,Homicidios,6.0,casos policiales,insecurity_cead_delincuencia_chile,2026-05-29
13125,Quilicura,13,Región Metropolitana de Santiago,2019,homicidios,Homicidios,9.0,casos policiales,insecurity_cead_delincuencia_chile,2026-05-29
13125,Quilicura,13,Región Metropolitana de Santiago,2020,homicidios,Homicidios,17.0,casos policiales,insecurity_cead_delincuencia_chile,2026-05-29
13125,Quilicura,13,Región Metropolitana de Santiago,2021,homicidios,Homicidios,2.0,casos policiales,insecurity_cead_delincuencia_chile,2026-05-29
13125,Quilicura,13,Región Metropolitana de Santiago,2022,homicidios,Homicidios,5.0,casos policiales,insecurity_cead_delincuencia_chile,2026-05-29
13125,Quilicura,13,Región Metropolitana de Santiago,2023,homicidios,Homicidios,8.0,casos policiales,insecurity_cead_delincuencia_chile,2026-05-29
13125,Quilicura,13,Región Metropolitana de Santiago,2024,homicidios,Homicidios,9.0,casos policiales,insecurity_cead_delincuencia_chile,2026-05-29
13125,Quilicura,13,Región Metropolitana de Santiago,2025,homicidios,Homicidios,14.0,casos policiales,insecurity_cead_delincuencia_chile,2026-05-29
13126,Quinta Normal,13,Región Metropolitana de Santiago,2018,homicidios,Homicidios,6.0,casos policiales,insecurity_cead_delincuencia_chile,2026-05-29
13126,Quinta Normal,13,Región Metropolitana de Santiago,2019,homicidios,Homicidios,3.0,casos policiales,insecurity_cead_delincuencia_chile,2026-05-29
13126,Quinta Normal,13,Región Metropolitana de Santiago,2020,homicidios,Homicidios,2.0,casos policiales,insecurity_cead_delincuencia_chile,2026-05-29
13126,Quinta Normal,13,Región Metropolitana de Santiago,2021,homicidios,Homicidios,5.0,casos policiales,insecurity_cead_delincuencia_chile,2026-05-29
13126,Quinta Normal,13,Región Metropolitana de Santiago,2022,homicidios,Homicidios,12.0,casos policiales,insecurity_cead_delincuencia_chile,2026-05-29
13126,Quinta Normal,13,Región Metropolitana de Santiago,2023,homicidios,Homicidios,6.0,casos policiales,insecurity_cead_delincuencia_chile,2026-05-29
13126,Quinta Normal,13,Región Metropolitana de Santiago,2024,homicidios,Homicidios,10.0,casos policiales,insecurity_cead_delincuencia_chile,2026-05-29
13126,Quinta Normal,13,Región Metropolitana de Santiago,2025,homicidios,Homicidios,6.0,casos policiales,insecurity_cead_delincuencia_chile,2026-05-29
13127,Recoleta,13,Región Metropolitana de Santiago,2018,homicidios,Homicidios,12.0,casos policiales,insecurity_cead_delincuencia_chile,2026-05-29
13127,Recoleta,13,Región Metropolitana de Santiago,2019,homicidios,Homicidios,12.0,casos policiales,insecurity_cead_delincuencia_chile,2026-05-29
13127,Recoleta,13,Región Metropolitana de Santiago,2020,homicidios,Homicidios,13.0,casos policiales,insecurity_cead_delincuencia_chile,2026-05-29
13127,Recoleta,13,Región Metropolitana de Santiago,2021,homicidios,Homicidios,17.0,casos policiales,insecurity_cead_delincuencia_chile,2026-05-29
13127,Recoleta,13,Región Metropolitana de Santiago,2022,homicidios,Homicidios,20.0,casos policiales,insecurity_cead_delincuencia_chile,2026-05-29
13127,Recoleta,13,Región Metropolitana de Santiago,2023,homicidios,Homicidios,19.0,casos policiales,insecurity_cead_delincuencia_chile,2026-05-29
13127,Recoleta,13,Región Metropolitana de Santiago,2024,homicidios,Homicidios,34.0,casos policiales,insecurity_cead_delincuencia_chile,2026-05-29
13127,Recoleta,13,Región Metropolitana de Santiago,2025,homicidios,Homicidios,25.0,casos policiales,insecurity_cead_delincuencia_chile,2026-05-29
13128,Renca,13,Región Metropolitana de Santiago,2018,homicidios,Homicidios,14.0,casos policiales,insecurity_cead_delincuencia_chile,2026-05-29
13128,Renca,13,Región Metropolitana de Santiago,2019,homicidios,Homicidios,10.0,casos policiales,insecurity_cead_delincuencia_chile,2026-05-29
13128,Renca,13,Región Metropolitana de Santiago,2020,homicidios,Homicidios,13.0,casos policiales,insecurity_cead_delincuencia_chile,2026-05-29
13128,Renca,13,Región Metropolitana de Santiago,2021,homicidios,Homicidios,10.0,casos policiales,insecurity_cead_delincuencia_chile,2026-05-29
13128,Renca,13,Región Metropolitana de Santiago,2022,homicidios,Homicidios,12.0,casos policiales,insecurity_cead_delincuencia_chile,2026-05-29
13128,Renca,13,Región Metropolitana de Santiago,2023,homicidios,Homicidios,9.0,casos policiales,insecurity_cead_delincuencia_chile,2026-05-29
13128,Renca,13,Región Metropolitana de Santiago,2024,homicidios,Homicidios,11.0,casos policiales,insecurity_cead_delincuencia_chile,2026-05-29
13128,Renca,13,Región Metropolitana de Santiago,2025,homicidios,Homicidios,10.0,casos policiales,insecurity_cead_delincuencia_chile,2026-05-29
13129,San Joaquín,13,Región Metropolitana de Santiago,2018,homicidios,Homicidios,3.0,casos policiales,insecurity_cead_delincuencia_chile,2026-05-29
13129,San Joaquín,13,Región Metropolitana de Santiago,2019,homicidios,Homicidios,7.0,casos policiales,insecurity_cead_delincuencia_chile,2026-05-29
13129,San Joaquín,13,Región Metropolitana de Santiago,2020,homicidios,Homicidios,11.0,casos policiales,insecurity_cead_delincuencia_chile,2026-05-29
13129,San Joaquín,13,Región Metropolitana de Santiago,2021,homicidios,Homicidios,11.0,casos policiales,insecurity_cead_delincuencia_chile,2026-05-29
13129,San Joaquín,13,Región Metropolitana de Santiago,2022,homicidios,Homicidios,12.0,casos policiales,insecurity_cead_delincuencia_chile,2026-05-29
13129,San Joaquín,13,Región Metropolitana de Santiago,2023,homicidios,Homicidios,5.0,casos policiales,insecurity_cead_delincuencia_chile,2026-05-29
13129,San Joaquín,13,Región Metropolitana de Santiago,2024,homicidios,Homicidios,11.0,casos policiales,insecurity_cead_delincuencia_chile,2026-05-29
13129,San Joaquín,13,Región Metropolitana de Santiago,2025,homicidios,Homicidios,1.0,casos policiales,insecurity_cead_delincuencia_chile,2026-05-29
13130,San Miguel,13,Región Metropolitana de Santiago,2018,homicidios,Homicidios,3.0,casos policiales,insecurity_cead_delincuencia_chile,2026-05-29
13130,San Miguel,13,Región Metropolitana de Santiago,2019,homicidios,Homicidios,6.0,casos policiales,insecurity_cead_delincuencia_chile,2026-05-29
13130,San Miguel,13,Región Metropolitana de Santiago,2020,homicidios,Homicidios,5.0,casos policiales,insecurity_cead_delincuencia_chile,2026-05-29
13130,San Miguel,13,Región Metropolitana de Santiago,2021,homicidios,Homicidios,2.0,casos policiales,insecurity_cead_delincuencia_chile,2026-05-29
13130,San Miguel,13,Región Metropolitana de Santiago,2022,homicidios,Homicidios,4.0,casos policiales,insecurity_cead_delincuencia_chile,2026-05-29
13130,San Miguel,13,Región Metropolitana de Santiago,2023,homicidios,Homicidios,3.0,casos policiales,insecurity_cead_delincuencia_chile,2026-05-29
13130,San Miguel,13,Región Metropolitana de Santiago,2024,homicidios,Homicidios,4.0,casos policiales,insecurity_cead_delincuencia_chile,2026-05-29
13130,San Miguel,13,Región Metropolitana de Santiago,2025,homicidios,Homicidios,4.0,casos policiales,insecurity_cead_delincuencia_chile,2026-05-29
13131,San Ramón,13,Región Metropolitana de Santiago,2018,homicidios,Homicidios,10.0,casos policiales,insecurity_cead_delincuencia_chile,2026-05-29
13131,San Ramón,13,Región Metropolitana de Santiago,2019,homicidios,Homicidios,10.0,casos policiales,insecurity_cead_delincuencia_chile,2026-05-29
13131,San Ramón,13,Región Metropolitana de Santiago,2020,homicidios,Homicidios,11.0,casos policiales,insecurity_cead_delincuencia_chile,2026-05-29
13131,San Ramón,13,Región Metropolitana de Santiago,2021,homicidios,Homicidios,5.0,casos policiales,insecurity_cead_delincuencia_chile,2026-05-29
13131,San Ramón,13,Región Metropolitana de Santiago,2022,homicidios,Homicidios,10.0,casos policiales,insecurity_cead_delincuencia_chile,2026-05-29
13131,San Ramón,13,Región Metropolitana de Santiago,2023,homicidios,Homicidios,10.0,casos policiales,insecurity_cead_delincuencia_chile,2026-05-29
13131,San Ramón,13,Región Metropolitana de Santiago,2024,homicidios,Homicidios,6.0,casos policiales,insecurity_cead_delincuencia_chile,2026-05-29
13131,San Ramón,13,Región Metropolitana de Santiago,2025,homicidios,Homicidios,10.0,casos policiales,insecurity_cead_delincuencia_chile,2026-05-29
13132,Vitacura,13,Región Metropolitana de Santiago,2018,homicidios,Homicidios,2.0,casos policiales,insecurity_cead_delincuencia_chile,2026-05-29
13132,Vitacura,13,Región Metropolitana de Santiago,2019,homicidios,Homicidios,0.0,casos policiales,insecurity_cead_delincuencia_chile,2026-05-29
13132,Vitacura,13,Región Metropolitana de Santiago,2020,homicidios,Homicidios,0.0,casos policiales,insecurity_cead_delincuencia_chile,2026-05-29
13132,Vitacura,13,Región Metropolitana de Santiago,2021,homicidios,Homicidios,1.0,casos policiales,insecurity_cead_delincuencia_chile,2026-05-29
13132,Vitacura,13,Región Metropolitana de Santiago,2022,homicidios,Homicidios,0.0,casos policiales,insecurity_cead_delincuencia_chile,2026-05-29
13132,Vitacura,13,Región Metropolitana de Santiago,2023,homicidios,Homicidios,1.0,casos policiales,insecurity_cead_delincuencia_chile,2026-05-29
13132,Vitacura,13,Región Metropolitana de Santiago,2024,homicidios,Homicidios,0.0,casos policiales,insecurity_cead_delincuencia_chile,2026-05-29
13132,Vitacura,13,Región Metropolitana de Santiago,2025,homicidios,Homicidios,0.0,casos policiales,insecurity_cead_delincuencia_chile,2026-05-29
13201,Puente Alto,13,Región Metropolitana de Santiago,2018,homicidios,Homicidios,22.0,casos policiales,insecurity_cead_delincuencia_chile,2026-05-29
13201,Puente Alto,13,Región Metropolitana de Santiago,2019,homicidios,Homicidios,30.0,casos policiales,insecurity_cead_delincuencia_chile,2026-05-29
13201,Puente Alto,13,Región Metropolitana de Santiago,2020,homicidios,Homicidios,26.0,casos policiales,insecurity_cead_delincuencia_chile,2026-05-29
13201,Puente Alto,13,Región Metropolitana de Santiago,2021,homicidios,Homicidios,17.0,casos policiales,insecurity_cead_delincuencia_chile,2026-05-29
13201,Puente Alto,13,Región Metropolitana de Santiago,2022,homicidios,Homicidios,17.0,casos policiales,insecurity_cead_delincuencia_chile,2026-05-29
13201,Puente Alto,13,Región Metropolitana de Santiago,2023,homicidios,Homicidios,30.0,casos policiales,insecurity_cead_delincuencia_chile,2026-05-29
13201,Puente Alto,13,Región Metropolitana de Santiago,2024,homicidios,Homicidios,38.0,casos policiales,insecurity_cead_delincuencia_chile,2026-05-29
13201,Puente Alto,13,Región Metropolitana de Santiago,2025,homicidios,Homicidios,39.0,casos policiales,insecurity_cead_delincuencia_chile,2026-05-29
13202,Pirque,13,Región Metropolitana de Santiago,2018,homicidios,Homicidios,0.0,casos policiales,insecurity_cead_delincuencia_chile,2026-05-29
13202,Pirque,13,Región Metropolitana de Santiago,2019,homicidios,Homicidios,0.0,casos policiales,insecurity_cead_delincuencia_chile,2026-05-29
13202,Pirque,13,Región Metropolitana de Santiago,2020,homicidios,Homicidios,0.0,casos policiales,insecurity_cead_delincuencia_chile,2026-05-29
13202,Pirque,13,Región Metropolitana de Santiago,2021,homicidios,Homicidios,1.0,casos policiales,insecurity_cead_delincuencia_chile,2026-05-29
13202,Pirque,13,Región Metropolitana de Santiago,2022,homicidios,Homicidios,0.0,casos policiales,insecurity_cead_delincuencia_chile,2026-05-29
13202,Pirque,13,Región Metropolitana de Santiago,2023,homicidios,Homicidios,0.0,casos policiales,insecurity_cead_delincuencia_chile,2026-05-29
13202,Pirque,13,Región Metropolitana de Santiago,2024,homicidios,Homicidios,1.0,casos policiales,insecurity_cead_delincuencia_chile,2026-05-29
13202,Pirque,13,Región Metropolitana de Santiago,2025,homicidios,Homicidios,0.0,casos policiales,insecurity_cead_delincuencia_chile,2026-05-29
13203,San José de Maipo,13,Región Metropolitana de Santiago,2018,homicidios,Homicidios,0.0,casos policiales,insecurity_cead_delincuencia_chile,2026-05-29
13203,San José de Maipo,13,Región Metropolitana de Santiago,2019,homicidios,Homicidios,0.0,casos policiales,insecurity_cead_delincuencia_chile,2026-05-29
13203,San José de Maipo,13,Región Metropolitana de Santiago,2020,homicidios,Homicidios,0.0,casos policiales,insecurity_cead_delincuencia_chile,2026-05-29
13203,San José de Maipo,13,Región Metropolitana de Santiago,2021,homicidios,Homicidios,2.0,casos policiales,insecurity_cead_delincuencia_chile,2026-05-29
13203,San José de Maipo,13,Región Metropolitana de Santiago,2022,homicidios,Homicidios,0.0,casos policiales,insecurity_cead_delincuencia_chile,2026-05-29
13203,San José de Maipo,13,Región Metropolitana de Santiago,2023,homicidios,Homicidios,4.0,casos policiales,insecurity_cead_delincuencia_chile,2026-05-29
13203,San José de Maipo,13,Región Metropolitana de Santiago,2024,homicidios,Homicidios,2.0,casos policiales,insecurity_cead_delincuencia_chile,2026-05-29
13203,San José de Maipo,13,Región Metropolitana de Santiago,2025,homicidios,Homicidios,1.0,casos policiales,insecurity_cead_delincuencia_chile,2026-05-29
13301,Colina,13,Región Metropolitana de Santiago,2018,homicidios,Homicidios,6.0,casos policiales,insecurity_cead_delincuencia_chile,2026-05-29
13301,Colina,13,Región Metropolitana de Santiago,2019,homicidios,Homicidios,5.0,casos policiales,insecurity_cead_delincuencia_chile,2026-05-29
13301,Colina,13,Región Metropolitana de Santiago,2020,homicidios,Homicidios,7.0,casos policiales,insecurity_cead_delincuencia_chile,2026-05-29
13301,Colina,13,Región Metropolitana de Santiago,2021,homicidios,Homicidios,20.0,casos policiales,insecurity_cead_delincuencia_chile,2026-05-29
13301,Colina,13,Región Metropolitana de Santiago,2022,homicidios,Homicidios,16.0,casos policiales,insecurity_cead_delincuencia_chile,2026-05-29
13301,Colina,13,Región Metropolitana de Santiago,2023,homicidios,Homicidios,9.0,casos policiales,insecurity_cead_delincuencia_chile,2026-05-29
13301,Colina,13,Región Metropolitana de Santiago,2024,homicidios,Homicidios,14.0,casos policiales,insecurity_cead_delincuencia_chile,2026-05-29
13301,Colina,13,Región Metropolitana de Santiago,2025,homicidios,Homicidios,20.0,casos policiales,insecurity_cead_delincuencia_chile,2026-05-29
13302,Lampa,13,Región Metropolitana de Santiago,2018,homicidios,Homicidios,12.0,casos policiales,insecurity_cead_delincuencia_chile,2026-05-29
13302,Lampa,13,Región Metropolitana de Santiago,2019,homicidios,Homicidios,5.0,casos policiales,insecurity_cead_delincuencia_chile,2026-05-29
13302,Lampa,13,Región Metropolitana de Santiago,2020,homicidios,Homicidios,11.0,casos policiales,insecurity_cead_delincuencia_chile,2026-05-29
13302,Lampa,13,Región Metropolitana de Santiago,2021,homicidios,Homicidios,3.0,casos policiales,insecurity_cead_delincuencia_chile,2026-05-29
13302,Lampa,13,Región Metropolitana de Santiago,2022,homicidios,Homicidios,4.0,casos policiales,insecurity_cead_delincuencia_chile,2026-05-29
13302,Lampa,13,Región Metropolitana de Santiago,2023,homicidios,Homicidios,12.0,casos policiales,insecurity_cead_delincuencia_chile,2026-05-29
13302,Lampa,13,Región Metropolitana de Santiago,2024,homicidios,Homicidios,7.0,casos policiales,insecurity_cead_delincuencia_chile,2026-05-29
13302,Lampa,13,Región Metropolitana de Santiago,2025,homicidios,Homicidios,14.0,casos policiales,insecurity_cead_delincuencia_chile,2026-05-29
13303,Tiltil,13,Región Metropolitana de Santiago,2018,homicidios,Homicidios,1.0,casos policiales,insecurity_cead_delincuencia_chile,2026-05-29
13303,Tiltil,13,Región Metropolitana de Santiago,2019,homicidios,Homicidios,2.0,casos policiales,insecurity_cead_delincuencia_chile,2026-05-29
13303,Tiltil,13,Región Metropolitana de Santiago,2020,homicidios,Homicidios,0.0,casos policiales,insecurity_cead_delincuencia_chile,2026-05-29
13303,Tiltil,13,Región Metropolitana de Santiago,2021,homicidios,Homicidios,1.0,casos policiales,insecurity_cead_delincuencia_chile,2026-05-29
13303,Tiltil,13,Región Metropolitana de Santiago,2022,homicidios,Homicidios,0.0,casos policiales,insecurity_cead_delincuencia_chile,2026-05-29
13303,Tiltil,13,Región Metropolitana de Santiago,2023,homicidios,Homicidios,0.0,casos policiales,insecurity_cead_delincuencia_chile,2026-05-29
13303,Tiltil,13,Región Metropolitana de Santiago,2024,homicidios,Homicidios,1.0,casos policiales,insecurity_cead_delincuencia_chile,2026-05-29
13303,Tiltil,13,Región Metropolitana de Santiago,2025,homicidios,Homicidios,1.0,casos policiales,insecurity_cead_delincuencia_chile,2026-05-29
13401,San Bernardo,13,Región Metropolitana de Santiago,2018,homicidios,Homicidios,19.0,casos policiales,insecurity_cead_delincuencia_chile,2026-05-29
13401,San Bernardo,13,Región Metropolitana de Santiago,2019,homicidios,Homicidios,15.0,casos policiales,insecurity_cead_delincuencia_chile,2026-05-29
13401,San Bernardo,13,Región Metropolitana de Santiago,2020,homicidios,Homicidios,26.0,casos policiales,insecurity_cead_delincuencia_chile,2026-05-29
13401,San Bernardo,13,Región Metropolitana de Santiago,2021,homicidios,Homicidios,10.0,casos policiales,insecurity_cead_delincuencia_chile,2026-05-29
13401,San Bernardo,13,Región Metropolitana de Santiago,2022,homicidios,Homicidios,20.0,casos policiales,insecurity_cead_delincuencia_chile,2026-05-29
13401,San Bernardo,13,Región Metropolitana de Santiago,2023,homicidios,Homicidios,28.0,casos policiales,insecurity_cead_delincuencia_chile,2026-05-29
13401,San Bernardo,13,Región Metropolitana de Santiago,2024,homicidios,Homicidios,24.0,casos policiales,insecurity_cead_delincuencia_chile,2026-05-29
13401,San Bernardo,13,Región Metropolitana de Santiago,2025,homicidios,Homicidios,22.0,casos policiales,insecurity_cead_delincuencia_chile,2026-05-29
13402,Buin,13,Región Metropolitana de Santiago,2018,homicidios,Homicidios,0.0,casos policiales,insecurity_cead_delincuencia_chile,2026-05-29
13402,Buin,13,Región Metropolitana de Santiago,2019,homicidios,Homicidios,3.0,casos policiales,insecurity_cead_delincuencia_chile,2026-05-29
13402,Buin,13,Región Metropolitana de Santiago,2020,homicidios,Homicidios,3.0,casos policiales,insecurity_cead_delincuencia_chile,2026-05-29
13402,Buin,13,Región Metropolitana de Santiago,2021,homicidios,Homicidios,0.0,casos policiales,insecurity_cead_delincuencia_chile,2026-05-29
13402,Buin,13,Región Metropolitana de Santiago,2022,homicidios,Homicidios,10.0,casos policiales,insecurity_cead_delincuencia_chile,2026-05-29
13402,Buin,13,Región Metropolitana de Santiago,2023,homicidios,Homicidios,7.0,casos policiales,insecurity_cead_delincuencia_chile,2026-05-29
13402,Buin,13,Región Metropolitana de Santiago,2024,homicidios,Homicidios,5.0,casos policiales,insecurity_cead_delincuencia_chile,2026-05-29
13402,Buin,13,Región Metropolitana de Santiago,2025,homicidios,Homicidios,6.0,casos policiales,insecurity_cead_delincuencia_chile,2026-05-29
13403,Calera de Tango,13,Región Metropolitana de Santiago,2018,homicidios,Homicidios,1.0,casos policiales,insecurity_cead_delincuencia_chile,2026-05-29
13403,Calera de Tango,13,Región Metropolitana de Santiago,2019,homicidios,Homicidios,0.0,casos policiales,insecurity_cead_delincuencia_chile,2026-05-29
13403,Calera de Tango,13,Región Metropolitana de Santiago,2020,homicidios,Homicidios,0.0,casos policiales,insecurity_cead_delincuencia_chile,2026-05-29
13403,Calera de Tango,13,Región Metropolitana de Santiago,2021,homicidios,Homicidios,0.0,casos policiales,insecurity_cead_delincuencia_chile,2026-05-29
13403,Calera de Tango,13,Región Metropolitana de Santiago,2022,homicidios,Homicidios,1.0,casos policiales,insecurity_cead_delincuencia_chile,2026-05-29
13403,Calera de Tango,13,Región Metropolitana de Santiago,2023,homicidios,Homicidios,2.0,casos policiales,insecurity_cead_delincuencia_chile,2026-05-29
13403,Calera de Tango,13,Región Metropolitana de Santiago,2024,homicidios,Homicidios,0.0,casos policiales,insecurity_cead_delincuencia_chile,2026-05-29
13403,Calera de Tango,13,Región Metropolitana de Santiago,2025,homicidios,Homicidios,0.0,casos policiales,insecurity_cead_delincuencia_chile,2026-05-29
13404,Paine,13,Región Metropolitana de Santiago,2018,homicidios,Homicidios,0.0,casos policiales,insecurity_cead_delincuencia_chile,2026-05-29
13404,Paine,13,Región Metropolitana de Santiago,2019,homicidios,Homicidios,5.0,casos policiales,insecurity_cead_delincuencia_chile,2026-05-29
13404,Paine,13,Región Metropolitana de Santiago,2020,homicidios,Homicidios,4.0,casos policiales,insecurity_cead_delincuencia_chile,2026-05-29
13404,Paine,13,Región Metropolitana de Santiago,2021,homicidios,Homicidios,2.0,casos policiales,insecurity_cead_delincuencia_chile,2026-05-29
13404,Paine,13,Región Metropolitana de Santiago,2022,homicidios,Homicidios,1.0,casos policiales,insecurity_cead_delincuencia_chile,2026-05-29
13404,Paine,13,Región Metropolitana de Santiago,2023,homicidios,Homicidios,0.0,casos policiales,insecurity_cead_delincuencia_chile,2026-05-29
13404,Paine,13,Región Metropolitana de Santiago,2024,homicidios,Homicidios,4.0,casos policiales,insecurity_cead_delincuencia_chile,2026-05-29
13404,Paine,13,Región Metropolitana de Santiago,2025,homicidios,Homicidios,4.0,casos policiales,insecurity_cead_delincuencia_chile,2026-05-29
13501,Melipilla,13,Región Metropolitana de Santiago,2018,homicidios,Homicidios,4.0,casos policiales,insecurity_cead_delincuencia_chile,2026-05-29
13501,Melipilla,13,Región Metropolitana de Santiago,2019,homicidios,Homicidios,10.0,casos policiales,insecurity_cead_delincuencia_chile,2026-05-29
13501,Melipilla,13,Región Metropolitana de Santiago,2020,homicidios,Homicidios,9.0,casos policiales,insecurity_cead_delincuencia_chile,2026-05-29
13501,Melipilla,13,Región Metropolitana de Santiago,2021,homicidios,Homicidios,7.0,casos policiales,insecurity_cead_delincuencia_chile,2026-05-29
13501,Melipilla,13,Región Metropolitana de Santiago,2022,homicidios,Homicidios,6.0,casos policiales,insecurity_cead_delincuencia_chile,2026-05-29
13501,Melipilla,13,Región Metropolitana de Santiago,2023,homicidios,Homicidios,14.0,casos policiales,insecurity_cead_delincuencia_chile,2026-05-29
13501,Melipilla,13,Región Metropolitana de Santiago,2024,homicidios,Homicidios,11.0,casos policiales,insecurity_cead_delincuencia_chile,2026-05-29
13501,Melipilla,13,Región Metropolitana de Santiago,2025,homicidios,Homicidios,9.0,casos policiales,insecurity_cead_delincuencia_chile,2026-05-29
13502,Alhué,13,Región Metropolitana de Santiago,2018,homicidios,Homicidios,0.0,casos policiales,insecurity_cead_delincuencia_chile,2026-05-29
13502,Alhué,13,Región Metropolitana de Santiago,2019,homicidios,Homicidios,0.0,casos policiales,insecurity_cead_delincuencia_chile,2026-05-29
13502,Alhué,13,Región Metropolitana de Santiago,2020,homicidios,Homicidios,0.0,casos policiales,insecurity_cead_delincuencia_chile,2026-05-29
13502,Alhué,13,Región Metropolitana de Santiago,2021,homicidios,Homicidios,0.0,casos policiales,insecurity_cead_delincuencia_chile,2026-05-29
13502,Alhué,13,Región Metropolitana de Santiago,2022,homicidios,Homicidios,0.0,casos policiales,insecurity_cead_delincuencia_chile,2026-05-29
13502,Alhué,13,Región Metropolitana de Santiago,2023,homicidios,Homicidios,0.0,casos policiales,insecurity_cead_delincuencia_chile,2026-05-29
13502,Alhué,13,Región Metropolitana de Santiago,2024,homicidios,Homicidios,0.0,casos policiales,insecurity_cead_delincuencia_chile,2026-05-29
13502,Alhué,13,Región Metropolitana de Santiago,2025,homicidios,Homicidios,0.0,casos policiales,insecurity_cead_delincuencia_chile,2026-05-29
13503,Curacaví,13,Región Metropolitana de Santiago,2018,homicidios,Homicidios,0.0,casos policiales,insecurity_cead_delincuencia_chile,2026-05-29
13503,Curacaví,13,Región Metropolitana de Santiago,2019,homicidios,Homicidios,1.0,casos policiales,insecurity_cead_delincuencia_chile,2026-05-29
13503,Curacaví,13,Región Metropolitana de Santiago,2020,homicidios,Homicidios,1.0,casos policiales,insecurity_cead_delincuencia_chile,2026-05-29
13503,Curacaví,13,Región Metropolitana de Santiago,2021,homicidios,Homicidios,0.0,casos policiales,insecurity_cead_delincuencia_chile,2026-05-29
13503,Curacaví,13,Región Metropolitana de Santiago,2022,homicidios,Homicidios,0.0,casos policiales,insecurity_cead_delincuencia_chile,2026-05-29
13503,Curacaví,13,Región Metropolitana de Santiago,2023,homicidios,Homicidios,2.0,casos policiales,insecurity_cead_delincuencia_chile,2026-05-29
13503,Curacaví,13,Región Metropolitana de Santiago,2024,homicidios,Homicidios,1.0,casos policiales,insecurity_cead_delincuencia_chile,2026-05-29
13503,Curacaví,13,Región Metropolitana de Santiago,2025,homicidios,Homicidios,2.0,casos policiales,insecurity_cead_delincuencia_chile,2026-05-29
13504,María Pinto,13,Región Metropolitana de Santiago,2018,homicidios,Homicidios,0.0,casos policiales,insecurity_cead_delincuencia_chile,2026-05-29
13504,María Pinto,13,Región Metropolitana de Santiago,2019,homicidios,Homicidios,0.0,casos policiales,insecurity_cead_delincuencia_chile,2026-05-29
13504,María Pinto,13,Región Metropolitana de Santiago,2020,homicidios,Homicidios,0.0,casos policiales,insecurity_cead_delincuencia_chile,2026-05-29
13504,María Pinto,13,Región Metropolitana de Santiago,2021,homicidios,Homicidios,0.0,casos policiales,insecurity_cead_delincuencia_chile,2026-05-29
13504,María Pinto,13,Región Metropolitana de Santiago,2022,homicidios,Homicidios,0.0,casos policiales,insecurity_cead_delincuencia_chile,2026-05-29
13504,María Pinto,13,Región Metropolitana de Santiago,2023,homicidios,Homicidios,0.0,casos policiales,insecurity_cead_delincuencia_chile,2026-05-29
13504,María Pinto,13,Región Metropolitana de Santiago,2024,homicidios,Homicidios,1.0,casos policiales,insecurity_cead_delincuencia_chile,2026-05-29
13504,María Pinto,13,Región Metropolitana de Santiago,2025,homicidios,Homicidios,1.0,casos policiales,insecurity_cead_delincuencia_chile,2026-05-29
13505,San Pedro,13,Región Metropolitana de Santiago,2018,homicidios,Homicidios,0.0,casos policiales,insecurity_cead_delincuencia_chile,2026-05-29
13505,San Pedro,13,Región Metropolitana de Santiago,2019,homicidios,Homicidios,0.0,casos policiales,insecurity_cead_delincuencia_chile,2026-05-29
13505,San Pedro,13,Región Metropolitana de Santiago,2020,homicidios,Homicidios,0.0,casos policiales,insecurity_cead_delincuencia_chile,2026-05-29
13505,San Pedro,13,Región Metropolitana de Santiago,2021,homicidios,Homicidios,0.0,casos policiales,insecurity_cead_delincuencia_chile,2026-05-29
13505,San Pedro,13,Región Metropolitana de Santiago,2022,homicidios,Homicidios,0.0,casos policiales,insecurity_cead_delincuencia_chile,2026-05-29
13505,San Pedro,13,Región Metropolitana de Santiago,2023,homicidios,Homicidios,0.0,casos policiales,insecurity_cead_delincuencia_chile,2026-05-29
13505,San Pedro,13,Región Metropolitana de Santiago,2024,homicidios,Homicidios,0.0,casos policiales,insecurity_cead_delincuencia_chile,2026-05-29
13505,San Pedro,13,Región Metropolitana de Santiago,2025,homicidios,Homicidios,1.0,casos policiales,insecurity_cead_delincuencia_chile,2026-05-29
13601,Talagante,13,Región Metropolitana de Santiago,2018,homicidios,Homicidios,1.0,casos policiales,insecurity_cead_delincuencia_chile,2026-05-29
13601,Talagante,13,Región Metropolitana de Santiago,2019,homicidios,Homicidios,1.0,casos policiales,insecurity_cead_delincuencia_chile,2026-05-29
13601,Talagante,13,Región Metropolitana de Santiago,2020,homicidios,Homicidios,0.0,casos policiales,insecurity_cead_delincuencia_chile,2026-05-29
13601,Talagante,13,Región Metropolitana de Santiago,2021,homicidios,Homicidios,5.0,casos policiales,insecurity_cead_delincuencia_chile,2026-05-29
13601,Talagante,13,Región Metropolitana de Santiago,2022,homicidios,Homicidios,0.0,casos policiales,insecurity_cead_delincuencia_chile,2026-05-29
13601,Talagante,13,Región Metropolitana de Santiago,2023,homicidios,Homicidios,4.0,casos policiales,insecurity_cead_delincuencia_chile,2026-05-29
13601,Talagante,13,Región Metropolitana de Santiago,2024,homicidios,Homicidios,11.0,casos policiales,insecurity_cead_delincuencia_chile,2026-05-29
13601,Talagante,13,Región Metropolitana de Santiago,2025,homicidios,Homicidios,2.0,casos policiales,insecurity_cead_delincuencia_chile,2026-05-29
13602,El Monte,13,Región Metropolitana de Santiago,2018,homicidios,Homicidios,1.0,casos policiales,insecurity_cead_delincuencia_chile,2026-05-29
13602,El Monte,13,Región Metropolitana de Santiago,2019,homicidios,Homicidios,4.0,casos policiales,insecurity_cead_delincuencia_chile,2026-05-29
13602,El Monte,13,Región Metropolitana de Santiago,2020,homicidios,Homicidios,2.0,casos policiales,insecurity_cead_delincuencia_chile,2026-05-29
13602,El Monte,13,Región Metropolitana de Santiago,2021,homicidios,Homicidios,1.0,casos policiales,insecurity_cead_delincuencia_chile,2026-05-29
13602,El Monte,13,Región Metropolitana de Santiago,2022,homicidios,Homicidios,3.0,casos policiales,insecurity_cead_delincuencia_chile,2026-05-29
13602,El Monte,13,Región Metropolitana de Santiago,2023,homicidios,Homicidios,2.0,casos policiales,insecurity_cead_delincuencia_chile,2026-05-29
13602,El Monte,13,Región Metropolitana de Santiago,2024,homicidios,Homicidios,4.0,casos policiales,insecurity_cead_delincuencia_chile,2026-05-29
13602,El Monte,13,Región Metropolitana de Santiago,2025,homicidios,Homicidios,2.0,casos policiales,insecurity_cead_delincuencia_chile,2026-05-29
13603,Isla de Maipo,13,Región Metropolitana de Santiago,2018,homicidios,Homicidios,0.0,casos policiales,insecurity_cead_delincuencia_chile,2026-05-29
13603,Isla de Maipo,13,Región Metropolitana de Santiago,2019,homicidios,Homicidios,0.0,casos policiales,insecurity_cead_delincuencia_chile,2026-05-29
13603,Isla de Maipo,13,Región Metropolitana de Santiago,2020,homicidios,Homicidios,0.0,casos policiales,insecurity_cead_delincuencia_chile,2026-05-29
13603,Isla de Maipo,13,Región Metropolitana de Santiago,2021,homicidios,Homicidios,0.0,casos policiales,insecurity_cead_delincuencia_chile,2026-05-29
13603,Isla de Maipo,13,Región Metropolitana de Santiago,2022,homicidios,Homicidios,3.0,casos policiales,insecurity_cead_delincuencia_chile,2026-05-29
13603,Isla de Maipo,13,Región Metropolitana de Santiago,2023,homicidios,Homicidios,0.0,casos policiales,insecurity_cead_delincuencia_chile,2026-05-29
13603,Isla de Maipo,13,Región Metropolitana de Santiago,2024,homicidios,Homicidios,0.0,casos policiales,insecurity_cead_delincuencia_chile,2026-05-29
13603,Isla de Maipo,13,Región Metropolitana de Santiago,2025,homicidios,Homicidios,2.0,casos policiales,insecurity_cead_delincuencia_chile,2026-05-29
13604,Padre Hurtado,13,Región Metropolitana de Santiago,2018,homicidios,Homicidios,3.0,casos policiales,insecurity_cead_delincuencia_chile,2026-05-29
13604,Padre Hurtado,13,Región Metropolitana de Santiago,2019,homicidios,Homicidios,2.0,casos policiales,insecurity_cead_delincuencia_chile,2026-05-29
13604,Padre Hurtado,13,Región Metropolitana de Santiago,2020,homicidios,Homicidios,2.0,casos policiales,insecurity_cead_delincuencia_chile,2026-05-29
13604,Padre Hurtado,13,Región Metropolitana de Santiago,2021,homicidios,Homicidios,1.0,casos policiales,insecurity_cead_delincuencia_chile,2026-05-29
13604,Padre Hurtado,13,Región Metropolitana de Santiago,2022,homicidios,Homicidios,5.0,casos policiales,insecurity_cead_delincuencia_chile,2026-05-29
13604,Padre Hurtado,13,Región Metropolitana de Santiago,2023,homicidios,Homicidios,2.0,casos policiales,insecurity_cead_delincuencia_chile,2026-05-29
13604,Padre Hurtado,13,Región Metropolitana de Santiago,2024,homicidios,Homicidios,1.0,casos policiales,insecurity_cead_delincuencia_chile,2026-05-29
13604,Padre Hurtado,13,Región Metropolitana de Santiago,2025,homicidios,Homicidios,0.0,casos policiales,insecurity_cead_delincuencia_chile,2026-05-29
13605,Peñaflor,13,Región Metropolitana de Santiago,2018,homicidios,Homicidios,0.0,casos policiales,insecurity_cead_delincuencia_chile,2026-05-29
13605,Peñaflor,13,Región Metropolitana de Santiago,2019,homicidios,Homicidios,1.0,casos policiales,insecurity_cead_delincuencia_chile,2026-05-29
13605,Peñaflor,13,Región Metropolitana de Santiago,2020,homicidios,Homicidios,6.0,casos policiales,insecurity_cead_delincuencia_chile,2026-05-29
13605,Peñaflor,13,Región Metropolitana de Santiago,2021,homicidios,Homicidios,3.0,casos policiales,insecurity_cead_delincuencia_chile,2026-05-29
13605,Peñaflor,13,Región Metropolitana de Santiago,2022,homicidios,Homicidios,3.0,casos policiales,insecurity_cead_delincuencia_chile,2026-05-29
13605,Peñaflor,13,Región Metropolitana de Santiago,2023,homicidios,Homicidios,3.0,casos policiales,insecurity_cead_delincuencia_chile,2026-05-29
13605,Peñaflor,13,Región Metropolitana de Santiago,2024,homicidios,Homicidios,3.0,casos policiales,insecurity_cead_delincuencia_chile,2026-05-29
13605,Peñaflor,13,Región Metropolitana de Santiago,2025,homicidios,Homicidios,3.0,casos policiales,insecurity_cead_delincuencia_chile,2026-05-29
13101,Santiago,13,Región Metropolitana de Santiago,2002,poblacion_total,Población total,224989.0,personas,population_communal_annual,2026-05-29
13101,Santiago,13,Región Metropolitana de Santiago,2003,poblacion_total,Población total,237129.0,personas,population_communal_annual,2026-05-29
13101,Santiago,13,Región Metropolitana de Santiago,2004,poblacion_total,Población total,250125.0,personas,population_communal_annual,2026-05-29
13101,Santiago,13,Región Metropolitana de Santiago,2005,poblacion_total,Población total,263090.0,personas,population_communal_annual,2026-05-29
13101,Santiago,13,Región Metropolitana de Santiago,2006,poblacion_total,Población total,276552.0,personas,population_communal_annual,2026-05-29
13101,Santiago,13,Región Metropolitana de Santiago,2007,poblacion_total,Población total,290228.0,personas,population_communal_annual,2026-05-29
13101,Santiago,13,Región Metropolitana de Santiago,2008,poblacion_total,Población total,304340.0,personas,population_communal_annual,2026-05-29
13101,Santiago,13,Región Metropolitana de Santiago,2009,poblacion_total,Población total,318048.0,personas,population_communal_annual,2026-05-29
13101,Santiago,13,Región Metropolitana de Santiago,2010,poblacion_total,Población total,331459.0,personas,population_communal_annual,2026-05-29
13101,Santiago,13,Región Metropolitana de Santiago,2011,poblacion_total,Población total,346099.0,personas,population_communal_annual,2026-05-29
13101,Santiago,13,Región Metropolitana de Santiago,2012,poblacion_total,Población total,361135.0,personas,population_communal_annual,2026-05-29
13101,Santiago,13,Región Metropolitana de Santiago,2013,poblacion_total,Población total,373109.0,personas,population_communal_annual,2026-05-29
13101,Santiago,13,Región Metropolitana de Santiago,2014,poblacion_total,Población total,385980.0,personas,population_communal_annual,2026-05-29
13101,Santiago,13,Región Metropolitana de Santiago,2015,poblacion_total,Población total,399928.0,personas,population_communal_annual,2026-05-29
13101,Santiago,13,Región Metropolitana de Santiago,2016,poblacion_total,Población total,417125.0,personas,population_communal_annual,2026-05-29
13101,Santiago,13,Región Metropolitana de Santiago,2017,poblacion_total,Población total,446490.0,personas,population_communal_annual,2026-05-29
13101,Santiago,13,Región Metropolitana de Santiago,2018,poblacion_total,Población total,467865.0,personas,population_communal_annual,2026-05-29
13101,Santiago,13,Región Metropolitana de Santiago,2019,poblacion_total,Población total,486838.0,personas,population_communal_annual,2026-05-29
13101,Santiago,13,Región Metropolitana de Santiago,2020,poblacion_total,Población total,503147.0,personas,population_communal_annual,2026-05-29
13101,Santiago,13,Región Metropolitana de Santiago,2021,poblacion_total,Población total,517280.0,personas,population_communal_annual,2026-05-29
13101,Santiago,13,Región Metropolitana de Santiago,2022,poblacion_total,Población total,527014.0,personas,population_communal_annual,2026-05-29
13101,Santiago,13,Región Metropolitana de Santiago,2023,poblacion_total,Población total,536089.0,personas,population_communal_annual,2026-05-29
13101,Santiago,13,Región Metropolitana de Santiago,2024,poblacion_total,Población total,544388.0,personas,population_communal_annual,2026-05-29
13101,Santiago,13,Región Metropolitana de Santiago,2025,poblacion_total,Población total,552151.0,personas,population_communal_annual,2026-05-29
13101,Santiago,13,Región Metropolitana de Santiago,2026,poblacion_total,Población total,559385.0,personas,population_communal_annual,2026-05-29
13101,Santiago,13,Región Metropolitana de Santiago,2027,poblacion_total,Población total,566053.0,personas,population_communal_annual,2026-05-29
13101,Santiago,13,Región Metropolitana de Santiago,2028,poblacion_total,Población total,572115.0,personas,population_communal_annual,2026-05-29
13101,Santiago,13,Región Metropolitana de Santiago,2029,poblacion_total,Población total,577513.0,personas,population_communal_annual,2026-05-29
13101,Santiago,13,Región Metropolitana de Santiago,2030,poblacion_total,Población total,582224.0,personas,population_communal_annual,2026-05-29
13101,Santiago,13,Región Metropolitana de Santiago,2031,poblacion_total,Población total,586308.0,personas,population_communal_annual,2026-05-29
13101,Santiago,13,Región Metropolitana de Santiago,2032,poblacion_total,Población total,589722.0,personas,population_communal_annual,2026-05-29
13101,Santiago,13,Región Metropolitana de Santiago,2033,poblacion_total,Población total,592419.0,personas,population_communal_annual,2026-05-29
13101,Santiago,13,Región Metropolitana de Santiago,2034,poblacion_total,Población total,594385.0,personas,population_communal_annual,2026-05-29
13101,Santiago,13,Región Metropolitana de Santiago,2035,poblacion_total,Población total,595600.0,personas,population_communal_annual,2026-05-29
13102,Cerrillos,13,Región Metropolitana de Santiago,2002,poblacion_total,Población total,74062.0,personas,population_communal_annual,2026-05-29
13102,Cerrillos,13,Región Metropolitana de Santiago,2003,poblacion_total,Población total,75151.0,personas,population_communal_annual,2026-05-29
13102,Cerrillos,13,Región Metropolitana de Santiago,2004,poblacion_total,Población total,76079.0,personas,population_communal_annual,2026-05-29
13102,Cerrillos,13,Región Metropolitana de Santiago,2005,poblacion_total,Población total,76893.0,personas,population_communal_annual,2026-05-29
13102,Cerrillos,13,Región Metropolitana de Santiago,2006,poblacion_total,Población total,77658.0,personas,population_communal_annual,2026-05-29
13102,Cerrillos,13,Región Metropolitana de Santiago,2007,poblacion_total,Población total,78400.0,personas,population_communal_annual,2026-05-29
13102,Cerrillos,13,Región Metropolitana de Santiago,2008,poblacion_total,Población total,79142.0,personas,population_communal_annual,2026-05-29
13102,Cerrillos,13,Región Metropolitana de Santiago,2009,poblacion_total,Población total,79850.0,personas,population_communal_annual,2026-05-29
13102,Cerrillos,13,Región Metropolitana de Santiago,2010,poblacion_total,Población total,80518.0,personas,population_communal_annual,2026-05-29
13102,Cerrillos,13,Región Metropolitana de Santiago,2011,poblacion_total,Población total,81184.0,personas,population_communal_annual,2026-05-29
13102,Cerrillos,13,Región Metropolitana de Santiago,2012,poblacion_total,Población total,81826.0,personas,population_communal_annual,2026-05-29
13102,Cerrillos,13,Región Metropolitana de Santiago,2013,poblacion_total,Población total,82325.0,personas,population_communal_annual,2026-05-29
13102,Cerrillos,13,Región Metropolitana de Santiago,2014,poblacion_total,Población total,82841.0,personas,population_communal_annual,2026-05-29
13102,Cerrillos,13,Región Metropolitana de Santiago,2015,poblacion_total,Población total,83394.0,personas,population_communal_annual,2026-05-29
13102,Cerrillos,13,Región Metropolitana de Santiago,2016,poblacion_total,Población total,84024.0,personas,population_communal_annual,2026-05-29
13102,Cerrillos,13,Región Metropolitana de Santiago,2017,poblacion_total,Población total,85026.0,personas,population_communal_annual,2026-05-29
13102,Cerrillos,13,Región Metropolitana de Santiago,2018,poblacion_total,Población total,86451.0,personas,population_communal_annual,2026-05-29
13102,Cerrillos,13,Región Metropolitana de Santiago,2019,poblacion_total,Población total,88016.0,personas,population_communal_annual,2026-05-29
13102,Cerrillos,13,Región Metropolitana de Santiago,2020,poblacion_total,Población total,88956.0,personas,population_communal_annual,2026-05-29
13102,Cerrillos,13,Región Metropolitana de Santiago,2021,poblacion_total,Población total,89520.0,personas,population_communal_annual,2026-05-29
13102,Cerrillos,13,Región Metropolitana de Santiago,2022,poblacion_total,Población total,89858.0,personas,population_communal_annual,2026-05-29
13102,Cerrillos,13,Región Metropolitana de Santiago,2023,poblacion_total,Población total,90060.0,personas,population_communal_annual,2026-05-29
13102,Cerrillos,13,Región Metropolitana de Santiago,2024,poblacion_total,Población total,90182.0,personas,population_communal_annual,2026-05-29
13102,Cerrillos,13,Región Metropolitana de Santiago,2025,poblacion_total,Población total,90268.0,personas,population_communal_annual,2026-05-29
13102,Cerrillos,13,Región Metropolitana de Santiago,2026,poblacion_total,Población total,90328.0,personas,population_communal_annual,2026-05-29
13102,Cerrillos,13,Región Metropolitana de Santiago,2027,poblacion_total,Población total,90368.0,personas,population_communal_annual,2026-05-29
13102,Cerrillos,13,Región Metropolitana de Santiago,2028,poblacion_total,Población total,90398.0,personas,population_communal_annual,2026-05-29
13102,Cerrillos,13,Región Metropolitana de Santiago,2029,poblacion_total,Población total,90422.0,personas,population_communal_annual,2026-05-29
13102,Cerrillos,13,Región Metropolitana de Santiago,2030,poblacion_total,Población total,90440.0,personas,population_communal_annual,2026-05-29
13102,Cerrillos,13,Región Metropolitana de Santiago,2031,poblacion_total,Población total,90456.0,personas,population_communal_annual,2026-05-29
13102,Cerrillos,13,Región Metropolitana de Santiago,2032,poblacion_total,Población total,90468.0,personas,population_communal_annual,2026-05-29
13102,Cerrillos,13,Región Metropolitana de Santiago,2033,poblacion_total,Población total,90480.0,personas,population_communal_annual,2026-05-29
13102,Cerrillos,13,Región Metropolitana de Santiago,2034,poblacion_total,Población total,90492.0,personas,population_communal_annual,2026-05-29
13102,Cerrillos,13,Región Metropolitana de Santiago,2035,poblacion_total,Población total,90502.0,personas,population_communal_annual,2026-05-29
13103,Cerro Navia,13,Región Metropolitana de Santiago,2002,poblacion_total,Población total,152819.0,personas,population_communal_annual,2026-05-29
13103,Cerro Navia,13,Región Metropolitana de Santiago,2003,poblacion_total,Población total,152264.0,personas,population_communal_annual,2026-05-29
13103,Cerro Navia,13,Región Metropolitana de Santiago,2004,poblacion_total,Población total,151422.0,personas,population_communal_annual,2026-05-29
13103,Cerro Navia,13,Región Metropolitana de Santiago,2005,poblacion_total,Población total,150406.0,personas,population_communal_annual,2026-05-29
13103,Cerro Navia,13,Región Metropolitana de Santiago,2006,poblacion_total,Población total,149347.0,personas,population_communal_annual,2026-05-29
13103,Cerro Navia,13,Región Metropolitana de Santiago,2007,poblacion_total,Población total,148305.0,personas,population_communal_annual,2026-05-29
13103,Cerro Navia,13,Región Metropolitana de Santiago,2008,poblacion_total,Población total,147316.0,personas,population_communal_annual,2026-05-29
13103,Cerro Navia,13,Región Metropolitana de Santiago,2009,poblacion_total,Población total,146323.0,personas,population_communal_annual,2026-05-29
13103,Cerro Navia,13,Región Metropolitana de Santiago,2010,poblacion_total,Población total,145320.0,personas,population_communal_annual,2026-05-29
13103,Cerro Navia,13,Región Metropolitana de Santiago,2011,poblacion_total,Población total,144364.0,personas,population_communal_annual,2026-05-29
13103,Cerro Navia,13,Región Metropolitana de Santiago,2012,poblacion_total,Población total,143425.0,personas,population_communal_annual,2026-05-29
13103,Cerro Navia,13,Región Metropolitana de Santiago,2013,poblacion_total,Población total,142302.0,personas,population_communal_annual,2026-05-29
13103,Cerro Navia,13,Región Metropolitana de Santiago,2014,poblacion_total,Población total,141268.0,personas,population_communal_annual,2026-05-29
13103,Cerro Navia,13,Región Metropolitana de Santiago,2015,poblacion_total,Población total,140355.0,personas,population_communal_annual,2026-05-29
13103,Cerro Navia,13,Región Metropolitana de Santiago,2016,poblacion_total,Población total,139635.0,personas,population_communal_annual,2026-05-29
13103,Cerro Navia,13,Región Metropolitana de Santiago,2017,poblacion_total,Población total,139604.0,personas,population_communal_annual,2026-05-29
13103,Cerro Navia,13,Región Metropolitana de Santiago,2018,poblacion_total,Población total,140355.0,personas,population_communal_annual,2026-05-29
13103,Cerro Navia,13,Región Metropolitana de Santiago,2019,poblacion_total,Población total,141402.0,personas,population_communal_annual,2026-05-29
13103,Cerro Navia,13,Región Metropolitana de Santiago,2020,poblacion_total,Población total,142465.0,personas,population_communal_annual,2026-05-29
13103,Cerro Navia,13,Región Metropolitana de Santiago,2021,poblacion_total,Población total,142304.0,personas,population_communal_annual,2026-05-29
13103,Cerro Navia,13,Región Metropolitana de Santiago,2022,poblacion_total,Población total,141507.0,personas,population_communal_annual,2026-05-29
13103,Cerro Navia,13,Región Metropolitana de Santiago,2023,poblacion_total,Población total,140581.0,personas,population_communal_annual,2026-05-29
13103,Cerro Navia,13,Región Metropolitana de Santiago,2024,poblacion_total,Población total,139632.0,personas,population_communal_annual,2026-05-29
13103,Cerro Navia,13,Región Metropolitana de Santiago,2025,poblacion_total,Población total,138677.0,personas,population_communal_annual,2026-05-29
13103,Cerro Navia,13,Región Metropolitana de Santiago,2026,poblacion_total,Población total,137719.0,personas,population_communal_annual,2026-05-29
13103,Cerro Navia,13,Región Metropolitana de Santiago,2027,poblacion_total,Población total,136756.0,personas,population_communal_annual,2026-05-29
13103,Cerro Navia,13,Región Metropolitana de Santiago,2028,poblacion_total,Población total,135785.0,personas,population_communal_annual,2026-05-29
13103,Cerro Navia,13,Región Metropolitana de Santiago,2029,poblacion_total,Población total,134804.0,personas,population_communal_annual,2026-05-29
13103,Cerro Navia,13,Región Metropolitana de Santiago,2030,poblacion_total,Población total,133812.0,personas,population_communal_annual,2026-05-29
13103,Cerro Navia,13,Región Metropolitana de Santiago,2031,poblacion_total,Población total,132817.0,personas,population_communal_annual,2026-05-29
13103,Cerro Navia,13,Región Metropolitana de Santiago,2032,poblacion_total,Población total,131812.0,personas,population_communal_annual,2026-05-29
13103,Cerro Navia,13,Región Metropolitana de Santiago,2033,poblacion_total,Población total,130797.0,personas,population_communal_annual,2026-05-29
13103,Cerro Navia,13,Región Metropolitana de Santiago,2034,poblacion_total,Población total,129770.0,personas,population_communal_annual,2026-05-29
13103,Cerro Navia,13,Región Metropolitana de Santiago,2035,poblacion_total,Población total,128732.0,personas,population_communal_annual,2026-05-29
13104,Conchalí,13,Región Metropolitana de Santiago,2002,poblacion_total,Población total,143537.0,personas,population_communal_annual,2026-05-29
13104,Conchalí,13,Región Metropolitana de Santiago,2003,poblacion_total,Población total,143198.0,personas,population_communal_annual,2026-05-29
13104,Conchalí,13,Región Metropolitana de Santiago,2004,poblacion_total,Población total,142585.0,personas,population_communal_annual,2026-05-29
13104,Conchalí,13,Región Metropolitana de Santiago,2005,poblacion_total,Población total,141784.0,personas,population_communal_annual,2026-05-29
13104,Conchalí,13,Región Metropolitana de Santiago,2006,poblacion_total,Población total,140942.0,personas,population_communal_annual,2026-05-29
13104,Conchalí,13,Región Metropolitana de Santiago,2007,poblacion_total,Población total,140102.0,personas,population_communal_annual,2026-05-29
13104,Conchalí,13,Región Metropolitana de Santiago,2008,poblacion_total,Población total,139309.0,personas,population_communal_annual,2026-05-29
13104,Conchalí,13,Región Metropolitana de Santiago,2009,poblacion_total,Población total,138486.0,personas,population_communal_annual,2026-05-29
13104,Conchalí,13,Región Metropolitana de Santiago,2010,poblacion_total,Población total,137632.0,personas,population_communal_annual,2026-05-29
13104,Conchalí,13,Región Metropolitana de Santiago,2011,poblacion_total,Población total,136856.0,personas,population_communal_annual,2026-05-29
13104,Conchalí,13,Región Metropolitana de Santiago,2012,poblacion_total,Población total,136102.0,personas,population_communal_annual,2026-05-29
13104,Conchalí,13,Región Metropolitana de Santiago,2013,poblacion_total,Población total,135077.0,personas,population_communal_annual,2026-05-29
13104,Conchalí,13,Región Metropolitana de Santiago,2014,poblacion_total,Población total,134157.0,personas,population_communal_annual,2026-05-29
13104,Conchalí,13,Región Metropolitana de Santiago,2015,poblacion_total,Población total,133379.0,personas,population_communal_annual,2026-05-29
13104,Conchalí,13,Región Metropolitana de Santiago,2016,poblacion_total,Población total,132883.0,personas,population_communal_annual,2026-05-29
13104,Conchalí,13,Región Metropolitana de Santiago,2017,poblacion_total,Población total,133420.0,personas,population_communal_annual,2026-05-29
13104,Conchalí,13,Región Metropolitana de Santiago,2018,poblacion_total,Población total,135099.0,personas,population_communal_annual,2026-05-29
13104,Conchalí,13,Región Metropolitana de Santiago,2019,poblacion_total,Población total,137162.0,personas,population_communal_annual,2026-05-29
13104,Conchalí,13,Región Metropolitana de Santiago,2020,poblacion_total,Población total,139195.0,personas,population_communal_annual,2026-05-29
13104,Conchalí,13,Región Metropolitana de Santiago,2021,poblacion_total,Población total,139394.0,personas,population_communal_annual,2026-05-29
13104,Conchalí,13,Región Metropolitana de Santiago,2022,poblacion_total,Población total,138638.0,personas,population_communal_annual,2026-05-29
13104,Conchalí,13,Región Metropolitana de Santiago,2023,poblacion_total,Población total,137678.0,personas,population_communal_annual,2026-05-29
13104,Conchalí,13,Región Metropolitana de Santiago,2024,poblacion_total,Población total,136674.0,personas,population_communal_annual,2026-05-29
13104,Conchalí,13,Región Metropolitana de Santiago,2025,poblacion_total,Población total,135654.0,personas,population_communal_annual,2026-05-29
13104,Conchalí,13,Región Metropolitana de Santiago,2026,poblacion_total,Población total,134625.0,personas,population_communal_annual,2026-05-29
13104,Conchalí,13,Región Metropolitana de Santiago,2027,poblacion_total,Población total,133588.0,personas,population_communal_annual,2026-05-29
13104,Conchalí,13,Región Metropolitana de Santiago,2028,poblacion_total,Población total,132538.0,personas,population_communal_annual,2026-05-29
13104,Conchalí,13,Región Metropolitana de Santiago,2029,poblacion_total,Población total,131477.0,personas,population_communal_annual,2026-05-29
13104,Conchalí,13,Región Metropolitana de Santiago,2030,poblacion_total,Población total,130403.0,personas,population_communal_annual,2026-05-29
13104,Conchalí,13,Región Metropolitana de Santiago,2031,poblacion_total,Población total,129321.0,personas,population_communal_annual,2026-05-29
13104,Conchalí,13,Región Metropolitana de Santiago,2032,poblacion_total,Población total,128231.0,personas,population_communal_annual,2026-05-29
13104,Conchalí,13,Región Metropolitana de Santiago,2033,poblacion_total,Población total,127131.0,personas,population_communal_annual,2026-05-29
13104,Conchalí,13,Región Metropolitana de Santiago,2034,poblacion_total,Población total,126019.0,personas,population_communal_annual,2026-05-29
13104,Conchalí,13,Región Metropolitana de Santiago,2035,poblacion_total,Población total,124895.0,personas,population_communal_annual,2026-05-29
13105,El Bosque,13,Región Metropolitana de Santiago,2002,poblacion_total,Población total,180585.0,personas,population_communal_annual,2026-05-29
13105,El Bosque,13,Región Metropolitana de Santiago,2003,poblacion_total,Población total,180456.0,personas,population_communal_annual,2026-05-29
13105,El Bosque,13,Región Metropolitana de Santiago,2004,poblacion_total,Población total,179966.0,personas,population_communal_annual,2026-05-29
13105,El Bosque,13,Región Metropolitana de Santiago,2005,poblacion_total,Población total,179264.0,personas,population_communal_annual,2026-05-29
13105,El Bosque,13,Región Metropolitana de Santiago,2006,poblacion_total,Población total,178492.0,personas,population_communal_annual,2026-05-29
13105,El Bosque,13,Región Metropolitana de Santiago,2007,poblacion_total,Población total,177725.0,personas,population_communal_annual,2026-05-29
13105,El Bosque,13,Región Metropolitana de Santiago,2008,poblacion_total,Población total,177002.0,personas,population_communal_annual,2026-05-29
13105,El Bosque,13,Región Metropolitana de Santiago,2009,poblacion_total,Población total,176282.0,personas,population_communal_annual,2026-05-29
13105,El Bosque,13,Región Metropolitana de Santiago,2010,poblacion_total,Población total,175546.0,personas,population_communal_annual,2026-05-29
13105,El Bosque,13,Región Metropolitana de Santiago,2011,poblacion_total,Población total,174811.0,personas,population_communal_annual,2026-05-29
13105,El Bosque,13,Región Metropolitana de Santiago,2012,poblacion_total,Población total,174065.0,personas,population_communal_annual,2026-05-29
13105,El Bosque,13,Región Metropolitana de Santiago,2013,poblacion_total,Población total,173188.0,personas,population_communal_annual,2026-05-29
13105,El Bosque,13,Región Metropolitana de Santiago,2014,poblacion_total,Población total,172371.0,personas,population_communal_annual,2026-05-29
13105,El Bosque,13,Región Metropolitana de Santiago,2015,poblacion_total,Población total,171654.0,personas,population_communal_annual,2026-05-29
13105,El Bosque,13,Región Metropolitana de Santiago,2016,poblacion_total,Población total,171035.0,personas,population_communal_annual,2026-05-29
13105,El Bosque,13,Región Metropolitana de Santiago,2017,poblacion_total,Población total,170801.0,personas,population_communal_annual,2026-05-29
13105,El Bosque,13,Región Metropolitana de Santiago,2018,poblacion_total,Población total,171032.0,personas,population_communal_annual,2026-05-29
13105,El Bosque,13,Región Metropolitana de Santiago,2019,poblacion_total,Población total,171487.0,personas,population_communal_annual,2026-05-29
13105,El Bosque,13,Región Metropolitana de Santiago,2020,poblacion_total,Población total,172000.0,personas,population_communal_annual,2026-05-29
13105,El Bosque,13,Región Metropolitana de Santiago,2021,poblacion_total,Población total,171789.0,personas,population_communal_annual,2026-05-29
13105,El Bosque,13,Región Metropolitana de Santiago,2022,poblacion_total,Población total,171201.0,personas,population_communal_annual,2026-05-29
13105,El Bosque,13,Región Metropolitana de Santiago,2023,poblacion_total,Población total,170536.0,personas,population_communal_annual,2026-05-29
13105,El Bosque,13,Región Metropolitana de Santiago,2024,poblacion_total,Población total,169855.0,personas,population_communal_annual,2026-05-29
13105,El Bosque,13,Región Metropolitana de Santiago,2025,poblacion_total,Población total,169168.0,personas,population_communal_annual,2026-05-29
13105,El Bosque,13,Región Metropolitana de Santiago,2026,poblacion_total,Población total,168473.0,personas,population_communal_annual,2026-05-29
13105,El Bosque,13,Región Metropolitana de Santiago,2027,poblacion_total,Población total,167765.0,personas,population_communal_annual,2026-05-29
13105,El Bosque,13,Región Metropolitana de Santiago,2028,poblacion_total,Población total,167040.0,personas,population_communal_annual,2026-05-29
13105,El Bosque,13,Región Metropolitana de Santiago,2029,poblacion_total,Población total,166294.0,personas,population_communal_annual,2026-05-29
13105,El Bosque,13,Región Metropolitana de Santiago,2030,poblacion_total,Población total,165528.0,personas,population_communal_annual,2026-05-29
13105,El Bosque,13,Región Metropolitana de Santiago,2031,poblacion_total,Población total,164747.0,personas,population_communal_annual,2026-05-29
13105,El Bosque,13,Región Metropolitana de Santiago,2032,poblacion_total,Población total,163948.0,personas,population_communal_annual,2026-05-29
13105,El Bosque,13,Región Metropolitana de Santiago,2033,poblacion_total,Población total,163126.0,personas,population_communal_annual,2026-05-29
13105,El Bosque,13,Región Metropolitana de Santiago,2034,poblacion_total,Población total,162280.0,personas,population_communal_annual,2026-05-29
13105,El Bosque,13,Región Metropolitana de Santiago,2035,poblacion_total,Población total,161410.0,personas,population_communal_annual,2026-05-29
13106,Estación Central,13,Región Metropolitana de Santiago,2002,poblacion_total,Población total,131745.0,personas,population_communal_annual,2026-05-29
13106,Estación Central,13,Región Metropolitana de Santiago,2003,poblacion_total,Población total,125248.0,personas,population_communal_annual,2026-05-29
13106,Estación Central,13,Región Metropolitana de Santiago,2004,poblacion_total,Población total,122904.0,personas,population_communal_annual,2026-05-29
13106,Estación Central,13,Región Metropolitana de Santiago,2005,poblacion_total,Población total,122312.0,personas,population_communal_annual,2026-05-29
13106,Estación Central,13,Región Metropolitana de Santiago,2006,poblacion_total,Población total,122752.0,personas,population_communal_annual,2026-05-29
13106,Estación Central,13,Región Metropolitana de Santiago,2007,poblacion_total,Población total,123797.0,personas,population_communal_annual,2026-05-29
13106,Estación Central,13,Región Metropolitana de Santiago,2008,poblacion_total,Población total,125302.0,personas,population_communal_annual,2026-05-29
13106,Estación Central,13,Región Metropolitana de Santiago,2009,poblacion_total,Población total,126979.0,personas,population_communal_annual,2026-05-29
13106,Estación Central,13,Región Metropolitana de Santiago,2010,poblacion_total,Población total,128782.0,personas,population_communal_annual,2026-05-29
13106,Estación Central,13,Región Metropolitana de Santiago,2011,poblacion_total,Población total,130966.0,personas,population_communal_annual,2026-05-29
13106,Estación Central,13,Región Metropolitana de Santiago,2012,poblacion_total,Población total,133345.0,personas,population_communal_annual,2026-05-29
13106,Estación Central,13,Región Metropolitana de Santiago,2013,poblacion_total,Población total,135199.0,personas,population_communal_annual,2026-05-29
13106,Estación Central,13,Región Metropolitana de Santiago,2014,poblacion_total,Población total,137338.0,personas,population_communal_annual,2026-05-29
13106,Estación Central,13,Región Metropolitana de Santiago,2015,poblacion_total,Población total,139800.0,personas,population_communal_annual,2026-05-29
13106,Estación Central,13,Región Metropolitana de Santiago,2016,poblacion_total,Población total,142994.0,personas,population_communal_annual,2026-05-29
13106,Estación Central,13,Región Metropolitana de Santiago,2017,poblacion_total,Población total,148730.0,personas,population_communal_annual,2026-05-29
13106,Estación Central,13,Región Metropolitana de Santiago,2018,poblacion_total,Población total,166174.0,personas,population_communal_annual,2026-05-29
13106,Estación Central,13,Región Metropolitana de Santiago,2019,poblacion_total,Población total,186426.0,personas,population_communal_annual,2026-05-29
13106,Estación Central,13,Región Metropolitana de Santiago,2020,poblacion_total,Población total,206792.0,personas,population_communal_annual,2026-05-29
13106,Estación Central,13,Región Metropolitana de Santiago,2021,poblacion_total,Población total,214470.0,personas,population_communal_annual,2026-05-29
13106,Estación Central,13,Región Metropolitana de Santiago,2022,poblacion_total,Población total,217664.0,personas,population_communal_annual,2026-05-29
13106,Estación Central,13,Región Metropolitana de Santiago,2023,poblacion_total,Población total,219897.0,personas,population_communal_annual,2026-05-29
13106,Estación Central,13,Región Metropolitana de Santiago,2024,poblacion_total,Población total,221901.0,personas,population_communal_annual,2026-05-29
13106,Estación Central,13,Región Metropolitana de Santiago,2025,poblacion_total,Población total,223849.0,personas,population_communal_annual,2026-05-29
13106,Estación Central,13,Región Metropolitana de Santiago,2026,poblacion_total,Población total,225754.0,personas,population_communal_annual,2026-05-29
13106,Estación Central,13,Región Metropolitana de Santiago,2027,poblacion_total,Población total,227616.0,personas,population_communal_annual,2026-05-29
13106,Estación Central,13,Región Metropolitana de Santiago,2028,poblacion_total,Población total,229433.0,personas,population_communal_annual,2026-05-29
13106,Estación Central,13,Región Metropolitana de Santiago,2029,poblacion_total,Población total,231202.0,personas,population_communal_annual,2026-05-29
13106,Estación Central,13,Región Metropolitana de Santiago,2030,poblacion_total,Población total,232919.0,personas,population_communal_annual,2026-05-29
13106,Estación Central,13,Región Metropolitana de Santiago,2031,poblacion_total,Población total,234593.0,personas,population_communal_annual,2026-05-29
13106,Estación Central,13,Región Metropolitana de Santiago,2032,poblacion_total,Población total,236217.0,personas,population_communal_annual,2026-05-29
13106,Estación Central,13,Región Metropolitana de Santiago,2033,poblacion_total,Población total,237790.0,personas,population_communal_annual,2026-05-29
13106,Estación Central,13,Región Metropolitana de Santiago,2034,poblacion_total,Población total,239309.0,personas,population_communal_annual,2026-05-29
13106,Estación Central,13,Región Metropolitana de Santiago,2035,poblacion_total,Población total,240772.0,personas,population_communal_annual,2026-05-29
13107,Huechuraba,13,Región Metropolitana de Santiago,2002,poblacion_total,Población total,76619.0,personas,population_communal_annual,2026-05-29
13107,Huechuraba,13,Región Metropolitana de Santiago,2003,poblacion_total,Población total,78781.0,personas,population_communal_annual,2026-05-29
13107,Huechuraba,13,Región Metropolitana de Santiago,2004,poblacion_total,Población total,80794.0,personas,population_communal_annual,2026-05-29
13107,Huechuraba,13,Región Metropolitana de Santiago,2005,poblacion_total,Población total,82692.0,personas,population_communal_annual,2026-05-29
13107,Huechuraba,13,Región Metropolitana de Santiago,2006,poblacion_total,Población total,84547.0,personas,population_communal_annual,2026-05-29
13107,Huechuraba,13,Región Metropolitana de Santiago,2007,poblacion_total,Población total,86382.0,personas,population_communal_annual,2026-05-29
13107,Huechuraba,13,Región Metropolitana de Santiago,2008,poblacion_total,Población total,88222.0,personas,population_communal_annual,2026-05-29
13107,Huechuraba,13,Región Metropolitana de Santiago,2009,poblacion_total,Población total,90023.0,personas,population_communal_annual,2026-05-29
13107,Huechuraba,13,Región Metropolitana de Santiago,2010,poblacion_total,Población total,91781.0,personas,population_communal_annual,2026-05-29
13107,Huechuraba,13,Región Metropolitana de Santiago,2011,poblacion_total,Población total,93543.0,personas,population_communal_annual,2026-05-29
13107,Huechuraba,13,Región Metropolitana de Santiago,2012,poblacion_total,Población total,95279.0,personas,population_communal_annual,2026-05-29
13107,Huechuraba,13,Región Metropolitana de Santiago,2013,poblacion_total,Población total,96837.0,personas,population_communal_annual,2026-05-29
13107,Huechuraba,13,Región Metropolitana de Santiago,2014,poblacion_total,Población total,98415.0,personas,population_communal_annual,2026-05-29
13107,Huechuraba,13,Región Metropolitana de Santiago,2015,poblacion_total,Población total,100039.0,personas,population_communal_annual,2026-05-29
13107,Huechuraba,13,Región Metropolitana de Santiago,2016,poblacion_total,Población total,101764.0,personas,population_communal_annual,2026-05-29
13107,Huechuraba,13,Región Metropolitana de Santiago,2017,poblacion_total,Población total,103962.0,personas,population_communal_annual,2026-05-29
13107,Huechuraba,13,Región Metropolitana de Santiago,2018,poblacion_total,Población total,106706.0,personas,population_communal_annual,2026-05-29
13107,Huechuraba,13,Región Metropolitana de Santiago,2019,poblacion_total,Población total,109630.0,personas,population_communal_annual,2026-05-29
13107,Huechuraba,13,Región Metropolitana de Santiago,2020,poblacion_total,Población total,112528.0,personas,population_communal_annual,2026-05-29
13107,Huechuraba,13,Región Metropolitana de Santiago,2021,poblacion_total,Población total,114453.0,personas,population_communal_annual,2026-05-29
13107,Huechuraba,13,Región Metropolitana de Santiago,2022,poblacion_total,Población total,115858.0,personas,population_communal_annual,2026-05-29
13107,Huechuraba,13,Región Metropolitana de Santiago,2023,poblacion_total,Población total,117121.0,personas,population_communal_annual,2026-05-29
13107,Huechuraba,13,Región Metropolitana de Santiago,2024,poblacion_total,Población total,118327.0,personas,population_communal_annual,2026-05-29
13107,Huechuraba,13,Región Metropolitana de Santiago,2025,poblacion_total,Población total,119487.0,personas,population_communal_annual,2026-05-29
13107,Huechuraba,13,Región Metropolitana de Santiago,2026,poblacion_total,Población total,120604.0,personas,population_communal_annual,2026-05-29
13107,Huechuraba,13,Región Metropolitana de Santiago,2027,poblacion_total,Población total,121673.0,personas,population_communal_annual,2026-05-29
13107,Huechuraba,13,Región Metropolitana de Santiago,2028,poblacion_total,Población total,122695.0,personas,population_communal_annual,2026-05-29
13107,Huechuraba,13,Región Metropolitana de Santiago,2029,poblacion_total,Población total,123665.0,personas,population_communal_annual,2026-05-29
13107,Huechuraba,13,Región Metropolitana de Santiago,2030,poblacion_total,Población total,124581.0,personas,population_communal_annual,2026-05-29
13107,Huechuraba,13,Región Metropolitana de Santiago,2031,poblacion_total,Población total,125451.0,personas,population_communal_annual,2026-05-29
13107,Huechuraba,13,Región Metropolitana de Santiago,2032,poblacion_total,Población total,126271.0,personas,population_communal_annual,2026-05-29
13107,Huechuraba,13,Región Metropolitana de Santiago,2033,poblacion_total,Población total,127036.0,personas,population_communal_annual,2026-05-29
13107,Huechuraba,13,Región Metropolitana de Santiago,2034,poblacion_total,Población total,127747.0,personas,population_communal_annual,2026-05-29
13107,Huechuraba,13,Región Metropolitana de Santiago,2035,poblacion_total,Población total,128403.0,personas,population_communal_annual,2026-05-29
13108,Independencia,13,Región Metropolitana de Santiago,2002,poblacion_total,Población total,71823.0,personas,population_communal_annual,2026-05-29
13108,Independencia,13,Región Metropolitana de Santiago,2003,poblacion_total,Población total,73266.0,personas,population_communal_annual,2026-05-29
13108,Independencia,13,Región Metropolitana de Santiago,2004,poblacion_total,Población total,74769.0,personas,population_communal_annual,2026-05-29
13108,Independencia,13,Región Metropolitana de Santiago,2005,poblacion_total,Población total,76222.0,personas,population_communal_annual,2026-05-29
13108,Independencia,13,Región Metropolitana de Santiago,2006,poblacion_total,Población total,77817.0,personas,population_communal_annual,2026-05-29
13108,Independencia,13,Región Metropolitana de Santiago,2007,poblacion_total,Población total,79501.0,personas,population_communal_annual,2026-05-29
13108,Independencia,13,Región Metropolitana de Santiago,2008,poblacion_total,Población total,81348.0,personas,population_communal_annual,2026-05-29
13108,Independencia,13,Región Metropolitana de Santiago,2009,poblacion_total,Población total,83141.0,personas,population_communal_annual,2026-05-29
13108,Independencia,13,Región Metropolitana de Santiago,2010,poblacion_total,Población total,84919.0,personas,population_communal_annual,2026-05-29
13108,Independencia,13,Región Metropolitana de Santiago,2011,poblacion_total,Población total,87102.0,personas,population_communal_annual,2026-05-29
13108,Independencia,13,Región Metropolitana de Santiago,2012,poblacion_total,Población total,89473.0,personas,population_communal_annual,2026-05-29
13108,Independencia,13,Región Metropolitana de Santiago,2013,poblacion_total,Población total,91103.0,personas,population_communal_annual,2026-05-29
13108,Independencia,13,Región Metropolitana de Santiago,2014,poblacion_total,Población total,93064.0,personas,population_communal_annual,2026-05-29
13108,Independencia,13,Región Metropolitana de Santiago,2015,poblacion_total,Población total,95406.0,personas,population_communal_annual,2026-05-29
13108,Independencia,13,Región Metropolitana de Santiago,2016,poblacion_total,Población total,98724.0,personas,population_communal_annual,2026-05-29
13108,Independencia,13,Región Metropolitana de Santiago,2017,poblacion_total,Población total,105437.0,personas,population_communal_annual,2026-05-29
13108,Independencia,13,Región Metropolitana de Santiago,2018,poblacion_total,Población total,117277.0,personas,population_communal_annual,2026-05-29
13108,Independencia,13,Región Metropolitana de Santiago,2019,poblacion_total,Población total,129691.0,personas,population_communal_annual,2026-05-29
13108,Independencia,13,Región Metropolitana de Santiago,2020,poblacion_total,Población total,142065.0,personas,population_communal_annual,2026-05-29
13108,Independencia,13,Región Metropolitana de Santiago,2021,poblacion_total,Población total,147655.0,personas,population_communal_annual,2026-05-29
13108,Independencia,13,Región Metropolitana de Santiago,2022,poblacion_total,Población total,150074.0,personas,population_communal_annual,2026-05-29
13108,Independencia,13,Región Metropolitana de Santiago,2023,poblacion_total,Población total,151890.0,personas,population_communal_annual,2026-05-29
13108,Independencia,13,Región Metropolitana de Santiago,2024,poblacion_total,Población total,153624.0,personas,population_communal_annual,2026-05-29
13108,Independencia,13,Región Metropolitana de Santiago,2025,poblacion_total,Población total,155387.0,personas,population_communal_annual,2026-05-29
13108,Independencia,13,Región Metropolitana de Santiago,2026,poblacion_total,Población total,157214.0,personas,population_communal_annual,2026-05-29
13108,Independencia,13,Región Metropolitana de Santiago,2027,poblacion_total,Población total,159120.0,personas,population_communal_annual,2026-05-29
13108,Independencia,13,Región Metropolitana de Santiago,2028,poblacion_total,Población total,161124.0,personas,population_communal_annual,2026-05-29
13108,Independencia,13,Región Metropolitana de Santiago,2029,poblacion_total,Población total,163238.0,personas,population_communal_annual,2026-05-29
13108,Independencia,13,Región Metropolitana de Santiago,2030,poblacion_total,Población total,165481.0,personas,population_communal_annual,2026-05-29
13108,Independencia,13,Región Metropolitana de Santiago,2031,poblacion_total,Población total,167882.0,personas,population_communal_annual,2026-05-29
13108,Independencia,13,Región Metropolitana de Santiago,2032,poblacion_total,Población total,170469.0,personas,population_communal_annual,2026-05-29
13108,Independencia,13,Región Metropolitana de Santiago,2033,poblacion_total,Población total,173272.0,personas,population_communal_annual,2026-05-29
13108,Independencia,13,Región Metropolitana de Santiago,2034,poblacion_total,Población total,176331.0,personas,population_communal_annual,2026-05-29
13108,Independencia,13,Región Metropolitana de Santiago,2035,poblacion_total,Población total,179698.0,personas,population_communal_annual,2026-05-29
13109,La Cisterna,13,Región Metropolitana de Santiago,2002,poblacion_total,Población total,88612.0,personas,population_communal_annual,2026-05-29
13109,La Cisterna,13,Región Metropolitana de Santiago,2003,poblacion_total,Población total,89462.0,personas,population_communal_annual,2026-05-29
13109,La Cisterna,13,Región Metropolitana de Santiago,2004,poblacion_total,Población total,90121.0,personas,population_communal_annual,2026-05-29
13109,La Cisterna,13,Región Metropolitana de Santiago,2005,poblacion_total,Población total,90646.0,personas,population_communal_annual,2026-05-29
13109,La Cisterna,13,Región Metropolitana de Santiago,2006,poblacion_total,Población total,91117.0,personas,population_communal_annual,2026-05-29
13109,La Cisterna,13,Región Metropolitana de Santiago,2007,poblacion_total,Población total,91566.0,personas,population_communal_annual,2026-05-29
13109,La Cisterna,13,Región Metropolitana de Santiago,2008,poblacion_total,Población total,92021.0,personas,population_communal_annual,2026-05-29
13109,La Cisterna,13,Región Metropolitana de Santiago,2009,poblacion_total,Población total,92439.0,personas,population_communal_annual,2026-05-29
13109,La Cisterna,13,Región Metropolitana de Santiago,2010,poblacion_total,Población total,92817.0,personas,population_communal_annual,2026-05-29
13109,La Cisterna,13,Región Metropolitana de Santiago,2011,poblacion_total,Población total,93207.0,personas,population_communal_annual,2026-05-29
13109,La Cisterna,13,Región Metropolitana de Santiago,2012,poblacion_total,Población total,93580.0,personas,population_communal_annual,2026-05-29
13109,La Cisterna,13,Región Metropolitana de Santiago,2013,poblacion_total,Población total,93785.0,personas,population_communal_annual,2026-05-29
13109,La Cisterna,13,Región Metropolitana de Santiago,2014,poblacion_total,Población total,94025.0,personas,population_communal_annual,2026-05-29
13109,La Cisterna,13,Región Metropolitana de Santiago,2015,poblacion_total,Población total,94323.0,personas,population_communal_annual,2026-05-29
13109,La Cisterna,13,Región Metropolitana de Santiago,2016,poblacion_total,Población total,94738.0,personas,population_communal_annual,2026-05-29
13109,La Cisterna,13,Región Metropolitana de Santiago,2017,poblacion_total,Población total,95652.0,personas,population_communal_annual,2026-05-29
13109,La Cisterna,13,Región Metropolitana de Santiago,2018,poblacion_total,Población total,97125.0,personas,population_communal_annual,2026-05-29
13109,La Cisterna,13,Región Metropolitana de Santiago,2019,poblacion_total,Población total,98790.0,personas,population_communal_annual,2026-05-29
13109,La Cisterna,13,Región Metropolitana de Santiago,2020,poblacion_total,Población total,100434.0,personas,population_communal_annual,2026-05-29
13109,La Cisterna,13,Región Metropolitana de Santiago,2021,poblacion_total,Población total,101126.0,personas,population_communal_annual,2026-05-29
13109,La Cisterna,13,Región Metropolitana de Santiago,2022,poblacion_total,Población total,101313.0,personas,population_communal_annual,2026-05-29
13109,La Cisterna,13,Región Metropolitana de Santiago,2023,poblacion_total,Población total,101377.0,personas,population_communal_annual,2026-05-29
13109,La Cisterna,13,Región Metropolitana de Santiago,2024,poblacion_total,Población total,101401.0,personas,population_communal_annual,2026-05-29
13109,La Cisterna,13,Región Metropolitana de Santiago,2025,poblacion_total,Población total,101398.0,personas,population_communal_annual,2026-05-29
13109,La Cisterna,13,Región Metropolitana de Santiago,2026,poblacion_total,Población total,101371.0,personas,population_communal_annual,2026-05-29
13109,La Cisterna,13,Región Metropolitana de Santiago,2027,poblacion_total,Población total,101318.0,personas,population_communal_annual,2026-05-29
13109,La Cisterna,13,Región Metropolitana de Santiago,2028,poblacion_total,Población total,101239.0,personas,population_communal_annual,2026-05-29
13109,La Cisterna,13,Región Metropolitana de Santiago,2029,poblacion_total,Población total,101132.0,personas,population_communal_annual,2026-05-29
13109,La Cisterna,13,Región Metropolitana de Santiago,2030,poblacion_total,Población total,100993.0,personas,population_communal_annual,2026-05-29
13109,La Cisterna,13,Región Metropolitana de Santiago,2031,poblacion_total,Población total,100833.0,personas,population_communal_annual,2026-05-29
13109,La Cisterna,13,Región Metropolitana de Santiago,2032,poblacion_total,Población total,100646.0,personas,population_communal_annual,2026-05-29
13109,La Cisterna,13,Región Metropolitana de Santiago,2033,poblacion_total,Población total,100431.0,personas,population_communal_annual,2026-05-29
13109,La Cisterna,13,Región Metropolitana de Santiago,2034,poblacion_total,Población total,100187.0,personas,population_communal_annual,2026-05-29
13109,La Cisterna,13,Región Metropolitana de Santiago,2035,poblacion_total,Población total,99915.0,personas,population_communal_annual,2026-05-29
13110,La Florida,13,Región Metropolitana de Santiago,2002,poblacion_total,Población total,376943.0,personas,population_communal_annual,2026-05-29
13110,La Florida,13,Región Metropolitana de Santiago,2003,poblacion_total,Población total,378224.0,personas,population_communal_annual,2026-05-29
13110,La Florida,13,Región Metropolitana de Santiago,2004,poblacion_total,Población total,378858.0,personas,population_communal_annual,2026-05-29
13110,La Florida,13,Región Metropolitana de Santiago,2005,poblacion_total,Población total,379112.0,personas,population_communal_annual,2026-05-29
13110,La Florida,13,Región Metropolitana de Santiago,2006,poblacion_total,Población total,379297.0,personas,population_communal_annual,2026-05-29
13110,La Florida,13,Región Metropolitana de Santiago,2007,poblacion_total,Población total,379550.0,personas,population_communal_annual,2026-05-29
13110,La Florida,13,Región Metropolitana de Santiago,2008,poblacion_total,Población total,379961.0,personas,population_communal_annual,2026-05-29
13110,La Florida,13,Región Metropolitana de Santiago,2009,poblacion_total,Población total,380397.0,personas,population_communal_annual,2026-05-29
13110,La Florida,13,Región Metropolitana de Santiago,2010,poblacion_total,Población total,380826.0,personas,population_communal_annual,2026-05-29
13110,La Florida,13,Región Metropolitana de Santiago,2011,poblacion_total,Población total,381345.0,personas,population_communal_annual,2026-05-29
13110,La Florida,13,Región Metropolitana de Santiago,2012,poblacion_total,Población total,381887.0,personas,population_communal_annual,2026-05-29
13110,La Florida,13,Región Metropolitana de Santiago,2013,poblacion_total,Población total,382040.0,personas,population_communal_annual,2026-05-29
13110,La Florida,13,Región Metropolitana de Santiago,2014,poblacion_total,Población total,382379.0,personas,population_communal_annual,2026-05-29
13110,La Florida,13,Región Metropolitana de Santiago,2015,poblacion_total,Población total,382995.0,personas,population_communal_annual,2026-05-29
13110,La Florida,13,Región Metropolitana de Santiago,2016,poblacion_total,Población total,383976.0,personas,population_communal_annual,2026-05-29
13110,La Florida,13,Región Metropolitana de Santiago,2017,poblacion_total,Población total,386307.0,personas,population_communal_annual,2026-05-29
13110,La Florida,13,Región Metropolitana de Santiago,2018,poblacion_total,Población total,390218.0,personas,population_communal_annual,2026-05-29
13110,La Florida,13,Región Metropolitana de Santiago,2019,poblacion_total,Población total,396781.0,personas,population_communal_annual,2026-05-29
13110,La Florida,13,Región Metropolitana de Santiago,2020,poblacion_total,Población total,402433.0,personas,population_communal_annual,2026-05-29
13110,La Florida,13,Región Metropolitana de Santiago,2021,poblacion_total,Población total,405185.0,personas,population_communal_annual,2026-05-29
13110,La Florida,13,Región Metropolitana de Santiago,2022,poblacion_total,Población total,406229.0,personas,population_communal_annual,2026-05-29
13110,La Florida,13,Región Metropolitana de Santiago,2023,poblacion_total,Población total,406796.0,personas,population_communal_annual,2026-05-29
13110,La Florida,13,Región Metropolitana de Santiago,2024,poblacion_total,Población total,407297.0,personas,population_communal_annual,2026-05-29
13110,La Florida,13,Región Metropolitana de Santiago,2025,poblacion_total,Población total,407764.0,personas,population_communal_annual,2026-05-29
13110,La Florida,13,Región Metropolitana de Santiago,2026,poblacion_total,Población total,408195.0,personas,population_communal_annual,2026-05-29
13110,La Florida,13,Región Metropolitana de Santiago,2027,poblacion_total,Población total,408581.0,personas,population_communal_annual,2026-05-29
13110,La Florida,13,Región Metropolitana de Santiago,2028,poblacion_total,Población total,408912.0,personas,population_communal_annual,2026-05-29
13110,La Florida,13,Región Metropolitana de Santiago,2029,poblacion_total,Población total,409176.0,personas,population_communal_annual,2026-05-29
13110,La Florida,13,Región Metropolitana de Santiago,2030,poblacion_total,Población total,409368.0,personas,population_communal_annual,2026-05-29
13110,La Florida,13,Región Metropolitana de Santiago,2031,poblacion_total,Población total,409505.0,personas,population_communal_annual,2026-05-29
13110,La Florida,13,Región Metropolitana de Santiago,2032,poblacion_total,Población total,409577.0,personas,population_communal_annual,2026-05-29
13110,La Florida,13,Región Metropolitana de Santiago,2033,poblacion_total,Población total,409569.0,personas,population_communal_annual,2026-05-29
13110,La Florida,13,Región Metropolitana de Santiago,2034,poblacion_total,Población total,409479.0,personas,population_communal_annual,2026-05-29
13110,La Florida,13,Región Metropolitana de Santiago,2035,poblacion_total,Población total,409302.0,personas,population_communal_annual,2026-05-29
13111,La Granja,13,Región Metropolitana de Santiago,2002,poblacion_total,Población total,137061.0,personas,population_communal_annual,2026-05-29
13111,La Granja,13,Región Metropolitana de Santiago,2003,poblacion_total,Población total,136444.0,personas,population_communal_annual,2026-05-29
13111,La Granja,13,Región Metropolitana de Santiago,2004,poblacion_total,Población total,135558.0,personas,population_communal_annual,2026-05-29
13111,La Granja,13,Región Metropolitana de Santiago,2005,poblacion_total,Población total,134513.0,personas,population_communal_annual,2026-05-29
13111,La Granja,13,Región Metropolitana de Santiago,2006,poblacion_total,Población total,133422.0,personas,population_communal_annual,2026-05-29
13111,La Granja,13,Región Metropolitana de Santiago,2007,poblacion_total,Población total,132339.0,personas,population_communal_annual,2026-05-29
13111,La Granja,13,Región Metropolitana de Santiago,2008,poblacion_total,Población total,131298.0,personas,population_communal_annual,2026-05-29
13111,La Granja,13,Región Metropolitana de Santiago,2009,poblacion_total,Población total,130260.0,personas,population_communal_annual,2026-05-29
13111,La Granja,13,Región Metropolitana de Santiago,2010,poblacion_total,Población total,129216.0,personas,population_communal_annual,2026-05-29
13111,La Granja,13,Región Metropolitana de Santiago,2011,poblacion_total,Población total,128185.0,personas,population_communal_annual,2026-05-29
13111,La Granja,13,Región Metropolitana de Santiago,2012,poblacion_total,Población total,127156.0,personas,population_communal_annual,2026-05-29
13111,La Granja,13,Región Metropolitana de Santiago,2013,poblacion_total,Población total,126023.0,personas,population_communal_annual,2026-05-29
13111,La Granja,13,Región Metropolitana de Santiago,2014,poblacion_total,Población total,124946.0,personas,population_communal_annual,2026-05-29
13111,La Granja,13,Región Metropolitana de Santiago,2015,poblacion_total,Población total,123955.0,personas,population_communal_annual,2026-05-29
13111,La Granja,13,Región Metropolitana de Santiago,2016,poblacion_total,Población total,123061.0,personas,population_communal_annual,2026-05-29
13111,La Granja,13,Región Metropolitana de Santiago,2017,poblacion_total,Población total,122518.0,personas,population_communal_annual,2026-05-29
13111,La Granja,13,Región Metropolitana de Santiago,2018,poblacion_total,Población total,122392.0,personas,population_communal_annual,2026-05-29
13111,La Granja,13,Región Metropolitana de Santiago,2019,poblacion_total,Población total,122454.0,personas,population_communal_annual,2026-05-29
13111,La Granja,13,Región Metropolitana de Santiago,2020,poblacion_total,Población total,122557.0,personas,population_communal_annual,2026-05-29
13111,La Granja,13,Región Metropolitana de Santiago,2021,poblacion_total,Población total,122028.0,personas,population_communal_annual,2026-05-29
13111,La Granja,13,Región Metropolitana de Santiago,2022,poblacion_total,Población total,121170.0,personas,population_communal_annual,2026-05-29
13111,La Granja,13,Región Metropolitana de Santiago,2023,poblacion_total,Población total,120249.0,personas,population_communal_annual,2026-05-29
13111,La Granja,13,Región Metropolitana de Santiago,2024,poblacion_total,Población total,119321.0,personas,population_communal_annual,2026-05-29
13111,La Granja,13,Región Metropolitana de Santiago,2025,poblacion_total,Población total,118394.0,personas,population_communal_annual,2026-05-29
13111,La Granja,13,Región Metropolitana de Santiago,2026,poblacion_total,Población total,117466.0,personas,population_communal_annual,2026-05-29
13111,La Granja,13,Región Metropolitana de Santiago,2027,poblacion_total,Población total,116536.0,personas,population_communal_annual,2026-05-29
13111,La Granja,13,Región Metropolitana de Santiago,2028,poblacion_total,Población total,115601.0,personas,population_communal_annual,2026-05-29
13111,La Granja,13,Región Metropolitana de Santiago,2029,poblacion_total,Población total,114658.0,personas,population_communal_annual,2026-05-29
13111,La Granja,13,Región Metropolitana de Santiago,2030,poblacion_total,Población total,113708.0,personas,population_communal_annual,2026-05-29
13111,La Granja,13,Región Metropolitana de Santiago,2031,poblacion_total,Población total,112755.0,personas,population_communal_annual,2026-05-29
13111,La Granja,13,Región Metropolitana de Santiago,2032,poblacion_total,Población total,111796.0,personas,population_communal_annual,2026-05-29
13111,La Granja,13,Región Metropolitana de Santiago,2033,poblacion_total,Población total,110829.0,personas,population_communal_annual,2026-05-29
13111,La Granja,13,Región Metropolitana de Santiago,2034,poblacion_total,Población total,109854.0,personas,population_communal_annual,2026-05-29
13111,La Granja,13,Región Metropolitana de Santiago,2035,poblacion_total,Población total,108871.0,personas,population_communal_annual,2026-05-29
13112,La Pintana,13,Región Metropolitana de Santiago,2002,poblacion_total,Población total,195306.0,personas,population_communal_annual,2026-05-29
13112,La Pintana,13,Región Metropolitana de Santiago,2003,poblacion_total,Población total,195075.0,personas,population_communal_annual,2026-05-29
13112,La Pintana,13,Región Metropolitana de Santiago,2004,poblacion_total,Población total,194521.0,personas,population_communal_annual,2026-05-29
13112,La Pintana,13,Región Metropolitana de Santiago,2005,poblacion_total,Población total,193808.0,personas,population_communal_annual,2026-05-29
13112,La Pintana,13,Región Metropolitana de Santiago,2006,poblacion_total,Población total,193070.0,personas,population_communal_annual,2026-05-29
13112,La Pintana,13,Región Metropolitana de Santiago,2007,poblacion_total,Población total,192390.0,personas,population_communal_annual,2026-05-29
13112,La Pintana,13,Región Metropolitana de Santiago,2008,poblacion_total,Población total,191802.0,personas,population_communal_annual,2026-05-29
13112,La Pintana,13,Región Metropolitana de Santiago,2009,poblacion_total,Población total,191264.0,personas,population_communal_annual,2026-05-29
13112,La Pintana,13,Región Metropolitana de Santiago,2010,poblacion_total,Población total,190750.0,personas,population_communal_annual,2026-05-29
13112,La Pintana,13,Región Metropolitana de Santiago,2011,poblacion_total,Población total,190249.0,personas,population_communal_annual,2026-05-29
13112,La Pintana,13,Región Metropolitana de Santiago,2012,poblacion_total,Población total,189761.0,personas,population_communal_annual,2026-05-29
13112,La Pintana,13,Región Metropolitana de Santiago,2013,poblacion_total,Población total,189194.0,personas,population_communal_annual,2026-05-29
13112,La Pintana,13,Región Metropolitana de Santiago,2014,poblacion_total,Población total,188703.0,personas,population_communal_annual,2026-05-29
13112,La Pintana,13,Región Metropolitana de Santiago,2015,poblacion_total,Población total,188324.0,personas,population_communal_annual,2026-05-29
13112,La Pintana,13,Región Metropolitana de Santiago,2016,poblacion_total,Población total,188020.0,personas,population_communal_annual,2026-05-29
13112,La Pintana,13,Región Metropolitana de Santiago,2017,poblacion_total,Población total,187970.0,personas,population_communal_annual,2026-05-29
13112,La Pintana,13,Región Metropolitana de Santiago,2018,poblacion_total,Población total,188255.0,personas,population_communal_annual,2026-05-29
13112,La Pintana,13,Región Metropolitana de Santiago,2019,poblacion_total,Población total,188748.0,personas,population_communal_annual,2026-05-29
13112,La Pintana,13,Región Metropolitana de Santiago,2020,poblacion_total,Población total,189335.0,personas,population_communal_annual,2026-05-29
13112,La Pintana,13,Región Metropolitana de Santiago,2021,poblacion_total,Población total,189454.0,personas,population_communal_annual,2026-05-29
13112,La Pintana,13,Región Metropolitana de Santiago,2022,poblacion_total,Población total,189321.0,personas,population_communal_annual,2026-05-29
13112,La Pintana,13,Región Metropolitana de Santiago,2023,poblacion_total,Población total,189151.0,personas,population_communal_annual,2026-05-29
13112,La Pintana,13,Región Metropolitana de Santiago,2024,poblacion_total,Población total,188980.0,personas,population_communal_annual,2026-05-29
13112,La Pintana,13,Región Metropolitana de Santiago,2025,poblacion_total,Población total,188806.0,personas,population_communal_annual,2026-05-29
13112,La Pintana,13,Región Metropolitana de Santiago,2026,poblacion_total,Población total,188629.0,personas,population_communal_annual,2026-05-29
13112,La Pintana,13,Región Metropolitana de Santiago,2027,poblacion_total,Población total,188441.0,personas,population_communal_annual,2026-05-29
13112,La Pintana,13,Región Metropolitana de Santiago,2028,poblacion_total,Población total,188237.0,personas,population_communal_annual,2026-05-29
13112,La Pintana,13,Región Metropolitana de Santiago,2029,poblacion_total,Población total,188010.0,personas,population_communal_annual,2026-05-29
13112,La Pintana,13,Región Metropolitana de Santiago,2030,poblacion_total,Población total,187758.0,personas,population_communal_annual,2026-05-29
13112,La Pintana,13,Región Metropolitana de Santiago,2031,poblacion_total,Población total,187489.0,personas,population_communal_annual,2026-05-29
13112,La Pintana,13,Región Metropolitana de Santiago,2032,poblacion_total,Población total,187198.0,personas,population_communal_annual,2026-05-29
13112,La Pintana,13,Región Metropolitana de Santiago,2033,poblacion_total,Población total,186876.0,personas,population_communal_annual,2026-05-29
13112,La Pintana,13,Región Metropolitana de Santiago,2034,poblacion_total,Población total,186525.0,personas,population_communal_annual,2026-05-29
13112,La Pintana,13,Región Metropolitana de Santiago,2035,poblacion_total,Población total,186139.0,personas,population_communal_annual,2026-05-29
13113,La Reina,13,Región Metropolitana de Santiago,2002,poblacion_total,Población total,99701.0,personas,population_communal_annual,2026-05-29
13113,La Reina,13,Región Metropolitana de Santiago,2003,poblacion_total,Población total,99840.0,personas,population_communal_annual,2026-05-29
13113,La Reina,13,Región Metropolitana de Santiago,2004,poblacion_total,Población total,99773.0,personas,population_communal_annual,2026-05-29
13113,La Reina,13,Región Metropolitana de Santiago,2005,poblacion_total,Población total,99567.0,personas,population_communal_annual,2026-05-29
13113,La Reina,13,Región Metropolitana de Santiago,2006,poblacion_total,Población total,99317.0,personas,population_communal_annual,2026-05-29
13113,La Reina,13,Región Metropolitana de Santiago,2007,poblacion_total,Población total,99055.0,personas,population_communal_annual,2026-05-29
13113,La Reina,13,Región Metropolitana de Santiago,2008,poblacion_total,Población total,98815.0,personas,population_communal_annual,2026-05-29
13113,La Reina,13,Región Metropolitana de Santiago,2009,poblacion_total,Población total,98549.0,personas,population_communal_annual,2026-05-29
13113,La Reina,13,Región Metropolitana de Santiago,2010,poblacion_total,Población total,98255.0,personas,population_communal_annual,2026-05-29
13113,La Reina,13,Región Metropolitana de Santiago,2011,poblacion_total,Población total,97986.0,personas,population_communal_annual,2026-05-29
13113,La Reina,13,Región Metropolitana de Santiago,2012,poblacion_total,Población total,97718.0,personas,population_communal_annual,2026-05-29
13113,La Reina,13,Región Metropolitana de Santiago,2013,poblacion_total,Población total,97286.0,personas,population_communal_annual,2026-05-29
13113,La Reina,13,Región Metropolitana de Santiago,2014,poblacion_total,Población total,96904.0,personas,population_communal_annual,2026-05-29
13113,La Reina,13,Región Metropolitana de Santiago,2015,poblacion_total,Población total,96600.0,personas,population_communal_annual,2026-05-29
13113,La Reina,13,Región Metropolitana de Santiago,2016,poblacion_total,Población total,96435.0,personas,population_communal_annual,2026-05-29
13113,La Reina,13,Región Metropolitana de Santiago,2017,poblacion_total,Población total,96811.0,personas,population_communal_annual,2026-05-29
13113,La Reina,13,Región Metropolitana de Santiago,2018,poblacion_total,Población total,97810.0,personas,population_communal_annual,2026-05-29
13113,La Reina,13,Región Metropolitana de Santiago,2019,poblacion_total,Población total,99033.0,personas,population_communal_annual,2026-05-29
13113,La Reina,13,Región Metropolitana de Santiago,2020,poblacion_total,Población total,100252.0,personas,population_communal_annual,2026-05-29
13113,La Reina,13,Región Metropolitana de Santiago,2021,poblacion_total,Población total,100459.0,personas,population_communal_annual,2026-05-29
13113,La Reina,13,Región Metropolitana de Santiago,2022,poblacion_total,Población total,100131.0,personas,population_communal_annual,2026-05-29
13113,La Reina,13,Región Metropolitana de Santiago,2023,poblacion_total,Población total,99686.0,personas,population_communal_annual,2026-05-29
13113,La Reina,13,Región Metropolitana de Santiago,2024,poblacion_total,Población total,99212.0,personas,population_communal_annual,2026-05-29
13113,La Reina,13,Región Metropolitana de Santiago,2025,poblacion_total,Población total,98722.0,personas,population_communal_annual,2026-05-29
13113,La Reina,13,Región Metropolitana de Santiago,2026,poblacion_total,Población total,98219.0,personas,population_communal_annual,2026-05-29
13113,La Reina,13,Región Metropolitana de Santiago,2027,poblacion_total,Población total,97704.0,personas,population_communal_annual,2026-05-29
13113,La Reina,13,Región Metropolitana de Santiago,2028,poblacion_total,Población total,97174.0,personas,population_communal_annual,2026-05-29
13113,La Reina,13,Región Metropolitana de Santiago,2029,poblacion_total,Población total,96629.0,personas,population_communal_annual,2026-05-29
13113,La Reina,13,Región Metropolitana de Santiago,2030,poblacion_total,Población total,96066.0,personas,population_communal_annual,2026-05-29
13113,La Reina,13,Región Metropolitana de Santiago,2031,poblacion_total,Población total,95493.0,personas,population_communal_annual,2026-05-29
13113,La Reina,13,Región Metropolitana de Santiago,2032,poblacion_total,Población total,94906.0,personas,population_communal_annual,2026-05-29
13113,La Reina,13,Región Metropolitana de Santiago,2033,poblacion_total,Población total,94304.0,personas,population_communal_annual,2026-05-29
13113,La Reina,13,Región Metropolitana de Santiago,2034,poblacion_total,Población total,93687.0,personas,population_communal_annual,2026-05-29
13113,La Reina,13,Región Metropolitana de Santiago,2035,poblacion_total,Población total,93053.0,personas,population_communal_annual,2026-05-29
13114,Las Condes,13,Región Metropolitana de Santiago,2002,poblacion_total,Población total,255694.0,personas,population_communal_annual,2026-05-29
13114,Las Condes,13,Región Metropolitana de Santiago,2003,poblacion_total,Población total,257683.0,personas,population_communal_annual,2026-05-29
13114,Las Condes,13,Región Metropolitana de Santiago,2004,poblacion_total,Población total,260159.0,personas,population_communal_annual,2026-05-29
13114,Las Condes,13,Región Metropolitana de Santiago,2005,poblacion_total,Población total,262683.0,personas,population_communal_annual,2026-05-29
13114,Las Condes,13,Región Metropolitana de Santiago,2006,poblacion_total,Población total,265432.0,personas,population_communal_annual,2026-05-29
13114,Las Condes,13,Región Metropolitana de Santiago,2007,poblacion_total,Población total,268374.0,personas,population_communal_annual,2026-05-29
13114,Las Condes,13,Región Metropolitana de Santiago,2008,poblacion_total,Población total,271586.0,personas,population_communal_annual,2026-05-29
13114,Las Condes,13,Región Metropolitana de Santiago,2009,poblacion_total,Población total,274803.0,personas,population_communal_annual,2026-05-29
13114,Las Condes,13,Región Metropolitana de Santiago,2010,poblacion_total,Población total,278025.0,personas,population_communal_annual,2026-05-29
13114,Las Condes,13,Región Metropolitana de Santiago,2011,poblacion_total,Población total,281616.0,personas,population_communal_annual,2026-05-29
13114,Las Condes,13,Región Metropolitana de Santiago,2012,poblacion_total,Población total,285361.0,personas,population_communal_annual,2026-05-29
13114,Las Condes,13,Región Metropolitana de Santiago,2013,poblacion_total,Población total,288301.0,personas,population_communal_annual,2026-05-29
13114,Las Condes,13,Región Metropolitana de Santiago,2014,poblacion_total,Población total,291572.0,personas,population_communal_annual,2026-05-29
13114,Las Condes,13,Región Metropolitana de Santiago,2015,poblacion_total,Población total,295261.0,personas,population_communal_annual,2026-05-29
13114,Las Condes,13,Región Metropolitana de Santiago,2016,poblacion_total,Población total,299849.0,personas,population_communal_annual,2026-05-29
13114,Las Condes,13,Región Metropolitana de Santiago,2017,poblacion_total,Población total,307708.0,personas,population_communal_annual,2026-05-29
13114,Las Condes,13,Región Metropolitana de Santiago,2018,poblacion_total,Población total,315183.0,personas,population_communal_annual,2026-05-29
13114,Las Condes,13,Región Metropolitana de Santiago,2019,poblacion_total,Población total,323309.0,personas,population_communal_annual,2026-05-29
13114,Las Condes,13,Región Metropolitana de Santiago,2020,poblacion_total,Población total,330759.0,personas,population_communal_annual,2026-05-29
13114,Las Condes,13,Región Metropolitana de Santiago,2021,poblacion_total,Población total,335296.0,personas,population_communal_annual,2026-05-29
13114,Las Condes,13,Región Metropolitana de Santiago,2022,poblacion_total,Población total,338541.0,personas,population_communal_annual,2026-05-29
13114,Las Condes,13,Región Metropolitana de Santiago,2023,poblacion_total,Población total,341183.0,personas,population_communal_annual,2026-05-29
13114,Las Condes,13,Región Metropolitana de Santiago,2024,poblacion_total,Población total,343632.0,personas,population_communal_annual,2026-05-29
13114,Las Condes,13,Región Metropolitana de Santiago,2025,poblacion_total,Población total,345985.0,personas,population_communal_annual,2026-05-29
13114,Las Condes,13,Región Metropolitana de Santiago,2026,poblacion_total,Población total,348261.0,personas,population_communal_annual,2026-05-29
13114,Las Condes,13,Región Metropolitana de Santiago,2027,poblacion_total,Población total,350456.0,personas,population_communal_annual,2026-05-29
13114,Las Condes,13,Región Metropolitana de Santiago,2028,poblacion_total,Población total,352569.0,personas,population_communal_annual,2026-05-29
13114,Las Condes,13,Región Metropolitana de Santiago,2029,poblacion_total,Población total,354587.0,personas,population_communal_annual,2026-05-29
13114,Las Condes,13,Región Metropolitana de Santiago,2030,poblacion_total,Población total,356514.0,personas,population_communal_annual,2026-05-29
13114,Las Condes,13,Región Metropolitana de Santiago,2031,poblacion_total,Población total,358361.0,personas,population_communal_annual,2026-05-29
13114,Las Condes,13,Región Metropolitana de Santiago,2032,poblacion_total,Población total,360123.0,personas,population_communal_annual,2026-05-29
13114,Las Condes,13,Región Metropolitana de Santiago,2033,poblacion_total,Población total,361792.0,personas,population_communal_annual,2026-05-29
13114,Las Condes,13,Región Metropolitana de Santiago,2034,poblacion_total,Población total,363365.0,personas,population_communal_annual,2026-05-29
13114,Las Condes,13,Región Metropolitana de Santiago,2035,poblacion_total,Población total,364841.0,personas,population_communal_annual,2026-05-29
13115,Lo Barnechea,13,Región Metropolitana de Santiago,2002,poblacion_total,Población total,76731.0,personas,population_communal_annual,2026-05-29
13115,Lo Barnechea,13,Región Metropolitana de Santiago,2003,poblacion_total,Población total,79167.0,personas,population_communal_annual,2026-05-29
13115,Lo Barnechea,13,Región Metropolitana de Santiago,2004,poblacion_total,Población total,81482.0,personas,population_communal_annual,2026-05-29
13115,Lo Barnechea,13,Región Metropolitana de Santiago,2005,poblacion_total,Población total,83678.0,personas,population_communal_annual,2026-05-29
13115,Lo Barnechea,13,Región Metropolitana de Santiago,2006,poblacion_total,Población total,85855.0,personas,population_communal_annual,2026-05-29
13115,Lo Barnechea,13,Región Metropolitana de Santiago,2007,poblacion_total,Población total,88013.0,personas,population_communal_annual,2026-05-29
13115,Lo Barnechea,13,Región Metropolitana de Santiago,2008,poblacion_total,Población total,90192.0,personas,population_communal_annual,2026-05-29
13115,Lo Barnechea,13,Región Metropolitana de Santiago,2009,poblacion_total,Población total,92308.0,personas,population_communal_annual,2026-05-29
13115,Lo Barnechea,13,Región Metropolitana de Santiago,2010,poblacion_total,Población total,94364.0,personas,population_communal_annual,2026-05-29
13115,Lo Barnechea,13,Región Metropolitana de Santiago,2011,poblacion_total,Población total,96492.0,personas,population_communal_annual,2026-05-29
13115,Lo Barnechea,13,Región Metropolitana de Santiago,2012,poblacion_total,Población total,98620.0,personas,population_communal_annual,2026-05-29
13115,Lo Barnechea,13,Región Metropolitana de Santiago,2013,poblacion_total,Población total,100413.0,personas,population_communal_annual,2026-05-29
13115,Lo Barnechea,13,Región Metropolitana de Santiago,2014,poblacion_total,Población total,102273.0,personas,population_communal_annual,2026-05-29
13115,Lo Barnechea,13,Región Metropolitana de Santiago,2015,poblacion_total,Población total,104233.0,personas,population_communal_annual,2026-05-29
13115,Lo Barnechea,13,Región Metropolitana de Santiago,2016,poblacion_total,Población total,106460.0,personas,population_communal_annual,2026-05-29
13115,Lo Barnechea,13,Región Metropolitana de Santiago,2017,poblacion_total,Población total,109778.0,personas,population_communal_annual,2026-05-29
13115,Lo Barnechea,13,Región Metropolitana de Santiago,2018,poblacion_total,Población total,114322.0,personas,population_communal_annual,2026-05-29
13115,Lo Barnechea,13,Región Metropolitana de Santiago,2019,poblacion_total,Población total,119240.0,personas,population_communal_annual,2026-05-29
13115,Lo Barnechea,13,Región Metropolitana de Santiago,2020,poblacion_total,Población total,124076.0,personas,population_communal_annual,2026-05-29
13115,Lo Barnechea,13,Región Metropolitana de Santiago,2021,poblacion_total,Población total,126816.0,personas,population_communal_annual,2026-05-29
13115,Lo Barnechea,13,Región Metropolitana de Santiago,2022,poblacion_total,Población total,128439.0,personas,population_communal_annual,2026-05-29
13115,Lo Barnechea,13,Región Metropolitana de Santiago,2023,poblacion_total,Población total,129790.0,personas,population_communal_annual,2026-05-29
13115,Lo Barnechea,13,Región Metropolitana de Santiago,2024,poblacion_total,Población total,131053.0,personas,population_communal_annual,2026-05-29
13115,Lo Barnechea,13,Región Metropolitana de Santiago,2025,poblacion_total,Población total,132248.0,personas,population_communal_annual,2026-05-29
13115,Lo Barnechea,13,Región Metropolitana de Santiago,2026,poblacion_total,Población total,133393.0,personas,population_communal_annual,2026-05-29
13115,Lo Barnechea,13,Región Metropolitana de Santiago,2027,poblacion_total,Población total,134483.0,personas,population_communal_annual,2026-05-29
13115,Lo Barnechea,13,Región Metropolitana de Santiago,2028,poblacion_total,Población total,135522.0,personas,population_communal_annual,2026-05-29
13115,Lo Barnechea,13,Región Metropolitana de Santiago,2029,poblacion_total,Población total,136503.0,personas,population_communal_annual,2026-05-29
13115,Lo Barnechea,13,Región Metropolitana de Santiago,2030,poblacion_total,Población total,137425.0,personas,population_communal_annual,2026-05-29
13115,Lo Barnechea,13,Región Metropolitana de Santiago,2031,poblacion_total,Población total,138297.0,personas,population_communal_annual,2026-05-29
13115,Lo Barnechea,13,Región Metropolitana de Santiago,2032,poblacion_total,Población total,139115.0,personas,population_communal_annual,2026-05-29
13115,Lo Barnechea,13,Región Metropolitana de Santiago,2033,poblacion_total,Población total,139878.0,personas,population_communal_annual,2026-05-29
13115,Lo Barnechea,13,Región Metropolitana de Santiago,2034,poblacion_total,Población total,140582.0,personas,population_communal_annual,2026-05-29
13115,Lo Barnechea,13,Región Metropolitana de Santiago,2035,poblacion_total,Población total,141231.0,personas,population_communal_annual,2026-05-29
13116,Lo Espejo,13,Región Metropolitana de Santiago,2002,poblacion_total,Población total,118886.0,personas,population_communal_annual,2026-05-29
13116,Lo Espejo,13,Región Metropolitana de Santiago,2003,poblacion_total,Población total,118055.0,personas,population_communal_annual,2026-05-29
13116,Lo Espejo,13,Región Metropolitana de Santiago,2004,poblacion_total,Población total,117010.0,personas,population_communal_annual,2026-05-29
13116,Lo Espejo,13,Región Metropolitana de Santiago,2005,poblacion_total,Población total,115842.0,personas,population_communal_annual,2026-05-29
13116,Lo Espejo,13,Región Metropolitana de Santiago,2006,poblacion_total,Población total,114652.0,personas,population_communal_annual,2026-05-29
13116,Lo Espejo,13,Región Metropolitana de Santiago,2007,poblacion_total,Población total,113484.0,personas,population_communal_annual,2026-05-29
13116,Lo Espejo,13,Región Metropolitana de Santiago,2008,poblacion_total,Población total,112366.0,personas,population_communal_annual,2026-05-29
13116,Lo Espejo,13,Región Metropolitana de Santiago,2009,poblacion_total,Población total,111260.0,personas,population_communal_annual,2026-05-29
13116,Lo Espejo,13,Región Metropolitana de Santiago,2010,poblacion_total,Población total,110159.0,personas,population_communal_annual,2026-05-29
13116,Lo Espejo,13,Región Metropolitana de Santiago,2011,poblacion_total,Población total,109090.0,personas,population_communal_annual,2026-05-29
13116,Lo Espejo,13,Región Metropolitana de Santiago,2012,poblacion_total,Población total,108037.0,personas,population_communal_annual,2026-05-29
13116,Lo Espejo,13,Región Metropolitana de Santiago,2013,poblacion_total,Población total,106884.0,personas,population_communal_annual,2026-05-29
13116,Lo Espejo,13,Región Metropolitana de Santiago,2014,poblacion_total,Población total,105795.0,personas,population_communal_annual,2026-05-29
13116,Lo Espejo,13,Región Metropolitana de Santiago,2015,poblacion_total,Población total,104797.0,personas,population_communal_annual,2026-05-29
13116,Lo Espejo,13,Región Metropolitana de Santiago,2016,poblacion_total,Población total,103919.0,personas,population_communal_annual,2026-05-29
13116,Lo Espejo,13,Región Metropolitana de Santiago,2017,poblacion_total,Población total,103454.0,personas,population_communal_annual,2026-05-29
13116,Lo Espejo,13,Región Metropolitana de Santiago,2018,poblacion_total,Población total,103454.0,personas,population_communal_annual,2026-05-29
13116,Lo Espejo,13,Región Metropolitana de Santiago,2019,poblacion_total,Población total,103643.0,personas,population_communal_annual,2026-05-29
13116,Lo Espejo,13,Región Metropolitana de Santiago,2020,poblacion_total,Población total,103865.0,personas,population_communal_annual,2026-05-29
13116,Lo Espejo,13,Región Metropolitana de Santiago,2021,poblacion_total,Población total,103381.0,personas,population_communal_annual,2026-05-29
13116,Lo Espejo,13,Región Metropolitana de Santiago,2022,poblacion_total,Población total,102530.0,personas,population_communal_annual,2026-05-29
13116,Lo Espejo,13,Región Metropolitana de Santiago,2023,poblacion_total,Población total,101615.0,personas,population_communal_annual,2026-05-29
13116,Lo Espejo,13,Región Metropolitana de Santiago,2024,poblacion_total,Población total,100694.0,personas,population_communal_annual,2026-05-29
13116,Lo Espejo,13,Región Metropolitana de Santiago,2025,poblacion_total,Población total,99774.0,personas,population_communal_annual,2026-05-29
13116,Lo Espejo,13,Región Metropolitana de Santiago,2026,poblacion_total,Población total,98860.0,personas,population_communal_annual,2026-05-29
13116,Lo Espejo,13,Región Metropolitana de Santiago,2027,poblacion_total,Población total,97948.0,personas,population_communal_annual,2026-05-29
13116,Lo Espejo,13,Región Metropolitana de Santiago,2028,poblacion_total,Población total,97039.0,personas,population_communal_annual,2026-05-29
13116,Lo Espejo,13,Región Metropolitana de Santiago,2029,poblacion_total,Población total,96122.0,personas,population_communal_annual,2026-05-29
13116,Lo Espejo,13,Región Metropolitana de Santiago,2030,poblacion_total,Población total,95206.0,personas,population_communal_annual,2026-05-29
13116,Lo Espejo,13,Región Metropolitana de Santiago,2031,poblacion_total,Población total,94291.0,personas,population_communal_annual,2026-05-29
13116,Lo Espejo,13,Región Metropolitana de Santiago,2032,poblacion_total,Población total,93376.0,personas,population_communal_annual,2026-05-29
13116,Lo Espejo,13,Región Metropolitana de Santiago,2033,poblacion_total,Población total,92457.0,personas,population_communal_annual,2026-05-29
13116,Lo Espejo,13,Región Metropolitana de Santiago,2034,poblacion_total,Población total,91537.0,personas,population_communal_annual,2026-05-29
13116,Lo Espejo,13,Región Metropolitana de Santiago,2035,poblacion_total,Población total,90612.0,personas,population_communal_annual,2026-05-29
13117,Lo Prado,13,Región Metropolitana de Santiago,2002,poblacion_total,Población total,109728.0,personas,population_communal_annual,2026-05-29
13117,Lo Prado,13,Región Metropolitana de Santiago,2003,poblacion_total,Población total,109420.0,personas,population_communal_annual,2026-05-29
13117,Lo Prado,13,Región Metropolitana de Santiago,2004,poblacion_total,Población total,108897.0,personas,population_communal_annual,2026-05-29
13117,Lo Prado,13,Región Metropolitana de Santiago,2005,poblacion_total,Población total,108228.0,personas,population_communal_annual,2026-05-29
13117,Lo Prado,13,Región Metropolitana de Santiago,2006,poblacion_total,Población total,107523.0,personas,population_communal_annual,2026-05-29
13117,Lo Prado,13,Región Metropolitana de Santiago,2007,poblacion_total,Población total,106808.0,personas,population_communal_annual,2026-05-29
13117,Lo Prado,13,Región Metropolitana de Santiago,2008,poblacion_total,Población total,106132.0,personas,population_communal_annual,2026-05-29
13117,Lo Prado,13,Región Metropolitana de Santiago,2009,poblacion_total,Población total,105431.0,personas,population_communal_annual,2026-05-29
13117,Lo Prado,13,Región Metropolitana de Santiago,2010,poblacion_total,Población total,104703.0,personas,population_communal_annual,2026-05-29
13117,Lo Prado,13,Región Metropolitana de Santiago,2011,poblacion_total,Población total,104026.0,personas,population_communal_annual,2026-05-29
13117,Lo Prado,13,Región Metropolitana de Santiago,2012,poblacion_total,Población total,103361.0,personas,population_communal_annual,2026-05-29
13117,Lo Prado,13,Región Metropolitana de Santiago,2013,poblacion_total,Población total,102502.0,personas,population_communal_annual,2026-05-29
13117,Lo Prado,13,Región Metropolitana de Santiago,2014,poblacion_total,Población total,101716.0,personas,population_communal_annual,2026-05-29
13117,Lo Prado,13,Región Metropolitana de Santiago,2015,poblacion_total,Población total,101031.0,personas,population_communal_annual,2026-05-29
13117,Lo Prado,13,Región Metropolitana de Santiago,2016,poblacion_total,Población total,100539.0,personas,population_communal_annual,2026-05-29
13117,Lo Prado,13,Región Metropolitana de Santiago,2017,poblacion_total,Población total,100771.0,personas,population_communal_annual,2026-05-29
13117,Lo Prado,13,Región Metropolitana de Santiago,2018,poblacion_total,Población total,101803.0,personas,population_communal_annual,2026-05-29
13117,Lo Prado,13,Región Metropolitana de Santiago,2019,poblacion_total,Población total,103111.0,personas,population_communal_annual,2026-05-29
13117,Lo Prado,13,Región Metropolitana de Santiago,2020,poblacion_total,Población total,104403.0,personas,population_communal_annual,2026-05-29
13117,Lo Prado,13,Región Metropolitana de Santiago,2021,poblacion_total,Población total,104405.0,personas,population_communal_annual,2026-05-29
13117,Lo Prado,13,Región Metropolitana de Santiago,2022,poblacion_total,Población total,103732.0,personas,population_communal_annual,2026-05-29
13117,Lo Prado,13,Región Metropolitana de Santiago,2023,poblacion_total,Población total,102923.0,personas,population_communal_annual,2026-05-29
13117,Lo Prado,13,Región Metropolitana de Santiago,2024,poblacion_total,Población total,102078.0,personas,population_communal_annual,2026-05-29
13117,Lo Prado,13,Región Metropolitana de Santiago,2025,poblacion_total,Población total,101223.0,personas,population_communal_annual,2026-05-29
13117,Lo Prado,13,Región Metropolitana de Santiago,2026,poblacion_total,Población total,100361.0,personas,population_communal_annual,2026-05-29
13117,Lo Prado,13,Región Metropolitana de Santiago,2027,poblacion_total,Población total,99492.0,personas,population_communal_annual,2026-05-29
13117,Lo Prado,13,Región Metropolitana de Santiago,2028,poblacion_total,Población total,98616.0,personas,population_communal_annual,2026-05-29
13117,Lo Prado,13,Región Metropolitana de Santiago,2029,poblacion_total,Población total,97730.0,personas,population_communal_annual,2026-05-29
13117,Lo Prado,13,Región Metropolitana de Santiago,2030,poblacion_total,Población total,96835.0,personas,population_communal_annual,2026-05-29
13117,Lo Prado,13,Región Metropolitana de Santiago,2031,poblacion_total,Población total,95936.0,personas,population_communal_annual,2026-05-29
13117,Lo Prado,13,Región Metropolitana de Santiago,2032,poblacion_total,Población total,95029.0,personas,population_communal_annual,2026-05-29
13117,Lo Prado,13,Región Metropolitana de Santiago,2033,poblacion_total,Población total,94117.0,personas,population_communal_annual,2026-05-29
13117,Lo Prado,13,Región Metropolitana de Santiago,2034,poblacion_total,Población total,93195.0,personas,population_communal_annual,2026-05-29
13117,Lo Prado,13,Región Metropolitana de Santiago,2035,poblacion_total,Población total,92267.0,personas,population_communal_annual,2026-05-29
13118,Macul,13,Región Metropolitana de Santiago,2002,poblacion_total,Población total,115616.0,personas,population_communal_annual,2026-05-29
13118,Macul,13,Región Metropolitana de Santiago,2003,poblacion_total,Población total,115627.0,personas,population_communal_annual,2026-05-29
13118,Macul,13,Región Metropolitana de Santiago,2004,poblacion_total,Población total,115642.0,personas,population_communal_annual,2026-05-29
13118,Macul,13,Región Metropolitana de Santiago,2005,poblacion_total,Población total,115694.0,personas,population_communal_annual,2026-05-29
13118,Macul,13,Región Metropolitana de Santiago,2006,poblacion_total,Población total,115857.0,personas,population_communal_annual,2026-05-29
13118,Macul,13,Región Metropolitana de Santiago,2007,poblacion_total,Población total,116146.0,personas,population_communal_annual,2026-05-29
13118,Macul,13,Región Metropolitana de Santiago,2008,poblacion_total,Población total,116571.0,personas,population_communal_annual,2026-05-29
13118,Macul,13,Región Metropolitana de Santiago,2009,poblacion_total,Población total,117063.0,personas,population_communal_annual,2026-05-29
13118,Macul,13,Región Metropolitana de Santiago,2010,poblacion_total,Población total,117600.0,personas,population_communal_annual,2026-05-29
13118,Macul,13,Región Metropolitana de Santiago,2011,poblacion_total,Población total,118236.0,personas,population_communal_annual,2026-05-29
13118,Macul,13,Región Metropolitana de Santiago,2012,poblacion_total,Población total,118923.0,personas,population_communal_annual,2026-05-29
13118,Macul,13,Región Metropolitana de Santiago,2013,poblacion_total,Población total,119458.0,personas,population_communal_annual,2026-05-29
13118,Macul,13,Región Metropolitana de Santiago,2014,poblacion_total,Población total,120089.0,personas,population_communal_annual,2026-05-29
13118,Macul,13,Región Metropolitana de Santiago,2015,poblacion_total,Población total,120843.0,personas,population_communal_annual,2026-05-29
13118,Macul,13,Región Metropolitana de Santiago,2016,poblacion_total,Población total,121787.0,personas,population_communal_annual,2026-05-29
13118,Macul,13,Región Metropolitana de Santiago,2017,poblacion_total,Población total,123420.0,personas,population_communal_annual,2026-05-29
13118,Macul,13,Región Metropolitana de Santiago,2018,poblacion_total,Población total,126804.0,personas,population_communal_annual,2026-05-29
13118,Macul,13,Región Metropolitana de Santiago,2019,poblacion_total,Población total,130467.0,personas,population_communal_annual,2026-05-29
13118,Macul,13,Región Metropolitana de Santiago,2020,poblacion_total,Población total,134635.0,personas,population_communal_annual,2026-05-29
13118,Macul,13,Región Metropolitana de Santiago,2021,poblacion_total,Población total,136278.0,personas,population_communal_annual,2026-05-29
13118,Macul,13,Región Metropolitana de Santiago,2022,poblacion_total,Población total,137079.0,personas,population_communal_annual,2026-05-29
13118,Macul,13,Región Metropolitana de Santiago,2023,poblacion_total,Población total,137735.0,personas,population_communal_annual,2026-05-29
13118,Macul,13,Región Metropolitana de Santiago,2024,poblacion_total,Población total,138361.0,personas,population_communal_annual,2026-05-29
13118,Macul,13,Región Metropolitana de Santiago,2025,poblacion_total,Población total,138951.0,personas,population_communal_annual,2026-05-29
13118,Macul,13,Región Metropolitana de Santiago,2026,poblacion_total,Población total,139522.0,personas,population_communal_annual,2026-05-29
13118,Macul,13,Región Metropolitana de Santiago,2027,poblacion_total,Población total,140069.0,personas,population_communal_annual,2026-05-29
13118,Macul,13,Región Metropolitana de Santiago,2028,poblacion_total,Población total,140586.0,personas,population_communal_annual,2026-05-29
13118,Macul,13,Región Metropolitana de Santiago,2029,poblacion_total,Población total,141070.0,personas,population_communal_annual,2026-05-29
13118,Macul,13,Región Metropolitana de Santiago,2030,poblacion_total,Población total,141516.0,personas,population_communal_annual,2026-05-29
13118,Macul,13,Región Metropolitana de Santiago,2031,poblacion_total,Población total,141938.0,personas,population_communal_annual,2026-05-29
13118,Macul,13,Región Metropolitana de Santiago,2032,poblacion_total,Población total,142324.0,personas,population_communal_annual,2026-05-29
13118,Macul,13,Región Metropolitana de Santiago,2033,poblacion_total,Población total,142675.0,personas,population_communal_annual,2026-05-29
13118,Macul,13,Región Metropolitana de Santiago,2034,poblacion_total,Población total,142980.0,personas,population_communal_annual,2026-05-29
13118,Macul,13,Región Metropolitana de Santiago,2035,poblacion_total,Población total,143248.0,personas,population_communal_annual,2026-05-29
13119,Maipú,13,Región Metropolitana de Santiago,2002,poblacion_total,Población total,483980.0,personas,population_communal_annual,2026-05-29
13119,Maipú,13,Región Metropolitana de Santiago,2003,poblacion_total,Población total,491102.0,personas,population_communal_annual,2026-05-29
13119,Maipú,13,Región Metropolitana de Santiago,2004,poblacion_total,Población total,497093.0,personas,population_communal_annual,2026-05-29
13119,Maipú,13,Región Metropolitana de Santiago,2005,poblacion_total,Población total,502319.0,personas,population_communal_annual,2026-05-29
13119,Maipú,13,Región Metropolitana de Santiago,2006,poblacion_total,Población total,507149.0,personas,population_communal_annual,2026-05-29
13119,Maipú,13,Región Metropolitana de Santiago,2007,poblacion_total,Población total,511794.0,personas,population_communal_annual,2026-05-29
13119,Maipú,13,Región Metropolitana de Santiago,2008,poblacion_total,Población total,516374.0,personas,population_communal_annual,2026-05-29
13119,Maipú,13,Región Metropolitana de Santiago,2009,poblacion_total,Población total,520755.0,personas,population_communal_annual,2026-05-29
13119,Maipú,13,Región Metropolitana de Santiago,2010,poblacion_total,Población total,524888.0,personas,population_communal_annual,2026-05-29
13119,Maipú,13,Región Metropolitana de Santiago,2011,poblacion_total,Población total,528829.0,personas,population_communal_annual,2026-05-29
13119,Maipú,13,Región Metropolitana de Santiago,2012,poblacion_total,Población total,532529.0,personas,population_communal_annual,2026-05-29
13119,Maipú,13,Región Metropolitana de Santiago,2013,poblacion_total,Población total,535609.0,personas,population_communal_annual,2026-05-29
13119,Maipú,13,Región Metropolitana de Santiago,2014,poblacion_total,Población total,538660.0,personas,population_communal_annual,2026-05-29
13119,Maipú,13,Región Metropolitana de Santiago,2015,poblacion_total,Población total,541811.0,personas,population_communal_annual,2026-05-29
13119,Maipú,13,Región Metropolitana de Santiago,2016,poblacion_total,Población total,545053.0,personas,population_communal_annual,2026-05-29
13119,Maipú,13,Región Metropolitana de Santiago,2017,poblacion_total,Población total,549261.0,personas,population_communal_annual,2026-05-29
13119,Maipú,13,Región Metropolitana de Santiago,2018,poblacion_total,Población total,556715.0,personas,population_communal_annual,2026-05-29
13119,Maipú,13,Región Metropolitana de Santiago,2019,poblacion_total,Población total,566664.0,personas,population_communal_annual,2026-05-29
13119,Maipú,13,Región Metropolitana de Santiago,2020,poblacion_total,Población total,578605.0,personas,population_communal_annual,2026-05-29
13119,Maipú,13,Región Metropolitana de Santiago,2021,poblacion_total,Población total,584053.0,personas,population_communal_annual,2026-05-29
13119,Maipú,13,Región Metropolitana de Santiago,2022,poblacion_total,Población total,585684.0,personas,population_communal_annual,2026-05-29
13119,Maipú,13,Región Metropolitana de Santiago,2023,poblacion_total,Población total,586337.0,personas,population_communal_annual,2026-05-29
13119,Maipú,13,Región Metropolitana de Santiago,2024,poblacion_total,Población total,586812.0,personas,population_communal_annual,2026-05-29
13119,Maipú,13,Región Metropolitana de Santiago,2025,poblacion_total,Población total,587189.0,personas,population_communal_annual,2026-05-29
13119,Maipú,13,Región Metropolitana de Santiago,2026,poblacion_total,Población total,587508.0,personas,population_communal_annual,2026-05-29
13119,Maipú,13,Región Metropolitana de Santiago,2027,poblacion_total,Población total,587783.0,personas,population_communal_annual,2026-05-29
13119,Maipú,13,Región Metropolitana de Santiago,2028,poblacion_total,Población total,588020.0,personas,population_communal_annual,2026-05-29
13119,Maipú,13,Región Metropolitana de Santiago,2029,poblacion_total,Población total,588226.0,personas,population_communal_annual,2026-05-29
13119,Maipú,13,Región Metropolitana de Santiago,2030,poblacion_total,Población total,588409.0,personas,population_communal_annual,2026-05-29
13119,Maipú,13,Región Metropolitana de Santiago,2031,poblacion_total,Población total,588568.0,personas,population_communal_annual,2026-05-29
13119,Maipú,13,Región Metropolitana de Santiago,2032,poblacion_total,Población total,588710.0,personas,population_communal_annual,2026-05-29
13119,Maipú,13,Región Metropolitana de Santiago,2033,poblacion_total,Población total,588836.0,personas,population_communal_annual,2026-05-29
13119,Maipú,13,Región Metropolitana de Santiago,2034,poblacion_total,Población total,588947.0,personas,population_communal_annual,2026-05-29
13119,Maipú,13,Región Metropolitana de Santiago,2035,poblacion_total,Población total,589048.0,personas,population_communal_annual,2026-05-29
13120,Ñuñoa,13,Región Metropolitana de Santiago,2002,poblacion_total,Población total,168511.0,personas,population_communal_annual,2026-05-29
13120,Ñuñoa,13,Región Metropolitana de Santiago,2003,poblacion_total,Población total,172118.0,personas,population_communal_annual,2026-05-29
13120,Ñuñoa,13,Región Metropolitana de Santiago,2004,poblacion_total,Población total,175488.0,personas,population_communal_annual,2026-05-29
13120,Ñuñoa,13,Región Metropolitana de Santiago,2005,poblacion_total,Población total,178672.0,personas,population_communal_annual,2026-05-29
13120,Ñuñoa,13,Región Metropolitana de Santiago,2006,poblacion_total,Población total,181850.0,personas,population_communal_annual,2026-05-29
13120,Ñuñoa,13,Región Metropolitana de Santiago,2007,poblacion_total,Población total,185075.0,personas,population_communal_annual,2026-05-29
13120,Ñuñoa,13,Región Metropolitana de Santiago,2008,poblacion_total,Población total,188411.0,personas,population_communal_annual,2026-05-29
13120,Ñuñoa,13,Región Metropolitana de Santiago,2009,poblacion_total,Población total,191729.0,personas,population_communal_annual,2026-05-29
13120,Ñuñoa,13,Región Metropolitana de Santiago,2010,poblacion_total,Población total,195036.0,personas,population_communal_annual,2026-05-29
13120,Ñuñoa,13,Región Metropolitana de Santiago,2011,poblacion_total,Población total,198518.0,personas,population_communal_annual,2026-05-29
13120,Ñuñoa,13,Región Metropolitana de Santiago,2012,poblacion_total,Población total,202073.0,personas,population_communal_annual,2026-05-29
13120,Ñuñoa,13,Región Metropolitana de Santiago,2013,poblacion_total,Población total,205208.0,personas,population_communal_annual,2026-05-29
13120,Ñuñoa,13,Región Metropolitana de Santiago,2014,poblacion_total,Población total,208542.0,personas,population_communal_annual,2026-05-29
13120,Ñuñoa,13,Región Metropolitana de Santiago,2015,poblacion_total,Población total,212137.0,personas,population_communal_annual,2026-05-29
13120,Ñuñoa,13,Región Metropolitana de Santiago,2016,poblacion_total,Población total,216230.0,personas,population_communal_annual,2026-05-29
13120,Ñuñoa,13,Región Metropolitana de Santiago,2017,poblacion_total,Población total,222055.0,personas,population_communal_annual,2026-05-29
13120,Ñuñoa,13,Región Metropolitana de Santiago,2018,poblacion_total,Población total,230808.0,personas,population_communal_annual,2026-05-29
13120,Ñuñoa,13,Región Metropolitana de Santiago,2019,poblacion_total,Población total,240753.0,personas,population_communal_annual,2026-05-29
13120,Ñuñoa,13,Región Metropolitana de Santiago,2020,poblacion_total,Población total,250192.0,personas,population_communal_annual,2026-05-29
13120,Ñuñoa,13,Región Metropolitana de Santiago,2021,poblacion_total,Población total,255823.0,personas,population_communal_annual,2026-05-29
13120,Ñuñoa,13,Región Metropolitana de Santiago,2022,poblacion_total,Población total,259712.0,personas,population_communal_annual,2026-05-29
13120,Ñuñoa,13,Región Metropolitana de Santiago,2023,poblacion_total,Población total,263319.0,personas,population_communal_annual,2026-05-29
13120,Ñuñoa,13,Región Metropolitana de Santiago,2024,poblacion_total,Población total,266906.0,personas,population_communal_annual,2026-05-29
13120,Ñuñoa,13,Región Metropolitana de Santiago,2025,poblacion_total,Población total,270521.0,personas,population_communal_annual,2026-05-29
13120,Ñuñoa,13,Región Metropolitana de Santiago,2026,poblacion_total,Población total,274180.0,personas,population_communal_annual,2026-05-29
13120,Ñuñoa,13,Región Metropolitana de Santiago,2027,poblacion_total,Población total,277880.0,personas,population_communal_annual,2026-05-29
13120,Ñuñoa,13,Región Metropolitana de Santiago,2028,poblacion_total,Población total,281629.0,personas,population_communal_annual,2026-05-29
13120,Ñuñoa,13,Región Metropolitana de Santiago,2029,poblacion_total,Población total,285411.0,personas,population_communal_annual,2026-05-29
13120,Ñuñoa,13,Región Metropolitana de Santiago,2030,poblacion_total,Población total,289237.0,personas,population_communal_annual,2026-05-29
13120,Ñuñoa,13,Región Metropolitana de Santiago,2031,poblacion_total,Población total,293114.0,personas,population_communal_annual,2026-05-29
13120,Ñuñoa,13,Región Metropolitana de Santiago,2032,poblacion_total,Población total,297049.0,personas,population_communal_annual,2026-05-29
13120,Ñuñoa,13,Región Metropolitana de Santiago,2033,poblacion_total,Población total,301024.0,personas,population_communal_annual,2026-05-29
13120,Ñuñoa,13,Región Metropolitana de Santiago,2034,poblacion_total,Población total,305053.0,personas,population_communal_annual,2026-05-29
13120,Ñuñoa,13,Región Metropolitana de Santiago,2035,poblacion_total,Población total,309128.0,personas,population_communal_annual,2026-05-29
13121,Pedro Aguirre Cerda,13,Región Metropolitana de Santiago,2002,poblacion_total,Población total,122133.0,personas,population_communal_annual,2026-05-29
13121,Pedro Aguirre Cerda,13,Región Metropolitana de Santiago,2003,poblacion_total,Población total,121280.0,personas,population_communal_annual,2026-05-29
13121,Pedro Aguirre Cerda,13,Región Metropolitana de Santiago,2004,poblacion_total,Población total,120204.0,personas,population_communal_annual,2026-05-29
13121,Pedro Aguirre Cerda,13,Región Metropolitana de Santiago,2005,poblacion_total,Población total,118995.0,personas,population_communal_annual,2026-05-29
13121,Pedro Aguirre Cerda,13,Región Metropolitana de Santiago,2006,poblacion_total,Población total,117764.0,personas,population_communal_annual,2026-05-29
13121,Pedro Aguirre Cerda,13,Región Metropolitana de Santiago,2007,poblacion_total,Población total,116547.0,personas,population_communal_annual,2026-05-29
13121,Pedro Aguirre Cerda,13,Región Metropolitana de Santiago,2008,poblacion_total,Población total,115384.0,personas,population_communal_annual,2026-05-29
13121,Pedro Aguirre Cerda,13,Región Metropolitana de Santiago,2009,poblacion_total,Población total,114224.0,personas,population_communal_annual,2026-05-29
13121,Pedro Aguirre Cerda,13,Región Metropolitana de Santiago,2010,poblacion_total,Población total,113065.0,personas,population_communal_annual,2026-05-29
13121,Pedro Aguirre Cerda,13,Región Metropolitana de Santiago,2011,poblacion_total,Población total,111954.0,personas,population_communal_annual,2026-05-29
13121,Pedro Aguirre Cerda,13,Región Metropolitana de Santiago,2012,poblacion_total,Población total,110864.0,personas,population_communal_annual,2026-05-29
13121,Pedro Aguirre Cerda,13,Región Metropolitana de Santiago,2013,poblacion_total,Población total,109634.0,personas,population_communal_annual,2026-05-29
13121,Pedro Aguirre Cerda,13,Región Metropolitana de Santiago,2014,poblacion_total,Población total,108481.0,personas,population_communal_annual,2026-05-29
13121,Pedro Aguirre Cerda,13,Región Metropolitana de Santiago,2015,poblacion_total,Población total,107435.0,personas,population_communal_annual,2026-05-29
13121,Pedro Aguirre Cerda,13,Región Metropolitana de Santiago,2016,poblacion_total,Población total,106560.0,personas,population_communal_annual,2026-05-29
13121,Pedro Aguirre Cerda,13,Región Metropolitana de Santiago,2017,poblacion_total,Población total,106257.0,personas,population_communal_annual,2026-05-29
13121,Pedro Aguirre Cerda,13,Región Metropolitana de Santiago,2018,poblacion_total,Población total,106605.0,personas,population_communal_annual,2026-05-29
13121,Pedro Aguirre Cerda,13,Región Metropolitana de Santiago,2019,poblacion_total,Población total,107205.0,personas,population_communal_annual,2026-05-29
13121,Pedro Aguirre Cerda,13,Región Metropolitana de Santiago,2020,poblacion_total,Población total,107803.0,personas,population_communal_annual,2026-05-29
13121,Pedro Aguirre Cerda,13,Región Metropolitana de Santiago,2021,poblacion_total,Población total,107409.0,personas,population_communal_annual,2026-05-29
13121,Pedro Aguirre Cerda,13,Región Metropolitana de Santiago,2022,poblacion_total,Población total,106496.0,personas,population_communal_annual,2026-05-29
13121,Pedro Aguirre Cerda,13,Región Metropolitana de Santiago,2023,poblacion_total,Población total,105483.0,personas,population_communal_annual,2026-05-29
13121,Pedro Aguirre Cerda,13,Región Metropolitana de Santiago,2024,poblacion_total,Población total,104462.0,personas,population_communal_annual,2026-05-29
13121,Pedro Aguirre Cerda,13,Región Metropolitana de Santiago,2025,poblacion_total,Población total,103434.0,personas,population_communal_annual,2026-05-29
13121,Pedro Aguirre Cerda,13,Región Metropolitana de Santiago,2026,poblacion_total,Población total,102412.0,personas,population_communal_annual,2026-05-29
13121,Pedro Aguirre Cerda,13,Región Metropolitana de Santiago,2027,poblacion_total,Población total,101393.0,personas,population_communal_annual,2026-05-29
13121,Pedro Aguirre Cerda,13,Región Metropolitana de Santiago,2028,poblacion_total,Población total,100379.0,personas,population_communal_annual,2026-05-29
13121,Pedro Aguirre Cerda,13,Región Metropolitana de Santiago,2029,poblacion_total,Población total,99358.0,personas,population_communal_annual,2026-05-29
13121,Pedro Aguirre Cerda,13,Región Metropolitana de Santiago,2030,poblacion_total,Población total,98337.0,personas,population_communal_annual,2026-05-29
13121,Pedro Aguirre Cerda,13,Región Metropolitana de Santiago,2031,poblacion_total,Población total,97319.0,personas,population_communal_annual,2026-05-29
13121,Pedro Aguirre Cerda,13,Región Metropolitana de Santiago,2032,poblacion_total,Población total,96303.0,personas,population_communal_annual,2026-05-29
13121,Pedro Aguirre Cerda,13,Región Metropolitana de Santiago,2033,poblacion_total,Población total,95278.0,personas,population_communal_annual,2026-05-29
13121,Pedro Aguirre Cerda,13,Región Metropolitana de Santiago,2034,poblacion_total,Población total,94263.0,personas,population_communal_annual,2026-05-29
13121,Pedro Aguirre Cerda,13,Región Metropolitana de Santiago,2035,poblacion_total,Población total,93240.0,personas,population_communal_annual,2026-05-29
13122,Peñalolén,13,Región Metropolitana de Santiago,2002,poblacion_total,Población total,223363.0,personas,population_communal_annual,2026-05-29
13122,Peñalolén,13,Región Metropolitana de Santiago,2003,poblacion_total,Población total,226304.0,personas,population_communal_annual,2026-05-29
13122,Peñalolén,13,Región Metropolitana de Santiago,2004,poblacion_total,Población total,228774.0,personas,population_communal_annual,2026-05-29
13122,Peñalolén,13,Región Metropolitana de Santiago,2005,poblacion_total,Población total,230918.0,personas,population_communal_annual,2026-05-29
13122,Peñalolén,13,Región Metropolitana de Santiago,2006,poblacion_total,Población total,232935.0,personas,population_communal_annual,2026-05-29
13122,Peñalolén,13,Región Metropolitana de Santiago,2007,poblacion_total,Población total,234907.0,personas,population_communal_annual,2026-05-29
13122,Peñalolén,13,Región Metropolitana de Santiago,2008,poblacion_total,Población total,236896.0,personas,population_communal_annual,2026-05-29
13122,Peñalolén,13,Región Metropolitana de Santiago,2009,poblacion_total,Población total,238809.0,personas,population_communal_annual,2026-05-29
13122,Peñalolén,13,Región Metropolitana de Santiago,2010,poblacion_total,Población total,240638.0,personas,population_communal_annual,2026-05-29
13122,Peñalolén,13,Región Metropolitana de Santiago,2011,poblacion_total,Población total,242476.0,personas,population_communal_annual,2026-05-29
13122,Peñalolén,13,Región Metropolitana de Santiago,2012,poblacion_total,Población total,244273.0,personas,population_communal_annual,2026-05-29
13122,Peñalolén,13,Región Metropolitana de Santiago,2013,poblacion_total,Población total,245694.0,personas,population_communal_annual,2026-05-29
13122,Peñalolén,13,Región Metropolitana de Santiago,2014,poblacion_total,Población total,247192.0,personas,population_communal_annual,2026-05-29
13122,Peñalolén,13,Región Metropolitana de Santiago,2015,poblacion_total,Población total,248824.0,personas,population_communal_annual,2026-05-29
13122,Peñalolén,13,Región Metropolitana de Santiago,2016,poblacion_total,Población total,250696.0,personas,population_communal_annual,2026-05-29
13122,Peñalolén,13,Región Metropolitana de Santiago,2017,poblacion_total,Población total,253606.0,personas,population_communal_annual,2026-05-29
13122,Peñalolén,13,Región Metropolitana de Santiago,2018,poblacion_total,Población total,257714.0,personas,population_communal_annual,2026-05-29
13122,Peñalolén,13,Región Metropolitana de Santiago,2019,poblacion_total,Población total,262268.0,personas,population_communal_annual,2026-05-29
13122,Peñalolén,13,Región Metropolitana de Santiago,2020,poblacion_total,Población total,266798.0,personas,population_communal_annual,2026-05-29
13122,Peñalolén,13,Región Metropolitana de Santiago,2021,poblacion_total,Población total,269296.0,personas,population_communal_annual,2026-05-29
13122,Peñalolén,13,Región Metropolitana de Santiago,2022,poblacion_total,Población total,270707.0,personas,population_communal_annual,2026-05-29
13122,Peñalolén,13,Región Metropolitana de Santiago,2023,poblacion_total,Población total,271854.0,personas,population_communal_annual,2026-05-29
13122,Peñalolén,13,Región Metropolitana de Santiago,2024,poblacion_total,Población total,272913.0,personas,population_communal_annual,2026-05-29
13122,Peñalolén,13,Región Metropolitana de Santiago,2025,poblacion_total,Población total,273909.0,personas,population_communal_annual,2026-05-29
13122,Peñalolén,13,Región Metropolitana de Santiago,2026,poblacion_total,Población total,274846.0,personas,population_communal_annual,2026-05-29
13122,Peñalolén,13,Región Metropolitana de Santiago,2027,poblacion_total,Población total,275715.0,personas,population_communal_annual,2026-05-29
13122,Peñalolén,13,Región Metropolitana de Santiago,2028,poblacion_total,Población total,276523.0,personas,population_communal_annual,2026-05-29
13122,Peñalolén,13,Región Metropolitana de Santiago,2029,poblacion_total,Población total,277251.0,personas,population_communal_annual,2026-05-29
13122,Peñalolén,13,Región Metropolitana de Santiago,2030,poblacion_total,Población total,277899.0,personas,population_communal_annual,2026-05-29
13122,Peñalolén,13,Región Metropolitana de Santiago,2031,poblacion_total,Población total,278484.0,personas,population_communal_annual,2026-05-29
13122,Peñalolén,13,Región Metropolitana de Santiago,2032,poblacion_total,Población total,278997.0,personas,population_communal_annual,2026-05-29
13122,Peñalolén,13,Región Metropolitana de Santiago,2033,poblacion_total,Población total,279431.0,personas,population_communal_annual,2026-05-29
13122,Peñalolén,13,Región Metropolitana de Santiago,2034,poblacion_total,Población total,279785.0,personas,population_communal_annual,2026-05-29
13122,Peñalolén,13,Región Metropolitana de Santiago,2035,poblacion_total,Población total,280053.0,personas,population_communal_annual,2026-05-29
13123,Providencia,13,Región Metropolitana de Santiago,2002,poblacion_total,Población total,121873.0,personas,population_communal_annual,2026-05-29
13123,Providencia,13,Región Metropolitana de Santiago,2003,poblacion_total,Población total,122849.0,personas,population_communal_annual,2026-05-29
13123,Providencia,13,Región Metropolitana de Santiago,2004,poblacion_total,Población total,124069.0,personas,population_communal_annual,2026-05-29
13123,Providencia,13,Región Metropolitana de Santiago,2005,poblacion_total,Población total,125317.0,personas,population_communal_annual,2026-05-29
13123,Providencia,13,Región Metropolitana de Santiago,2006,poblacion_total,Población total,126680.0,personas,population_communal_annual,2026-05-29
13123,Providencia,13,Región Metropolitana de Santiago,2007,poblacion_total,Población total,128141.0,personas,population_communal_annual,2026-05-29
13123,Providencia,13,Región Metropolitana de Santiago,2008,poblacion_total,Población total,129736.0,personas,population_communal_annual,2026-05-29
13123,Providencia,13,Región Metropolitana de Santiago,2009,poblacion_total,Población total,131330.0,personas,population_communal_annual,2026-05-29
13123,Providencia,13,Región Metropolitana de Santiago,2010,poblacion_total,Población total,132932.0,personas,population_communal_annual,2026-05-29
13123,Providencia,13,Región Metropolitana de Santiago,2011,poblacion_total,Población total,134719.0,personas,population_communal_annual,2026-05-29
13123,Providencia,13,Región Metropolitana de Santiago,2012,poblacion_total,Población total,136592.0,personas,population_communal_annual,2026-05-29
13123,Providencia,13,Región Metropolitana de Santiago,2013,poblacion_total,Población total,138059.0,personas,population_communal_annual,2026-05-29
13123,Providencia,13,Región Metropolitana de Santiago,2014,poblacion_total,Población total,139693.0,personas,population_communal_annual,2026-05-29
13123,Providencia,13,Región Metropolitana de Santiago,2015,poblacion_total,Población total,141537.0,personas,population_communal_annual,2026-05-29
13123,Providencia,13,Región Metropolitana de Santiago,2016,poblacion_total,Población total,143849.0,personas,population_communal_annual,2026-05-29
13123,Providencia,13,Región Metropolitana de Santiago,2017,poblacion_total,Población total,147826.0,personas,population_communal_annual,2026-05-29
13123,Providencia,13,Región Metropolitana de Santiago,2018,poblacion_total,Población total,151042.0,personas,population_communal_annual,2026-05-29
13123,Providencia,13,Región Metropolitana de Santiago,2019,poblacion_total,Población total,154446.0,personas,population_communal_annual,2026-05-29
13123,Providencia,13,Región Metropolitana de Santiago,2020,poblacion_total,Población total,157749.0,personas,population_communal_annual,2026-05-29
13123,Providencia,13,Región Metropolitana de Santiago,2021,poblacion_total,Población total,160043.0,personas,population_communal_annual,2026-05-29
13123,Providencia,13,Región Metropolitana de Santiago,2022,poblacion_total,Población total,161568.0,personas,population_communal_annual,2026-05-29
13123,Providencia,13,Región Metropolitana de Santiago,2023,poblacion_total,Población total,162837.0,personas,population_communal_annual,2026-05-29
13123,Providencia,13,Región Metropolitana de Santiago,2024,poblacion_total,Población total,164009.0,personas,population_communal_annual,2026-05-29
13123,Providencia,13,Región Metropolitana de Santiago,2025,poblacion_total,Población total,165134.0,personas,population_communal_annual,2026-05-29
13123,Providencia,13,Región Metropolitana de Santiago,2026,poblacion_total,Población total,166220.0,personas,population_communal_annual,2026-05-29
13123,Providencia,13,Región Metropolitana de Santiago,2027,poblacion_total,Población total,167273.0,personas,population_communal_annual,2026-05-29
13123,Providencia,13,Región Metropolitana de Santiago,2028,poblacion_total,Población total,168282.0,personas,population_communal_annual,2026-05-29
13123,Providencia,13,Región Metropolitana de Santiago,2029,poblacion_total,Población total,169245.0,personas,population_communal_annual,2026-05-29
13123,Providencia,13,Región Metropolitana de Santiago,2030,poblacion_total,Población total,170166.0,personas,population_communal_annual,2026-05-29
13123,Providencia,13,Región Metropolitana de Santiago,2031,poblacion_total,Población total,171043.0,personas,population_communal_annual,2026-05-29
13123,Providencia,13,Región Metropolitana de Santiago,2032,poblacion_total,Población total,171883.0,personas,population_communal_annual,2026-05-29
13123,Providencia,13,Región Metropolitana de Santiago,2033,poblacion_total,Población total,172678.0,personas,population_communal_annual,2026-05-29
13123,Providencia,13,Región Metropolitana de Santiago,2034,poblacion_total,Población total,173430.0,personas,population_communal_annual,2026-05-29
13123,Providencia,13,Región Metropolitana de Santiago,2035,poblacion_total,Población total,174123.0,personas,population_communal_annual,2026-05-29
13124,Pudahuel,13,Región Metropolitana de Santiago,2002,poblacion_total,Población total,201805.0,personas,population_communal_annual,2026-05-29
13124,Pudahuel,13,Región Metropolitana de Santiago,2003,poblacion_total,Población total,204526.0,personas,population_communal_annual,2026-05-29
13124,Pudahuel,13,Región Metropolitana de Santiago,2004,poblacion_total,Población total,207378.0,personas,population_communal_annual,2026-05-29
13124,Pudahuel,13,Región Metropolitana de Santiago,2005,poblacion_total,Población total,210142.0,personas,population_communal_annual,2026-05-29
13124,Pudahuel,13,Región Metropolitana de Santiago,2006,poblacion_total,Población total,212866.0,personas,population_communal_annual,2026-05-29
13124,Pudahuel,13,Región Metropolitana de Santiago,2007,poblacion_total,Población total,215607.0,personas,population_communal_annual,2026-05-29
13124,Pudahuel,13,Región Metropolitana de Santiago,2008,poblacion_total,Población total,218380.0,personas,population_communal_annual,2026-05-29
13124,Pudahuel,13,Región Metropolitana de Santiago,2009,poblacion_total,Población total,221107.0,personas,population_communal_annual,2026-05-29
13124,Pudahuel,13,Región Metropolitana de Santiago,2010,poblacion_total,Población total,223757.0,personas,population_communal_annual,2026-05-29
13124,Pudahuel,13,Región Metropolitana de Santiago,2011,poblacion_total,Población total,226371.0,personas,population_communal_annual,2026-05-29
13124,Pudahuel,13,Región Metropolitana de Santiago,2012,poblacion_total,Población total,228894.0,personas,population_communal_annual,2026-05-29
13124,Pudahuel,13,Región Metropolitana de Santiago,2013,poblacion_total,Población total,231137.0,personas,population_communal_annual,2026-05-29
13124,Pudahuel,13,Región Metropolitana de Santiago,2014,poblacion_total,Población total,233382.0,personas,population_communal_annual,2026-05-29
13124,Pudahuel,13,Región Metropolitana de Santiago,2015,poblacion_total,Población total,235673.0,personas,population_communal_annual,2026-05-29
13124,Pudahuel,13,Región Metropolitana de Santiago,2016,poblacion_total,Población total,238048.0,personas,population_communal_annual,2026-05-29
13124,Pudahuel,13,Región Metropolitana de Santiago,2017,poblacion_total,Población total,240958.0,personas,population_communal_annual,2026-05-29
13124,Pudahuel,13,Región Metropolitana de Santiago,2018,poblacion_total,Población total,244526.0,personas,population_communal_annual,2026-05-29
13124,Pudahuel,13,Región Metropolitana de Santiago,2019,poblacion_total,Población total,248347.0,personas,population_communal_annual,2026-05-29
13124,Pudahuel,13,Región Metropolitana de Santiago,2020,poblacion_total,Población total,253139.0,personas,population_communal_annual,2026-05-29
13124,Pudahuel,13,Región Metropolitana de Santiago,2021,poblacion_total,Población total,256607.0,personas,population_communal_annual,2026-05-29
13124,Pudahuel,13,Región Metropolitana de Santiago,2022,poblacion_total,Población total,258535.0,personas,population_communal_annual,2026-05-29
13124,Pudahuel,13,Región Metropolitana de Santiago,2023,poblacion_total,Población total,260129.0,personas,population_communal_annual,2026-05-29
13124,Pudahuel,13,Región Metropolitana de Santiago,2024,poblacion_total,Población total,261596.0,personas,population_communal_annual,2026-05-29
13124,Pudahuel,13,Región Metropolitana de Santiago,2025,poblacion_total,Población total,262943.0,personas,population_communal_annual,2026-05-29
13124,Pudahuel,13,Región Metropolitana de Santiago,2026,poblacion_total,Población total,264180.0,personas,population_communal_annual,2026-05-29
13124,Pudahuel,13,Región Metropolitana de Santiago,2027,poblacion_total,Población total,265293.0,personas,population_communal_annual,2026-05-29
13124,Pudahuel,13,Región Metropolitana de Santiago,2028,poblacion_total,Población total,266287.0,personas,population_communal_annual,2026-05-29
13124,Pudahuel,13,Región Metropolitana de Santiago,2029,poblacion_total,Población total,267150.0,personas,population_communal_annual,2026-05-29
13124,Pudahuel,13,Región Metropolitana de Santiago,2030,poblacion_total,Población total,267886.0,personas,population_communal_annual,2026-05-29
13124,Pudahuel,13,Región Metropolitana de Santiago,2031,poblacion_total,Población total,268510.0,personas,population_communal_annual,2026-05-29
13124,Pudahuel,13,Región Metropolitana de Santiago,2032,poblacion_total,Población total,269009.0,personas,population_communal_annual,2026-05-29
13124,Pudahuel,13,Región Metropolitana de Santiago,2033,poblacion_total,Población total,269388.0,personas,population_communal_annual,2026-05-29
13124,Pudahuel,13,Región Metropolitana de Santiago,2034,poblacion_total,Población total,269646.0,personas,population_communal_annual,2026-05-29
13124,Pudahuel,13,Región Metropolitana de Santiago,2035,poblacion_total,Población total,269782.0,personas,population_communal_annual,2026-05-29
13125,Quilicura,13,Región Metropolitana de Santiago,2002,poblacion_total,Población total,131411.0,personas,population_communal_annual,2026-05-29
13125,Quilicura,13,Región Metropolitana de Santiago,2003,poblacion_total,Población total,137208.0,personas,population_communal_annual,2026-05-29
13125,Quilicura,13,Región Metropolitana de Santiago,2004,poblacion_total,Población total,143200.0,personas,population_communal_annual,2026-05-29
13125,Quilicura,13,Región Metropolitana de Santiago,2005,poblacion_total,Población total,149162.0,personas,population_communal_annual,2026-05-29
13125,Quilicura,13,Región Metropolitana de Santiago,2006,poblacion_total,Población total,155179.0,personas,population_communal_annual,2026-05-29
13125,Quilicura,13,Región Metropolitana de Santiago,2007,poblacion_total,Población total,161246.0,personas,population_communal_annual,2026-05-29
13125,Quilicura,13,Región Metropolitana de Santiago,2008,poblacion_total,Población total,167378.0,personas,population_communal_annual,2026-05-29
13125,Quilicura,13,Región Metropolitana de Santiago,2009,poblacion_total,Población total,173447.0,personas,population_communal_annual,2026-05-29
13125,Quilicura,13,Región Metropolitana de Santiago,2010,poblacion_total,Población total,179438.0,personas,population_communal_annual,2026-05-29
13125,Quilicura,13,Región Metropolitana de Santiago,2011,poblacion_total,Población total,185515.0,personas,population_communal_annual,2026-05-29
13125,Quilicura,13,Región Metropolitana de Santiago,2012,poblacion_total,Población total,191560.0,personas,population_communal_annual,2026-05-29
13125,Quilicura,13,Región Metropolitana de Santiago,2013,poblacion_total,Población total,197087.0,personas,population_communal_annual,2026-05-29
13125,Quilicura,13,Región Metropolitana de Santiago,2014,poblacion_total,Población total,202688.0,personas,population_communal_annual,2026-05-29
13125,Quilicura,13,Región Metropolitana de Santiago,2015,poblacion_total,Población total,208394.0,personas,population_communal_annual,2026-05-29
13125,Quilicura,13,Región Metropolitana de Santiago,2016,poblacion_total,Población total,214449.0,personas,population_communal_annual,2026-05-29
13125,Quilicura,13,Región Metropolitana de Santiago,2017,poblacion_total,Población total,222048.0,personas,population_communal_annual,2026-05-29
13125,Quilicura,13,Región Metropolitana de Santiago,2018,poblacion_total,Población total,232342.0,personas,population_communal_annual,2026-05-29
13125,Quilicura,13,Región Metropolitana de Santiago,2019,poblacion_total,Población total,243112.0,personas,population_communal_annual,2026-05-29
13125,Quilicura,13,Región Metropolitana de Santiago,2020,poblacion_total,Población total,254694.0,personas,population_communal_annual,2026-05-29
13125,Quilicura,13,Región Metropolitana de Santiago,2021,poblacion_total,Población total,261993.0,personas,population_communal_annual,2026-05-29
13125,Quilicura,13,Región Metropolitana de Santiago,2022,poblacion_total,Población total,266818.0,personas,population_communal_annual,2026-05-29
13125,Quilicura,13,Región Metropolitana de Santiago,2023,poblacion_total,Población total,271385.0,personas,population_communal_annual,2026-05-29
13125,Quilicura,13,Región Metropolitana de Santiago,2024,poblacion_total,Población total,275744.0,personas,population_communal_annual,2026-05-29
13125,Quilicura,13,Región Metropolitana de Santiago,2025,poblacion_total,Población total,279737.0,personas,population_communal_annual,2026-05-29
13125,Quilicura,13,Región Metropolitana de Santiago,2026,poblacion_total,Población total,283583.0,personas,population_communal_annual,2026-05-29
13125,Quilicura,13,Región Metropolitana de Santiago,2027,poblacion_total,Población total,287279.0,personas,population_communal_annual,2026-05-29
13125,Quilicura,13,Región Metropolitana de Santiago,2028,poblacion_total,Población total,290817.0,personas,population_communal_annual,2026-05-29
13125,Quilicura,13,Región Metropolitana de Santiago,2029,poblacion_total,Población total,294197.0,personas,population_communal_annual,2026-05-29
13125,Quilicura,13,Región Metropolitana de Santiago,2030,poblacion_total,Población total,297418.0,personas,population_communal_annual,2026-05-29
13125,Quilicura,13,Región Metropolitana de Santiago,2031,poblacion_total,Población total,300491.0,personas,population_communal_annual,2026-05-29
13125,Quilicura,13,Región Metropolitana de Santiago,2032,poblacion_total,Población total,303417.0,personas,population_communal_annual,2026-05-29
13125,Quilicura,13,Región Metropolitana de Santiago,2033,poblacion_total,Población total,306191.0,personas,population_communal_annual,2026-05-29
13125,Quilicura,13,Región Metropolitana de Santiago,2034,poblacion_total,Población total,308817.0,personas,population_communal_annual,2026-05-29
13125,Quilicura,13,Región Metropolitana de Santiago,2035,poblacion_total,Población total,311288.0,personas,population_communal_annual,2026-05-29
13126,Quinta Normal,13,Región Metropolitana de Santiago,2002,poblacion_total,Población total,114714.0,personas,population_communal_annual,2026-05-29
13126,Quinta Normal,13,Región Metropolitana de Santiago,2003,poblacion_total,Población total,113077.0,personas,population_communal_annual,2026-05-29
13126,Quinta Normal,13,Región Metropolitana de Santiago,2004,poblacion_total,Población total,111963.0,personas,population_communal_annual,2026-05-29
13126,Quinta Normal,13,Región Metropolitana de Santiago,2005,poblacion_total,Población total,111144.0,personas,population_communal_annual,2026-05-29
13126,Quinta Normal,13,Región Metropolitana de Santiago,2006,poblacion_total,Población total,110638.0,personas,population_communal_annual,2026-05-29
13126,Quinta Normal,13,Región Metropolitana de Santiago,2007,poblacion_total,Población total,110412.0,personas,population_communal_annual,2026-05-29
13126,Quinta Normal,13,Región Metropolitana de Santiago,2008,poblacion_total,Población total,110458.0,personas,population_communal_annual,2026-05-29
13126,Quinta Normal,13,Región Metropolitana de Santiago,2009,poblacion_total,Población total,110651.0,personas,population_communal_annual,2026-05-29
13126,Quinta Normal,13,Región Metropolitana de Santiago,2010,poblacion_total,Población total,110978.0,personas,population_communal_annual,2026-05-29
13126,Quinta Normal,13,Región Metropolitana de Santiago,2011,poblacion_total,Población total,111556.0,personas,population_communal_annual,2026-05-29
13126,Quinta Normal,13,Región Metropolitana de Santiago,2012,poblacion_total,Población total,112288.0,personas,population_communal_annual,2026-05-29
13126,Quinta Normal,13,Región Metropolitana de Santiago,2013,poblacion_total,Población total,112794.0,personas,population_communal_annual,2026-05-29
13126,Quinta Normal,13,Región Metropolitana de Santiago,2014,poblacion_total,Población total,113505.0,personas,population_communal_annual,2026-05-29
13126,Quinta Normal,13,Región Metropolitana de Santiago,2015,poblacion_total,Población total,114445.0,personas,population_communal_annual,2026-05-29
13126,Quinta Normal,13,Región Metropolitana de Santiago,2016,poblacion_total,Población total,115802.0,personas,population_communal_annual,2026-05-29
13126,Quinta Normal,13,Región Metropolitana de Santiago,2017,poblacion_total,Población total,118503.0,personas,population_communal_annual,2026-05-29
13126,Quinta Normal,13,Región Metropolitana de Santiago,2018,poblacion_total,Población total,123648.0,personas,population_communal_annual,2026-05-29
13126,Quinta Normal,13,Región Metropolitana de Santiago,2019,poblacion_total,Población total,130284.0,personas,population_communal_annual,2026-05-29
13126,Quinta Normal,13,Región Metropolitana de Santiago,2020,poblacion_total,Población total,136368.0,personas,population_communal_annual,2026-05-29
13126,Quinta Normal,13,Región Metropolitana de Santiago,2021,poblacion_total,Población total,138904.0,personas,population_communal_annual,2026-05-29
13126,Quinta Normal,13,Región Metropolitana de Santiago,2022,poblacion_total,Población total,140055.0,personas,population_communal_annual,2026-05-29
13126,Quinta Normal,13,Región Metropolitana de Santiago,2023,poblacion_total,Población total,140964.0,personas,population_communal_annual,2026-05-29
13126,Quinta Normal,13,Región Metropolitana de Santiago,2024,poblacion_total,Población total,141823.0,personas,population_communal_annual,2026-05-29
13126,Quinta Normal,13,Región Metropolitana de Santiago,2025,poblacion_total,Población total,142670.0,personas,population_communal_annual,2026-05-29
13126,Quinta Normal,13,Región Metropolitana de Santiago,2026,poblacion_total,Población total,143506.0,personas,population_communal_annual,2026-05-29
13126,Quinta Normal,13,Región Metropolitana de Santiago,2027,poblacion_total,Población total,144338.0,personas,population_communal_annual,2026-05-29
13126,Quinta Normal,13,Región Metropolitana de Santiago,2028,poblacion_total,Población total,145140.0,personas,population_communal_annual,2026-05-29
13126,Quinta Normal,13,Región Metropolitana de Santiago,2029,poblacion_total,Población total,145931.0,personas,population_communal_annual,2026-05-29
13126,Quinta Normal,13,Región Metropolitana de Santiago,2030,poblacion_total,Población total,146697.0,personas,population_communal_annual,2026-05-29
13126,Quinta Normal,13,Región Metropolitana de Santiago,2031,poblacion_total,Población total,147440.0,personas,population_communal_annual,2026-05-29
13126,Quinta Normal,13,Región Metropolitana de Santiago,2032,poblacion_total,Población total,148171.0,personas,population_communal_annual,2026-05-29
13126,Quinta Normal,13,Región Metropolitana de Santiago,2033,poblacion_total,Población total,148876.0,personas,population_communal_annual,2026-05-29
13126,Quinta Normal,13,Región Metropolitana de Santiago,2034,poblacion_total,Población total,149548.0,personas,population_communal_annual,2026-05-29
13126,Quinta Normal,13,Región Metropolitana de Santiago,2035,poblacion_total,Población total,150190.0,personas,population_communal_annual,2026-05-29
13127,Recoleta,13,Región Metropolitana de Santiago,2002,poblacion_total,Población total,161310.0,personas,population_communal_annual,2026-05-29
13127,Recoleta,13,Región Metropolitana de Santiago,2003,poblacion_total,Población total,158740.0,personas,population_communal_annual,2026-05-29
13127,Recoleta,13,Región Metropolitana de Santiago,2004,poblacion_total,Población total,156936.0,personas,population_communal_annual,2026-05-29
13127,Recoleta,13,Región Metropolitana de Santiago,2005,poblacion_total,Población total,155536.0,personas,population_communal_annual,2026-05-29
13127,Recoleta,13,Región Metropolitana de Santiago,2006,poblacion_total,Población total,154615.0,personas,population_communal_annual,2026-05-29
13127,Recoleta,13,Región Metropolitana de Santiago,2007,poblacion_total,Población total,154098.0,personas,population_communal_annual,2026-05-29
13127,Recoleta,13,Región Metropolitana de Santiago,2008,poblacion_total,Población total,154002.0,personas,population_communal_annual,2026-05-29
13127,Recoleta,13,Región Metropolitana de Santiago,2009,poblacion_total,Población total,154093.0,personas,population_communal_annual,2026-05-29
13127,Recoleta,13,Región Metropolitana de Santiago,2010,poblacion_total,Población total,154362.0,personas,population_communal_annual,2026-05-29
13127,Recoleta,13,Región Metropolitana de Santiago,2011,poblacion_total,Población total,155082.0,personas,population_communal_annual,2026-05-29
13127,Recoleta,13,Región Metropolitana de Santiago,2012,poblacion_total,Población total,156081.0,personas,population_communal_annual,2026-05-29
13127,Recoleta,13,Región Metropolitana de Santiago,2013,poblacion_total,Población total,156593.0,personas,population_communal_annual,2026-05-29
13127,Recoleta,13,Región Metropolitana de Santiago,2014,poblacion_total,Población total,157472.0,personas,population_communal_annual,2026-05-29
13127,Recoleta,13,Región Metropolitana de Santiago,2015,poblacion_total,Población total,158752.0,personas,population_communal_annual,2026-05-29
13127,Recoleta,13,Región Metropolitana de Santiago,2016,poblacion_total,Población total,160861.0,personas,population_communal_annual,2026-05-29
13127,Recoleta,13,Región Metropolitana de Santiago,2017,poblacion_total,Población total,165663.0,personas,population_communal_annual,2026-05-29
13127,Recoleta,13,Región Metropolitana de Santiago,2018,poblacion_total,Población total,173464.0,personas,population_communal_annual,2026-05-29
13127,Recoleta,13,Región Metropolitana de Santiago,2019,poblacion_total,Población total,182088.0,personas,population_communal_annual,2026-05-29
13127,Recoleta,13,Región Metropolitana de Santiago,2020,poblacion_total,Población total,190075.0,personas,population_communal_annual,2026-05-29
13127,Recoleta,13,Región Metropolitana de Santiago,2021,poblacion_total,Población total,193605.0,personas,population_communal_annual,2026-05-29
13127,Recoleta,13,Región Metropolitana de Santiago,2022,poblacion_total,Población total,195185.0,personas,population_communal_annual,2026-05-29
13127,Recoleta,13,Región Metropolitana de Santiago,2023,poblacion_total,Población total,196073.0,personas,population_communal_annual,2026-05-29
13127,Recoleta,13,Región Metropolitana de Santiago,2024,poblacion_total,Población total,196856.0,personas,population_communal_annual,2026-05-29
13127,Recoleta,13,Región Metropolitana de Santiago,2025,poblacion_total,Población total,197824.0,personas,population_communal_annual,2026-05-29
13127,Recoleta,13,Región Metropolitana de Santiago,2026,poblacion_total,Población total,198780.0,personas,population_communal_annual,2026-05-29
13127,Recoleta,13,Región Metropolitana de Santiago,2027,poblacion_total,Población total,199734.0,personas,population_communal_annual,2026-05-29
13127,Recoleta,13,Región Metropolitana de Santiago,2028,poblacion_total,Población total,200669.0,personas,population_communal_annual,2026-05-29
13127,Recoleta,13,Región Metropolitana de Santiago,2029,poblacion_total,Población total,201587.0,personas,population_communal_annual,2026-05-29
13127,Recoleta,13,Región Metropolitana de Santiago,2030,poblacion_total,Población total,202483.0,personas,population_communal_annual,2026-05-29
13127,Recoleta,13,Región Metropolitana de Santiago,2031,poblacion_total,Población total,203351.0,personas,population_communal_annual,2026-05-29
13127,Recoleta,13,Región Metropolitana de Santiago,2032,poblacion_total,Población total,204220.0,personas,population_communal_annual,2026-05-29
13127,Recoleta,13,Región Metropolitana de Santiago,2033,poblacion_total,Población total,205044.0,personas,population_communal_annual,2026-05-29
13127,Recoleta,13,Región Metropolitana de Santiago,2034,poblacion_total,Población total,205850.0,personas,population_communal_annual,2026-05-29
13127,Recoleta,13,Región Metropolitana de Santiago,2035,poblacion_total,Población total,206619.0,personas,population_communal_annual,2026-05-29
13128,Renca,13,Región Metropolitana de Santiago,2002,poblacion_total,Población total,137983.0,personas,population_communal_annual,2026-05-29
13128,Renca,13,Región Metropolitana de Santiago,2003,poblacion_total,Población total,139820.0,personas,population_communal_annual,2026-05-29
13128,Renca,13,Región Metropolitana de Santiago,2004,poblacion_total,Población total,141342.0,personas,population_communal_annual,2026-05-29
13128,Renca,13,Región Metropolitana de Santiago,2005,poblacion_total,Población total,142647.0,personas,population_communal_annual,2026-05-29
13128,Renca,13,Región Metropolitana de Santiago,2006,poblacion_total,Población total,143844.0,personas,population_communal_annual,2026-05-29
13128,Renca,13,Región Metropolitana de Santiago,2007,poblacion_total,Población total,144999.0,personas,population_communal_annual,2026-05-29
13128,Renca,13,Región Metropolitana de Santiago,2008,poblacion_total,Población total,146143.0,personas,population_communal_annual,2026-05-29
13128,Renca,13,Región Metropolitana de Santiago,2009,poblacion_total,Población total,147219.0,personas,population_communal_annual,2026-05-29
13128,Renca,13,Región Metropolitana de Santiago,2010,poblacion_total,Población total,148235.0,personas,population_communal_annual,2026-05-29
13128,Renca,13,Región Metropolitana de Santiago,2011,poblacion_total,Población total,149217.0,personas,population_communal_annual,2026-05-29
13128,Renca,13,Región Metropolitana de Santiago,2012,poblacion_total,Población total,150151.0,personas,population_communal_annual,2026-05-29
13128,Renca,13,Región Metropolitana de Santiago,2013,poblacion_total,Población total,150871.0,personas,population_communal_annual,2026-05-29
13128,Renca,13,Región Metropolitana de Santiago,2014,poblacion_total,Población total,151607.0,personas,population_communal_annual,2026-05-29
13128,Renca,13,Región Metropolitana de Santiago,2015,poblacion_total,Población total,152393.0,personas,population_communal_annual,2026-05-29
13128,Renca,13,Región Metropolitana de Santiago,2016,poblacion_total,Población total,153273.0,personas,population_communal_annual,2026-05-29
13128,Renca,13,Región Metropolitana de Santiago,2017,poblacion_total,Población total,154637.0,personas,population_communal_annual,2026-05-29
13128,Renca,13,Región Metropolitana de Santiago,2018,poblacion_total,Población total,156567.0,personas,population_communal_annual,2026-05-29
13128,Renca,13,Región Metropolitana de Santiago,2019,poblacion_total,Población total,158717.0,personas,population_communal_annual,2026-05-29
13128,Renca,13,Región Metropolitana de Santiago,2020,poblacion_total,Población total,160847.0,personas,population_communal_annual,2026-05-29
13128,Renca,13,Región Metropolitana de Santiago,2021,poblacion_total,Población total,161959.0,personas,population_communal_annual,2026-05-29
13128,Renca,13,Región Metropolitana de Santiago,2022,poblacion_total,Población total,162517.0,personas,population_communal_annual,2026-05-29
13128,Renca,13,Región Metropolitana de Santiago,2023,poblacion_total,Población total,162854.0,personas,population_communal_annual,2026-05-29
13128,Renca,13,Región Metropolitana de Santiago,2024,poblacion_total,Población total,163102.0,personas,population_communal_annual,2026-05-29
13128,Renca,13,Región Metropolitana de Santiago,2025,poblacion_total,Población total,163267.0,personas,population_communal_annual,2026-05-29
13128,Renca,13,Región Metropolitana de Santiago,2026,poblacion_total,Población total,163389.0,personas,population_communal_annual,2026-05-29
13128,Renca,13,Región Metropolitana de Santiago,2027,poblacion_total,Población total,163469.0,personas,population_communal_annual,2026-05-29
13128,Renca,13,Región Metropolitana de Santiago,2028,poblacion_total,Población total,163534.0,personas,population_communal_annual,2026-05-29
13128,Renca,13,Región Metropolitana de Santiago,2029,poblacion_total,Población total,163583.0,personas,population_communal_annual,2026-05-29
13128,Renca,13,Región Metropolitana de Santiago,2030,poblacion_total,Población total,163618.0,personas,population_communal_annual,2026-05-29
13128,Renca,13,Región Metropolitana de Santiago,2031,poblacion_total,Población total,163642.0,personas,population_communal_annual,2026-05-29
13128,Renca,13,Región Metropolitana de Santiago,2032,poblacion_total,Población total,163675.0,personas,population_communal_annual,2026-05-29
13128,Renca,13,Región Metropolitana de Santiago,2033,poblacion_total,Población total,163689.0,personas,population_communal_annual,2026-05-29
13128,Renca,13,Región Metropolitana de Santiago,2034,poblacion_total,Población total,163707.0,personas,population_communal_annual,2026-05-29
13128,Renca,13,Región Metropolitana de Santiago,2035,poblacion_total,Población total,163722.0,personas,population_communal_annual,2026-05-29
13129,San Joaquín,13,Región Metropolitana de Santiago,2002,poblacion_total,Población total,104648.0,personas,population_communal_annual,2026-05-29
13129,San Joaquín,13,Región Metropolitana de Santiago,2003,poblacion_total,Población total,104311.0,personas,population_communal_annual,2026-05-29
13129,San Joaquín,13,Región Metropolitana de Santiago,2004,poblacion_total,Población total,103825.0,personas,population_communal_annual,2026-05-29
13129,San Joaquín,13,Región Metropolitana de Santiago,2005,poblacion_total,Población total,103251.0,personas,population_communal_annual,2026-05-29
13129,San Joaquín,13,Región Metropolitana de Santiago,2006,poblacion_total,Población total,102684.0,personas,population_communal_annual,2026-05-29
13129,San Joaquín,13,Región Metropolitana de Santiago,2007,poblacion_total,Población total,102158.0,personas,population_communal_annual,2026-05-29
13129,San Joaquín,13,Región Metropolitana de Santiago,2008,poblacion_total,Población total,101698.0,personas,population_communal_annual,2026-05-29
13129,San Joaquín,13,Región Metropolitana de Santiago,2009,poblacion_total,Población total,101252.0,personas,population_communal_annual,2026-05-29
13129,San Joaquín,13,Región Metropolitana de Santiago,2010,poblacion_total,Población total,100815.0,personas,population_communal_annual,2026-05-29
13129,San Joaquín,13,Región Metropolitana de Santiago,2011,poblacion_total,Población total,100449.0,personas,population_communal_annual,2026-05-29
13129,San Joaquín,13,Región Metropolitana de Santiago,2012,poblacion_total,Población total,100114.0,personas,population_communal_annual,2026-05-29
13129,San Joaquín,13,Región Metropolitana de Santiago,2013,poblacion_total,Población total,99635.0,personas,population_communal_annual,2026-05-29
13129,San Joaquín,13,Región Metropolitana de Santiago,2014,poblacion_total,Población total,99249.0,personas,population_communal_annual,2026-05-29
13129,San Joaquín,13,Región Metropolitana de Santiago,2015,poblacion_total,Población total,98957.0,personas,population_communal_annual,2026-05-29
13129,San Joaquín,13,Región Metropolitana de Santiago,2016,poblacion_total,Población total,98856.0,personas,population_communal_annual,2026-05-29
13129,San Joaquín,13,Región Metropolitana de Santiago,2017,poblacion_total,Población total,99371.0,personas,population_communal_annual,2026-05-29
13129,San Joaquín,13,Región Metropolitana de Santiago,2018,poblacion_total,Población total,100566.0,personas,population_communal_annual,2026-05-29
13129,San Joaquín,13,Región Metropolitana de Santiago,2019,poblacion_total,Población total,102027.0,personas,population_communal_annual,2026-05-29
13129,San Joaquín,13,Región Metropolitana de Santiago,2020,poblacion_total,Población total,103485.0,personas,population_communal_annual,2026-05-29
13129,San Joaquín,13,Región Metropolitana de Santiago,2021,poblacion_total,Población total,103871.0,personas,population_communal_annual,2026-05-29
13129,San Joaquín,13,Región Metropolitana de Santiago,2022,poblacion_total,Población total,103704.0,personas,population_communal_annual,2026-05-29
13129,San Joaquín,13,Región Metropolitana de Santiago,2023,poblacion_total,Población total,103420.0,personas,population_communal_annual,2026-05-29
13129,San Joaquín,13,Región Metropolitana de Santiago,2024,poblacion_total,Población total,103118.0,personas,population_communal_annual,2026-05-29
13129,San Joaquín,13,Región Metropolitana de Santiago,2025,poblacion_total,Población total,102811.0,personas,population_communal_annual,2026-05-29
13129,San Joaquín,13,Región Metropolitana de Santiago,2026,poblacion_total,Población total,102504.0,personas,population_communal_annual,2026-05-29
13129,San Joaquín,13,Región Metropolitana de Santiago,2027,poblacion_total,Población total,102200.0,personas,population_communal_annual,2026-05-29
13129,San Joaquín,13,Región Metropolitana de Santiago,2028,poblacion_total,Población total,101884.0,personas,population_communal_annual,2026-05-29
13129,San Joaquín,13,Región Metropolitana de Santiago,2029,poblacion_total,Población total,101562.0,personas,population_communal_annual,2026-05-29
13129,San Joaquín,13,Región Metropolitana de Santiago,2030,poblacion_total,Población total,101229.0,personas,population_communal_annual,2026-05-29
13129,San Joaquín,13,Región Metropolitana de Santiago,2031,poblacion_total,Población total,100889.0,personas,population_communal_annual,2026-05-29
13129,San Joaquín,13,Región Metropolitana de Santiago,2032,poblacion_total,Población total,100549.0,personas,population_communal_annual,2026-05-29
13129,San Joaquín,13,Región Metropolitana de Santiago,2033,poblacion_total,Población total,100196.0,personas,population_communal_annual,2026-05-29
13129,San Joaquín,13,Región Metropolitana de Santiago,2034,poblacion_total,Población total,99825.0,personas,population_communal_annual,2026-05-29
13129,San Joaquín,13,Región Metropolitana de Santiago,2035,poblacion_total,Población total,99443.0,personas,population_communal_annual,2026-05-29
13130,San Miguel,13,Región Metropolitana de Santiago,2002,poblacion_total,Población total,80657.0,personas,population_communal_annual,2026-05-29
13130,San Miguel,13,Región Metropolitana de Santiago,2003,poblacion_total,Población total,82761.0,personas,population_communal_annual,2026-05-29
13130,San Miguel,13,Región Metropolitana de Santiago,2004,poblacion_total,Población total,84767.0,personas,population_communal_annual,2026-05-29
13130,San Miguel,13,Región Metropolitana de Santiago,2005,poblacion_total,Población total,86709.0,personas,population_communal_annual,2026-05-29
13130,San Miguel,13,Región Metropolitana de Santiago,2006,poblacion_total,Población total,88678.0,personas,population_communal_annual,2026-05-29
13130,San Miguel,13,Región Metropolitana de Santiago,2007,poblacion_total,Población total,90684.0,personas,population_communal_annual,2026-05-29
13130,San Miguel,13,Región Metropolitana de Santiago,2008,poblacion_total,Población total,92781.0,personas,population_communal_annual,2026-05-29
13130,San Miguel,13,Región Metropolitana de Santiago,2009,poblacion_total,Población total,94885.0,personas,population_communal_annual,2026-05-29
13130,San Miguel,13,Región Metropolitana de Santiago,2010,poblacion_total,Población total,97013.0,personas,population_communal_annual,2026-05-29
13130,San Miguel,13,Región Metropolitana de Santiago,2011,poblacion_total,Población total,99253.0,personas,population_communal_annual,2026-05-29
13130,San Miguel,13,Región Metropolitana de Santiago,2012,poblacion_total,Población total,101555.0,personas,population_communal_annual,2026-05-29
13130,San Miguel,13,Región Metropolitana de Santiago,2013,poblacion_total,Población total,103688.0,personas,population_communal_annual,2026-05-29
13130,San Miguel,13,Región Metropolitana de Santiago,2014,poblacion_total,Población total,105947.0,personas,population_communal_annual,2026-05-29
13130,San Miguel,13,Región Metropolitana de Santiago,2015,poblacion_total,Población total,108370.0,personas,population_communal_annual,2026-05-29
13130,San Miguel,13,Región Metropolitana de Santiago,2016,poblacion_total,Población total,111068.0,personas,population_communal_annual,2026-05-29
13130,San Miguel,13,Región Metropolitana de Santiago,2017,poblacion_total,Población total,114641.0,personas,population_communal_annual,2026-05-29
13130,San Miguel,13,Región Metropolitana de Santiago,2018,poblacion_total,Población total,120174.0,personas,population_communal_annual,2026-05-29
13130,San Miguel,13,Región Metropolitana de Santiago,2019,poblacion_total,Población total,126088.0,personas,population_communal_annual,2026-05-29
13130,San Miguel,13,Región Metropolitana de Santiago,2020,poblacion_total,Población total,133059.0,personas,population_communal_annual,2026-05-29
13130,San Miguel,13,Región Metropolitana de Santiago,2021,poblacion_total,Población total,136835.0,personas,population_communal_annual,2026-05-29
13130,San Miguel,13,Región Metropolitana de Santiago,2022,poblacion_total,Población total,139729.0,personas,population_communal_annual,2026-05-29
13130,San Miguel,13,Región Metropolitana de Santiago,2023,poblacion_total,Población total,142549.0,personas,population_communal_annual,2026-05-29
13130,San Miguel,13,Región Metropolitana de Santiago,2024,poblacion_total,Población total,145424.0,personas,population_communal_annual,2026-05-29
13130,San Miguel,13,Región Metropolitana de Santiago,2025,poblacion_total,Población total,148387.0,personas,population_communal_annual,2026-05-29
13130,San Miguel,13,Región Metropolitana de Santiago,2026,poblacion_total,Población total,151449.0,personas,population_communal_annual,2026-05-29
13130,San Miguel,13,Región Metropolitana de Santiago,2027,poblacion_total,Población total,154621.0,personas,population_communal_annual,2026-05-29
13130,San Miguel,13,Región Metropolitana de Santiago,2028,poblacion_total,Población total,157903.0,personas,population_communal_annual,2026-05-29
13130,San Miguel,13,Región Metropolitana de Santiago,2029,poblacion_total,Población total,161307.0,personas,population_communal_annual,2026-05-29
13130,San Miguel,13,Región Metropolitana de Santiago,2030,poblacion_total,Población total,164830.0,personas,population_communal_annual,2026-05-29
13130,San Miguel,13,Región Metropolitana de Santiago,2031,poblacion_total,Población total,168499.0,personas,population_communal_annual,2026-05-29
13130,San Miguel,13,Región Metropolitana de Santiago,2032,poblacion_total,Población total,172327.0,personas,population_communal_annual,2026-05-29
13130,San Miguel,13,Región Metropolitana de Santiago,2033,poblacion_total,Población total,176321.0,personas,population_communal_annual,2026-05-29
13130,San Miguel,13,Región Metropolitana de Santiago,2034,poblacion_total,Población total,180496.0,personas,population_communal_annual,2026-05-29
13130,San Miguel,13,Región Metropolitana de Santiago,2035,poblacion_total,Población total,184863.0,personas,population_communal_annual,2026-05-29
13131,San Ramón,13,Región Metropolitana de Santiago,2002,poblacion_total,Población total,100574.0,personas,population_communal_annual,2026-05-29
13131,San Ramón,13,Región Metropolitana de Santiago,2003,poblacion_total,Población total,99820.0,personas,population_communal_annual,2026-05-29
13131,San Ramón,13,Región Metropolitana de Santiago,2004,poblacion_total,Población total,98883.0,personas,population_communal_annual,2026-05-29
13131,San Ramón,13,Región Metropolitana de Santiago,2005,poblacion_total,Población total,97847.0,personas,population_communal_annual,2026-05-29
13131,San Ramón,13,Región Metropolitana de Santiago,2006,poblacion_total,Población total,96791.0,personas,population_communal_annual,2026-05-29
13131,San Ramón,13,Región Metropolitana de Santiago,2007,poblacion_total,Población total,95761.0,personas,population_communal_annual,2026-05-29
13131,San Ramón,13,Región Metropolitana de Santiago,2008,poblacion_total,Población total,94769.0,personas,population_communal_annual,2026-05-29
13131,San Ramón,13,Región Metropolitana de Santiago,2009,poblacion_total,Población total,93793.0,personas,population_communal_annual,2026-05-29
13131,San Ramón,13,Región Metropolitana de Santiago,2010,poblacion_total,Población total,92817.0,personas,population_communal_annual,2026-05-29
13131,San Ramón,13,Región Metropolitana de Santiago,2011,poblacion_total,Población total,91861.0,personas,population_communal_annual,2026-05-29
13131,San Ramón,13,Región Metropolitana de Santiago,2012,poblacion_total,Población total,90929.0,personas,population_communal_annual,2026-05-29
13131,San Ramón,13,Región Metropolitana de Santiago,2013,poblacion_total,Población total,89927.0,personas,population_communal_annual,2026-05-29
13131,San Ramón,13,Región Metropolitana de Santiago,2014,poblacion_total,Población total,88966.0,personas,population_communal_annual,2026-05-29
13131,San Ramón,13,Región Metropolitana de Santiago,2015,poblacion_total,Población total,88091.0,personas,population_communal_annual,2026-05-29
13131,San Ramón,13,Región Metropolitana de Santiago,2016,poblacion_total,Población total,87285.0,personas,population_communal_annual,2026-05-29
13131,San Ramón,13,Región Metropolitana de Santiago,2017,poblacion_total,Población total,86770.0,personas,population_communal_annual,2026-05-29
13131,San Ramón,13,Región Metropolitana de Santiago,2018,poblacion_total,Población total,86575.0,personas,population_communal_annual,2026-05-29
13131,San Ramón,13,Región Metropolitana de Santiago,2019,poblacion_total,Población total,86521.0,personas,population_communal_annual,2026-05-29
13131,San Ramón,13,Región Metropolitana de Santiago,2020,poblacion_total,Población total,86510.0,personas,population_communal_annual,2026-05-29
13131,San Ramón,13,Región Metropolitana de Santiago,2021,poblacion_total,Población total,86017.0,personas,population_communal_annual,2026-05-29
13131,San Ramón,13,Región Metropolitana de Santiago,2022,poblacion_total,Población total,85274.0,personas,population_communal_annual,2026-05-29
13131,San Ramón,13,Región Metropolitana de Santiago,2023,poblacion_total,Población total,84495.0,personas,population_communal_annual,2026-05-29
13131,San Ramón,13,Región Metropolitana de Santiago,2024,poblacion_total,Población total,83695.0,personas,population_communal_annual,2026-05-29
13131,San Ramón,13,Región Metropolitana de Santiago,2025,poblacion_total,Población total,82919.0,personas,population_communal_annual,2026-05-29
13131,San Ramón,13,Región Metropolitana de Santiago,2026,poblacion_total,Población total,82142.0,personas,population_communal_annual,2026-05-29
13131,San Ramón,13,Región Metropolitana de Santiago,2027,poblacion_total,Población total,81366.0,personas,population_communal_annual,2026-05-29
13131,San Ramón,13,Región Metropolitana de Santiago,2028,poblacion_total,Población total,80597.0,personas,population_communal_annual,2026-05-29
13131,San Ramón,13,Región Metropolitana de Santiago,2029,poblacion_total,Población total,79823.0,personas,population_communal_annual,2026-05-29
13131,San Ramón,13,Región Metropolitana de Santiago,2030,poblacion_total,Población total,79050.0,personas,population_communal_annual,2026-05-29
13131,San Ramón,13,Región Metropolitana de Santiago,2031,poblacion_total,Población total,78273.0,personas,population_communal_annual,2026-05-29
13131,San Ramón,13,Región Metropolitana de Santiago,2032,poblacion_total,Población total,77508.0,personas,population_communal_annual,2026-05-29
13131,San Ramón,13,Región Metropolitana de Santiago,2033,poblacion_total,Población total,76727.0,personas,population_communal_annual,2026-05-29
13131,San Ramón,13,Región Metropolitana de Santiago,2034,poblacion_total,Población total,75960.0,personas,population_communal_annual,2026-05-29
13131,San Ramón,13,Región Metropolitana de Santiago,2035,poblacion_total,Población total,75175.0,personas,population_communal_annual,2026-05-29
13132,Vitacura,13,Región Metropolitana de Santiago,2002,poblacion_total,Población total,83386.0,personas,population_communal_annual,2026-05-29
13132,Vitacura,13,Región Metropolitana de Santiago,2003,poblacion_total,Población total,84011.0,personas,population_communal_annual,2026-05-29
13132,Vitacura,13,Región Metropolitana de Santiago,2004,poblacion_total,Población total,84479.0,personas,population_communal_annual,2026-05-29
13132,Vitacura,13,Región Metropolitana de Santiago,2005,poblacion_total,Población total,84809.0,personas,population_communal_annual,2026-05-29
13132,Vitacura,13,Región Metropolitana de Santiago,2006,poblacion_total,Población total,85114.0,personas,population_communal_annual,2026-05-29
13132,Vitacura,13,Región Metropolitana de Santiago,2007,poblacion_total,Población total,85406.0,personas,population_communal_annual,2026-05-29
13132,Vitacura,13,Región Metropolitana de Santiago,2008,poblacion_total,Población total,85700.0,personas,population_communal_annual,2026-05-29
13132,Vitacura,13,Región Metropolitana de Santiago,2009,poblacion_total,Población total,85952.0,personas,population_communal_annual,2026-05-29
13132,Vitacura,13,Región Metropolitana de Santiago,2010,poblacion_total,Población total,86148.0,personas,population_communal_annual,2026-05-29
13132,Vitacura,13,Región Metropolitana de Santiago,2011,poblacion_total,Población total,86423.0,personas,population_communal_annual,2026-05-29
13132,Vitacura,13,Región Metropolitana de Santiago,2012,poblacion_total,Población total,86689.0,personas,population_communal_annual,2026-05-29
13132,Vitacura,13,Región Metropolitana de Santiago,2013,poblacion_total,Población total,86687.0,personas,population_communal_annual,2026-05-29
13132,Vitacura,13,Región Metropolitana de Santiago,2014,poblacion_total,Población total,86746.0,personas,population_communal_annual,2026-05-29
13132,Vitacura,13,Región Metropolitana de Santiago,2015,poblacion_total,Población total,86910.0,personas,population_communal_annual,2026-05-29
13132,Vitacura,13,Región Metropolitana de Santiago,2016,poblacion_total,Población total,87321.0,personas,population_communal_annual,2026-05-29
13132,Vitacura,13,Región Metropolitana de Santiago,2017,poblacion_total,Población total,88716.0,personas,population_communal_annual,2026-05-29
13132,Vitacura,13,Región Metropolitana de Santiago,2018,poblacion_total,Población total,91198.0,personas,population_communal_annual,2026-05-29
13132,Vitacura,13,Región Metropolitana de Santiago,2019,poblacion_total,Población total,94020.0,personas,population_communal_annual,2026-05-29
13132,Vitacura,13,Región Metropolitana de Santiago,2020,poblacion_total,Población total,96774.0,personas,population_communal_annual,2026-05-29
13132,Vitacura,13,Región Metropolitana de Santiago,2021,poblacion_total,Población total,97695.0,personas,population_communal_annual,2026-05-29
13132,Vitacura,13,Región Metropolitana de Santiago,2022,poblacion_total,Población total,97651.0,personas,population_communal_annual,2026-05-29
13132,Vitacura,13,Región Metropolitana de Santiago,2023,poblacion_total,Población total,97388.0,personas,population_communal_annual,2026-05-29
13132,Vitacura,13,Región Metropolitana de Santiago,2024,poblacion_total,Población total,97049.0,personas,population_communal_annual,2026-05-29
13132,Vitacura,13,Región Metropolitana de Santiago,2025,poblacion_total,Población total,96671.0,personas,population_communal_annual,2026-05-29
13132,Vitacura,13,Región Metropolitana de Santiago,2026,poblacion_total,Población total,96261.0,personas,population_communal_annual,2026-05-29
13132,Vitacura,13,Región Metropolitana de Santiago,2027,poblacion_total,Población total,95826.0,personas,population_communal_annual,2026-05-29
13132,Vitacura,13,Región Metropolitana de Santiago,2028,poblacion_total,Población total,95353.0,personas,population_communal_annual,2026-05-29
13132,Vitacura,13,Región Metropolitana de Santiago,2029,poblacion_total,Población total,94852.0,personas,population_communal_annual,2026-05-29
13132,Vitacura,13,Región Metropolitana de Santiago,2030,poblacion_total,Población total,94314.0,personas,population_communal_annual,2026-05-29
13132,Vitacura,13,Región Metropolitana de Santiago,2031,poblacion_total,Población total,93744.0,personas,population_communal_annual,2026-05-29
13132,Vitacura,13,Región Metropolitana de Santiago,2032,poblacion_total,Población total,93164.0,personas,population_communal_annual,2026-05-29
13132,Vitacura,13,Región Metropolitana de Santiago,2033,poblacion_total,Población total,92544.0,personas,population_communal_annual,2026-05-29
13132,Vitacura,13,Región Metropolitana de Santiago,2034,poblacion_total,Población total,91898.0,personas,population_communal_annual,2026-05-29
13132,Vitacura,13,Región Metropolitana de Santiago,2035,poblacion_total,Población total,91232.0,personas,population_communal_annual,2026-05-29
13201,Puente Alto,13,Región Metropolitana de Santiago,2002,poblacion_total,Población total,509453.0,personas,population_communal_annual,2026-05-29
13201,Puente Alto,13,Región Metropolitana de Santiago,2003,poblacion_total,Población total,516414.0,personas,population_communal_annual,2026-05-29
13201,Puente Alto,13,Región Metropolitana de Santiago,2004,poblacion_total,Población total,523641.0,personas,population_communal_annual,2026-05-29
13201,Puente Alto,13,Región Metropolitana de Santiago,2005,poblacion_total,Población total,530614.0,personas,population_communal_annual,2026-05-29
13201,Puente Alto,13,Región Metropolitana de Santiago,2006,poblacion_total,Población total,537475.0,personas,population_communal_annual,2026-05-29
13201,Puente Alto,13,Región Metropolitana de Santiago,2007,poblacion_total,Población total,544315.0,personas,population_communal_annual,2026-05-29
13201,Puente Alto,13,Región Metropolitana de Santiago,2008,poblacion_total,Población total,551202.0,personas,population_communal_annual,2026-05-29
13201,Puente Alto,13,Región Metropolitana de Santiago,2009,poblacion_total,Población total,557972.0,personas,population_communal_annual,2026-05-29
13201,Puente Alto,13,Región Metropolitana de Santiago,2010,poblacion_total,Población total,564547.0,personas,population_communal_annual,2026-05-29
13201,Puente Alto,13,Región Metropolitana de Santiago,2011,poblacion_total,Población total,570891.0,personas,population_communal_annual,2026-05-29
13201,Puente Alto,13,Región Metropolitana de Santiago,2012,poblacion_total,Población total,576972.0,personas,population_communal_annual,2026-05-29
13201,Puente Alto,13,Región Metropolitana de Santiago,2013,poblacion_total,Población total,582478.0,personas,population_communal_annual,2026-05-29
13201,Puente Alto,13,Región Metropolitana de Santiago,2014,poblacion_total,Población total,587905.0,personas,population_communal_annual,2026-05-29
13201,Puente Alto,13,Región Metropolitana de Santiago,2015,poblacion_total,Población total,593362.0,personas,population_communal_annual,2026-05-29
13201,Puente Alto,13,Región Metropolitana de Santiago,2016,poblacion_total,Población total,598765.0,personas,population_communal_annual,2026-05-29
13201,Puente Alto,13,Región Metropolitana de Santiago,2017,poblacion_total,Población total,604744.0,personas,population_communal_annual,2026-05-29
13201,Puente Alto,13,Región Metropolitana de Santiago,2018,poblacion_total,Población total,615557.0,personas,population_communal_annual,2026-05-29
13201,Puente Alto,13,Región Metropolitana de Santiago,2019,poblacion_total,Población total,629743.0,personas,population_communal_annual,2026-05-29
13201,Puente Alto,13,Región Metropolitana de Santiago,2020,poblacion_total,Población total,645909.0,personas,population_communal_annual,2026-05-29
13201,Puente Alto,13,Región Metropolitana de Santiago,2021,poblacion_total,Población total,655033.0,personas,population_communal_annual,2026-05-29
13201,Puente Alto,13,Región Metropolitana de Santiago,2022,poblacion_total,Población total,660361.0,personas,population_communal_annual,2026-05-29
13201,Puente Alto,13,Región Metropolitana de Santiago,2023,poblacion_total,Población total,664370.0,personas,population_communal_annual,2026-05-29
13201,Puente Alto,13,Región Metropolitana de Santiago,2024,poblacion_total,Población total,667904.0,personas,population_communal_annual,2026-05-29
13201,Puente Alto,13,Región Metropolitana de Santiago,2025,poblacion_total,Población total,671142.0,personas,population_communal_annual,2026-05-29
13201,Puente Alto,13,Región Metropolitana de Santiago,2026,poblacion_total,Población total,674064.0,personas,population_communal_annual,2026-05-29
13201,Puente Alto,13,Región Metropolitana de Santiago,2027,poblacion_total,Población total,676662.0,personas,population_communal_annual,2026-05-29
13201,Puente Alto,13,Región Metropolitana de Santiago,2028,poblacion_total,Población total,678917.0,personas,population_communal_annual,2026-05-29
13201,Puente Alto,13,Región Metropolitana de Santiago,2029,poblacion_total,Población total,680830.0,personas,population_communal_annual,2026-05-29
13201,Puente Alto,13,Región Metropolitana de Santiago,2030,poblacion_total,Población total,682391.0,personas,population_communal_annual,2026-05-29
13201,Puente Alto,13,Región Metropolitana de Santiago,2031,poblacion_total,Población total,683641.0,personas,population_communal_annual,2026-05-29
13201,Puente Alto,13,Región Metropolitana de Santiago,2032,poblacion_total,Población total,684567.0,personas,population_communal_annual,2026-05-29
13201,Puente Alto,13,Región Metropolitana de Santiago,2033,poblacion_total,Población total,685148.0,personas,population_communal_annual,2026-05-29
13201,Puente Alto,13,Región Metropolitana de Santiago,2034,poblacion_total,Población total,685402.0,personas,population_communal_annual,2026-05-29
13201,Puente Alto,13,Región Metropolitana de Santiago,2035,poblacion_total,Población total,685324.0,personas,population_communal_annual,2026-05-29
13202,Pirque,13,Región Metropolitana de Santiago,2002,poblacion_total,Población total,17134.0,personas,population_communal_annual,2026-05-29
13202,Pirque,13,Región Metropolitana de Santiago,2003,poblacion_total,Población total,17900.0,personas,population_communal_annual,2026-05-29
13202,Pirque,13,Región Metropolitana de Santiago,2004,poblacion_total,Población total,18642.0,personas,population_communal_annual,2026-05-29
13202,Pirque,13,Región Metropolitana de Santiago,2005,poblacion_total,Población total,19368.0,personas,population_communal_annual,2026-05-29
13202,Pirque,13,Región Metropolitana de Santiago,2006,poblacion_total,Población total,20099.0,personas,population_communal_annual,2026-05-29
13202,Pirque,13,Región Metropolitana de Santiago,2007,poblacion_total,Población total,20822.0,personas,population_communal_annual,2026-05-29
13202,Pirque,13,Región Metropolitana de Santiago,2008,poblacion_total,Población total,21550.0,personas,population_communal_annual,2026-05-29
13202,Pirque,13,Región Metropolitana de Santiago,2009,poblacion_total,Población total,22288.0,personas,population_communal_annual,2026-05-29
13202,Pirque,13,Región Metropolitana de Santiago,2010,poblacion_total,Población total,23010.0,personas,population_communal_annual,2026-05-29
13202,Pirque,13,Región Metropolitana de Santiago,2011,poblacion_total,Población total,23741.0,personas,population_communal_annual,2026-05-29
13202,Pirque,13,Región Metropolitana de Santiago,2012,poblacion_total,Población total,24462.0,personas,population_communal_annual,2026-05-29
13202,Pirque,13,Región Metropolitana de Santiago,2013,poblacion_total,Población total,25157.0,personas,population_communal_annual,2026-05-29
13202,Pirque,13,Región Metropolitana de Santiago,2014,poblacion_total,Población total,25855.0,personas,population_communal_annual,2026-05-29
13202,Pirque,13,Región Metropolitana de Santiago,2015,poblacion_total,Población total,26560.0,personas,population_communal_annual,2026-05-29
13202,Pirque,13,Región Metropolitana de Santiago,2016,poblacion_total,Población total,27269.0,personas,population_communal_annual,2026-05-29
13202,Pirque,13,Región Metropolitana de Santiago,2017,poblacion_total,Población total,28010.0,personas,population_communal_annual,2026-05-29
13202,Pirque,13,Región Metropolitana de Santiago,2018,poblacion_total,Población total,28799.0,personas,population_communal_annual,2026-05-29
13202,Pirque,13,Región Metropolitana de Santiago,2019,poblacion_total,Población total,29616.0,personas,population_communal_annual,2026-05-29
13202,Pirque,13,Región Metropolitana de Santiago,2020,poblacion_total,Población total,30433.0,personas,population_communal_annual,2026-05-29
13202,Pirque,13,Región Metropolitana de Santiago,2021,poblacion_total,Población total,31134.0,personas,population_communal_annual,2026-05-29
13202,Pirque,13,Región Metropolitana de Santiago,2022,poblacion_total,Población total,31787.0,personas,population_communal_annual,2026-05-29
13202,Pirque,13,Región Metropolitana de Santiago,2023,poblacion_total,Población total,32412.0,personas,population_communal_annual,2026-05-29
13202,Pirque,13,Región Metropolitana de Santiago,2024,poblacion_total,Población total,33021.0,personas,population_communal_annual,2026-05-29
13202,Pirque,13,Región Metropolitana de Santiago,2025,poblacion_total,Población total,33617.0,personas,population_communal_annual,2026-05-29
13202,Pirque,13,Región Metropolitana de Santiago,2026,poblacion_total,Población total,34192.0,personas,population_communal_annual,2026-05-29
13202,Pirque,13,Región Metropolitana de Santiago,2027,poblacion_total,Población total,34753.0,personas,population_communal_annual,2026-05-29
13202,Pirque,13,Región Metropolitana de Santiago,2028,poblacion_total,Población total,35291.0,personas,population_communal_annual,2026-05-29
13202,Pirque,13,Región Metropolitana de Santiago,2029,poblacion_total,Población total,35816.0,personas,population_communal_annual,2026-05-29
13202,Pirque,13,Región Metropolitana de Santiago,2030,poblacion_total,Población total,36316.0,personas,population_communal_annual,2026-05-29
13202,Pirque,13,Región Metropolitana de Santiago,2031,poblacion_total,Población total,36796.0,personas,population_communal_annual,2026-05-29
13202,Pirque,13,Región Metropolitana de Santiago,2032,poblacion_total,Población total,37257.0,personas,population_communal_annual,2026-05-29
13202,Pirque,13,Región Metropolitana de Santiago,2033,poblacion_total,Población total,37683.0,personas,population_communal_annual,2026-05-29
13202,Pirque,13,Región Metropolitana de Santiago,2034,poblacion_total,Población total,38095.0,personas,population_communal_annual,2026-05-29
13202,Pirque,13,Región Metropolitana de Santiago,2035,poblacion_total,Población total,38493.0,personas,population_communal_annual,2026-05-29
13203,San José de Maipo,13,Región Metropolitana de Santiago,2002,poblacion_total,Población total,13364.0,personas,population_communal_annual,2026-05-29
13203,San José de Maipo,13,Región Metropolitana de Santiago,2003,poblacion_total,Población total,13703.0,personas,population_communal_annual,2026-05-29
13203,San José de Maipo,13,Región Metropolitana de Santiago,2004,poblacion_total,Población total,14020.0,personas,population_communal_annual,2026-05-29
13203,San José de Maipo,13,Región Metropolitana de Santiago,2005,poblacion_total,Población total,14325.0,personas,population_communal_annual,2026-05-29
13203,San José de Maipo,13,Región Metropolitana de Santiago,2006,poblacion_total,Población total,14614.0,personas,population_communal_annual,2026-05-29
13203,San José de Maipo,13,Región Metropolitana de Santiago,2007,poblacion_total,Población total,14898.0,personas,population_communal_annual,2026-05-29
13203,San José de Maipo,13,Región Metropolitana de Santiago,2008,poblacion_total,Población total,15181.0,personas,population_communal_annual,2026-05-29
13203,San José de Maipo,13,Región Metropolitana de Santiago,2009,poblacion_total,Población total,15461.0,personas,population_communal_annual,2026-05-29
13203,San José de Maipo,13,Región Metropolitana de Santiago,2010,poblacion_total,Población total,15731.0,personas,population_communal_annual,2026-05-29
13203,San José de Maipo,13,Región Metropolitana de Santiago,2011,poblacion_total,Población total,16003.0,personas,population_communal_annual,2026-05-29
13203,San José de Maipo,13,Región Metropolitana de Santiago,2012,poblacion_total,Población total,16264.0,personas,population_communal_annual,2026-05-29
13203,San José de Maipo,13,Región Metropolitana de Santiago,2013,poblacion_total,Población total,16504.0,personas,population_communal_annual,2026-05-29
13203,San José de Maipo,13,Región Metropolitana de Santiago,2014,poblacion_total,Población total,16745.0,personas,population_communal_annual,2026-05-29
13203,San José de Maipo,13,Región Metropolitana de Santiago,2015,poblacion_total,Población total,16991.0,personas,population_communal_annual,2026-05-29
13203,San José de Maipo,13,Región Metropolitana de Santiago,2016,poblacion_total,Población total,17241.0,personas,population_communal_annual,2026-05-29
13203,San José de Maipo,13,Región Metropolitana de Santiago,2017,poblacion_total,Población total,17540.0,personas,population_communal_annual,2026-05-29
13203,San José de Maipo,13,Región Metropolitana de Santiago,2018,poblacion_total,Población total,17897.0,personas,population_communal_annual,2026-05-29
13203,San José de Maipo,13,Región Metropolitana de Santiago,2019,poblacion_total,Población total,18275.0,personas,population_communal_annual,2026-05-29
13203,San José de Maipo,13,Región Metropolitana de Santiago,2020,poblacion_total,Población total,18644.0,personas,population_communal_annual,2026-05-29
13203,San José de Maipo,13,Región Metropolitana de Santiago,2021,poblacion_total,Población total,18917.0,personas,population_communal_annual,2026-05-29
13203,San José de Maipo,13,Región Metropolitana de Santiago,2022,poblacion_total,Población total,19131.0,personas,population_communal_annual,2026-05-29
13203,San José de Maipo,13,Región Metropolitana de Santiago,2023,poblacion_total,Población total,19330.0,personas,population_communal_annual,2026-05-29
13203,San José de Maipo,13,Región Metropolitana de Santiago,2024,poblacion_total,Población total,19519.0,personas,population_communal_annual,2026-05-29
13203,San José de Maipo,13,Región Metropolitana de Santiago,2025,poblacion_total,Población total,19700.0,personas,population_communal_annual,2026-05-29
13203,San José de Maipo,13,Región Metropolitana de Santiago,2026,poblacion_total,Población total,19879.0,personas,population_communal_annual,2026-05-29
13203,San José de Maipo,13,Región Metropolitana de Santiago,2027,poblacion_total,Población total,20044.0,personas,population_communal_annual,2026-05-29
13203,San José de Maipo,13,Región Metropolitana de Santiago,2028,poblacion_total,Población total,20209.0,personas,population_communal_annual,2026-05-29
13203,San José de Maipo,13,Región Metropolitana de Santiago,2029,poblacion_total,Población total,20362.0,personas,population_communal_annual,2026-05-29
13203,San José de Maipo,13,Región Metropolitana de Santiago,2030,poblacion_total,Población total,20509.0,personas,population_communal_annual,2026-05-29
13203,San José de Maipo,13,Región Metropolitana de Santiago,2031,poblacion_total,Población total,20651.0,personas,population_communal_annual,2026-05-29
13203,San José de Maipo,13,Región Metropolitana de Santiago,2032,poblacion_total,Población total,20777.0,personas,population_communal_annual,2026-05-29
13203,San José de Maipo,13,Región Metropolitana de Santiago,2033,poblacion_total,Población total,20897.0,personas,population_communal_annual,2026-05-29
13203,San José de Maipo,13,Región Metropolitana de Santiago,2034,poblacion_total,Población total,21013.0,personas,population_communal_annual,2026-05-29
13203,San José de Maipo,13,Región Metropolitana de Santiago,2035,poblacion_total,Población total,21113.0,personas,population_communal_annual,2026-05-29
13301,Colina,13,Región Metropolitana de Santiago,2002,poblacion_total,Población total,79573.0,personas,population_communal_annual,2026-05-29
13301,Colina,13,Región Metropolitana de Santiago,2003,poblacion_total,Población total,83982.0,personas,population_communal_annual,2026-05-29
13301,Colina,13,Región Metropolitana de Santiago,2004,poblacion_total,Población total,88590.0,personas,population_communal_annual,2026-05-29
13301,Colina,13,Región Metropolitana de Santiago,2005,poblacion_total,Población total,93236.0,personas,population_communal_annual,2026-05-29
13301,Colina,13,Región Metropolitana de Santiago,2006,poblacion_total,Población total,97979.0,personas,population_communal_annual,2026-05-29
13301,Colina,13,Región Metropolitana de Santiago,2007,poblacion_total,Población total,102802.0,personas,population_communal_annual,2026-05-29
13301,Colina,13,Región Metropolitana de Santiago,2008,poblacion_total,Población total,107725.0,personas,population_communal_annual,2026-05-29
13301,Colina,13,Región Metropolitana de Santiago,2009,poblacion_total,Población total,112638.0,personas,population_communal_annual,2026-05-29
13301,Colina,13,Región Metropolitana de Santiago,2010,poblacion_total,Población total,117543.0,personas,population_communal_annual,2026-05-29
13301,Colina,13,Región Metropolitana de Santiago,2011,poblacion_total,Población total,122532.0,personas,population_communal_annual,2026-05-29
13301,Colina,13,Región Metropolitana de Santiago,2012,poblacion_total,Población total,127526.0,personas,population_communal_annual,2026-05-29
13301,Colina,13,Región Metropolitana de Santiago,2013,poblacion_total,Población total,132203.0,personas,population_communal_annual,2026-05-29
13301,Colina,13,Región Metropolitana de Santiago,2014,poblacion_total,Población total,136929.0,personas,population_communal_annual,2026-05-29
13301,Colina,13,Región Metropolitana de Santiago,2015,poblacion_total,Población total,141756.0,personas,population_communal_annual,2026-05-29
13301,Colina,13,Región Metropolitana de Santiago,2016,poblacion_total,Población total,146768.0,personas,population_communal_annual,2026-05-29
13301,Colina,13,Región Metropolitana de Santiago,2017,poblacion_total,Población total,152740.0,personas,population_communal_annual,2026-05-29
13301,Colina,13,Región Metropolitana de Santiago,2018,poblacion_total,Población total,163779.0,personas,population_communal_annual,2026-05-29
13301,Colina,13,Región Metropolitana de Santiago,2019,poblacion_total,Población total,173119.0,personas,population_communal_annual,2026-05-29
13301,Colina,13,Región Metropolitana de Santiago,2020,poblacion_total,Población total,180353.0,personas,population_communal_annual,2026-05-29
13301,Colina,13,Región Metropolitana de Santiago,2021,poblacion_total,Población total,185599.0,personas,population_communal_annual,2026-05-29
13301,Colina,13,Región Metropolitana de Santiago,2022,poblacion_total,Población total,189757.0,personas,population_communal_annual,2026-05-29
13301,Colina,13,Región Metropolitana de Santiago,2023,poblacion_total,Población total,193594.0,personas,population_communal_annual,2026-05-29
13301,Colina,13,Región Metropolitana de Santiago,2024,poblacion_total,Población total,197370.0,personas,population_communal_annual,2026-05-29
13301,Colina,13,Región Metropolitana de Santiago,2025,poblacion_total,Población total,201012.0,personas,population_communal_annual,2026-05-29
13301,Colina,13,Región Metropolitana de Santiago,2026,poblacion_total,Población total,204528.0,personas,population_communal_annual,2026-05-29
13301,Colina,13,Región Metropolitana de Santiago,2027,poblacion_total,Población total,207910.0,personas,population_communal_annual,2026-05-29
13301,Colina,13,Región Metropolitana de Santiago,2028,poblacion_total,Población total,211163.0,personas,population_communal_annual,2026-05-29
13301,Colina,13,Región Metropolitana de Santiago,2029,poblacion_total,Población total,214268.0,personas,population_communal_annual,2026-05-29
13301,Colina,13,Región Metropolitana de Santiago,2030,poblacion_total,Población total,217241.0,personas,population_communal_annual,2026-05-29
13301,Colina,13,Región Metropolitana de Santiago,2031,poblacion_total,Población total,220083.0,personas,population_communal_annual,2026-05-29
13301,Colina,13,Región Metropolitana de Santiago,2032,poblacion_total,Población total,222791.0,personas,population_communal_annual,2026-05-29
13301,Colina,13,Región Metropolitana de Santiago,2033,poblacion_total,Población total,225374.0,personas,population_communal_annual,2026-05-29
13301,Colina,13,Región Metropolitana de Santiago,2034,poblacion_total,Población total,227806.0,personas,population_communal_annual,2026-05-29
13301,Colina,13,Región Metropolitana de Santiago,2035,poblacion_total,Población total,230114.0,personas,population_communal_annual,2026-05-29
13302,Lampa,13,Región Metropolitana de Santiago,2002,poblacion_total,Población total,41957.0,personas,population_communal_annual,2026-05-29
13302,Lampa,13,Región Metropolitana de Santiago,2003,poblacion_total,Población total,45512.0,personas,population_communal_annual,2026-05-29
13302,Lampa,13,Región Metropolitana de Santiago,2004,poblacion_total,Población total,49286.0,personas,population_communal_annual,2026-05-29
13302,Lampa,13,Región Metropolitana de Santiago,2005,poblacion_total,Población total,53195.0,personas,population_communal_annual,2026-05-29
13302,Lampa,13,Región Metropolitana de Santiago,2006,poblacion_total,Población total,57272.0,personas,population_communal_annual,2026-05-29
13302,Lampa,13,Región Metropolitana de Santiago,2007,poblacion_total,Población total,61495.0,personas,population_communal_annual,2026-05-29
13302,Lampa,13,Región Metropolitana de Santiago,2008,poblacion_total,Población total,65874.0,personas,population_communal_annual,2026-05-29
13302,Lampa,13,Región Metropolitana de Santiago,2009,poblacion_total,Población total,70341.0,personas,population_communal_annual,2026-05-29
13302,Lampa,13,Región Metropolitana de Santiago,2010,poblacion_total,Población total,74883.0,personas,population_communal_annual,2026-05-29
13302,Lampa,13,Región Metropolitana de Santiago,2011,poblacion_total,Población total,79510.0,personas,population_communal_annual,2026-05-29
13302,Lampa,13,Región Metropolitana de Santiago,2012,poblacion_total,Población total,84168.0,personas,population_communal_annual,2026-05-29
13302,Lampa,13,Región Metropolitana de Santiago,2013,poblacion_total,Población total,88732.0,personas,population_communal_annual,2026-05-29
13302,Lampa,13,Región Metropolitana de Santiago,2014,poblacion_total,Población total,93317.0,personas,population_communal_annual,2026-05-29
13302,Lampa,13,Región Metropolitana de Santiago,2015,poblacion_total,Población total,97952.0,personas,population_communal_annual,2026-05-29
13302,Lampa,13,Región Metropolitana de Santiago,2016,poblacion_total,Población total,102638.0,personas,population_communal_annual,2026-05-29
13302,Lampa,13,Región Metropolitana de Santiago,2017,poblacion_total,Población total,107662.0,personas,population_communal_annual,2026-05-29
13302,Lampa,13,Región Metropolitana de Santiago,2018,poblacion_total,Población total,115058.0,personas,population_communal_annual,2026-05-29
13302,Lampa,13,Región Metropolitana de Santiago,2019,poblacion_total,Población total,121528.0,personas,population_communal_annual,2026-05-29
13302,Lampa,13,Región Metropolitana de Santiago,2020,poblacion_total,Población total,126898.0,personas,population_communal_annual,2026-05-29
13302,Lampa,13,Región Metropolitana de Santiago,2021,poblacion_total,Población total,131436.0,personas,population_communal_annual,2026-05-29
13302,Lampa,13,Región Metropolitana de Santiago,2022,poblacion_total,Población total,135461.0,personas,population_communal_annual,2026-05-29
13302,Lampa,13,Región Metropolitana de Santiago,2023,poblacion_total,Población total,139266.0,personas,population_communal_annual,2026-05-29
13302,Lampa,13,Región Metropolitana de Santiago,2024,poblacion_total,Población total,143032.0,personas,population_communal_annual,2026-05-29
13302,Lampa,13,Región Metropolitana de Santiago,2025,poblacion_total,Población total,146646.0,personas,population_communal_annual,2026-05-29
13302,Lampa,13,Región Metropolitana de Santiago,2026,poblacion_total,Población total,150106.0,personas,population_communal_annual,2026-05-29
13302,Lampa,13,Región Metropolitana de Santiago,2027,poblacion_total,Población total,153419.0,personas,population_communal_annual,2026-05-29
13302,Lampa,13,Región Metropolitana de Santiago,2028,poblacion_total,Población total,156577.0,personas,population_communal_annual,2026-05-29
13302,Lampa,13,Región Metropolitana de Santiago,2029,poblacion_total,Población total,159577.0,personas,population_communal_annual,2026-05-29
13302,Lampa,13,Región Metropolitana de Santiago,2030,poblacion_total,Población total,162410.0,personas,population_communal_annual,2026-05-29
13302,Lampa,13,Región Metropolitana de Santiago,2031,poblacion_total,Población total,165105.0,personas,population_communal_annual,2026-05-29
13302,Lampa,13,Región Metropolitana de Santiago,2032,poblacion_total,Población total,167652.0,personas,population_communal_annual,2026-05-29
13302,Lampa,13,Región Metropolitana de Santiago,2033,poblacion_total,Población total,170042.0,personas,population_communal_annual,2026-05-29
13302,Lampa,13,Región Metropolitana de Santiago,2034,poblacion_total,Población total,172295.0,personas,population_communal_annual,2026-05-29
13302,Lampa,13,Región Metropolitana de Santiago,2035,poblacion_total,Población total,174404.0,personas,population_communal_annual,2026-05-29
13303,Tiltil,13,Región Metropolitana de Santiago,2002,poblacion_total,Población total,15148.0,personas,population_communal_annual,2026-05-29
13303,Tiltil,13,Región Metropolitana de Santiago,2003,poblacion_total,Población total,15586.0,personas,population_communal_annual,2026-05-29
13303,Tiltil,13,Región Metropolitana de Santiago,2004,poblacion_total,Población total,15984.0,personas,population_communal_annual,2026-05-29
13303,Tiltil,13,Región Metropolitana de Santiago,2005,poblacion_total,Población total,16359.0,personas,population_communal_annual,2026-05-29
13303,Tiltil,13,Región Metropolitana de Santiago,2006,poblacion_total,Población total,16721.0,personas,population_communal_annual,2026-05-29
13303,Tiltil,13,Región Metropolitana de Santiago,2007,poblacion_total,Población total,17079.0,personas,population_communal_annual,2026-05-29
13303,Tiltil,13,Región Metropolitana de Santiago,2008,poblacion_total,Población total,17430.0,personas,population_communal_annual,2026-05-29
13303,Tiltil,13,Región Metropolitana de Santiago,2009,poblacion_total,Población total,17771.0,personas,population_communal_annual,2026-05-29
13303,Tiltil,13,Región Metropolitana de Santiago,2010,poblacion_total,Población total,18108.0,personas,population_communal_annual,2026-05-29
13303,Tiltil,13,Región Metropolitana de Santiago,2011,poblacion_total,Población total,18434.0,personas,population_communal_annual,2026-05-29
13303,Tiltil,13,Región Metropolitana de Santiago,2012,poblacion_total,Población total,18757.0,personas,population_communal_annual,2026-05-29
13303,Tiltil,13,Región Metropolitana de Santiago,2013,poblacion_total,Población total,19052.0,personas,population_communal_annual,2026-05-29
13303,Tiltil,13,Región Metropolitana de Santiago,2014,poblacion_total,Población total,19334.0,personas,population_communal_annual,2026-05-29
13303,Tiltil,13,Región Metropolitana de Santiago,2015,poblacion_total,Población total,19636.0,personas,population_communal_annual,2026-05-29
13303,Tiltil,13,Región Metropolitana de Santiago,2016,poblacion_total,Población total,19928.0,personas,population_communal_annual,2026-05-29
13303,Tiltil,13,Región Metropolitana de Santiago,2017,poblacion_total,Población total,20268.0,personas,population_communal_annual,2026-05-29
13303,Tiltil,13,Región Metropolitana de Santiago,2018,poblacion_total,Población total,20661.0,personas,population_communal_annual,2026-05-29
13303,Tiltil,13,Región Metropolitana de Santiago,2019,poblacion_total,Población total,21066.0,personas,population_communal_annual,2026-05-29
13303,Tiltil,13,Región Metropolitana de Santiago,2020,poblacion_total,Población total,21477.0,personas,population_communal_annual,2026-05-29
13303,Tiltil,13,Región Metropolitana de Santiago,2021,poblacion_total,Población total,21783.0,personas,population_communal_annual,2026-05-29
13303,Tiltil,13,Región Metropolitana de Santiago,2022,poblacion_total,Población total,22033.0,personas,population_communal_annual,2026-05-29
13303,Tiltil,13,Región Metropolitana de Santiago,2023,poblacion_total,Población total,22262.0,personas,population_communal_annual,2026-05-29
13303,Tiltil,13,Región Metropolitana de Santiago,2024,poblacion_total,Población total,22482.0,personas,population_communal_annual,2026-05-29
13303,Tiltil,13,Región Metropolitana de Santiago,2025,poblacion_total,Población total,22695.0,personas,population_communal_annual,2026-05-29
13303,Tiltil,13,Región Metropolitana de Santiago,2026,poblacion_total,Población total,22897.0,personas,population_communal_annual,2026-05-29
13303,Tiltil,13,Región Metropolitana de Santiago,2027,poblacion_total,Población total,23094.0,personas,population_communal_annual,2026-05-29
13303,Tiltil,13,Región Metropolitana de Santiago,2028,poblacion_total,Población total,23277.0,personas,population_communal_annual,2026-05-29
13303,Tiltil,13,Región Metropolitana de Santiago,2029,poblacion_total,Población total,23448.0,personas,population_communal_annual,2026-05-29
13303,Tiltil,13,Región Metropolitana de Santiago,2030,poblacion_total,Población total,23611.0,personas,population_communal_annual,2026-05-29
13303,Tiltil,13,Región Metropolitana de Santiago,2031,poblacion_total,Población total,23774.0,personas,population_communal_annual,2026-05-29
13303,Tiltil,13,Región Metropolitana de Santiago,2032,poblacion_total,Población total,23921.0,personas,population_communal_annual,2026-05-29
13303,Tiltil,13,Región Metropolitana de Santiago,2033,poblacion_total,Población total,24055.0,personas,population_communal_annual,2026-05-29
13303,Tiltil,13,Región Metropolitana de Santiago,2034,poblacion_total,Población total,24176.0,personas,population_communal_annual,2026-05-29
13303,Tiltil,13,Región Metropolitana de Santiago,2035,poblacion_total,Población total,24292.0,personas,population_communal_annual,2026-05-29
13401,San Bernardo,13,Región Metropolitana de Santiago,2002,poblacion_total,Población total,255558.0,personas,population_communal_annual,2026-05-29
13401,San Bernardo,13,Región Metropolitana de Santiago,2003,poblacion_total,Población total,260942.0,personas,population_communal_annual,2026-05-29
13401,San Bernardo,13,Región Metropolitana de Santiago,2004,poblacion_total,Población total,265772.0,personas,population_communal_annual,2026-05-29
13401,San Bernardo,13,Región Metropolitana de Santiago,2005,poblacion_total,Población total,270230.0,personas,population_communal_annual,2026-05-29
13401,San Bernardo,13,Región Metropolitana de Santiago,2006,poblacion_total,Población total,274511.0,personas,population_communal_annual,2026-05-29
13401,San Bernardo,13,Región Metropolitana de Santiago,2007,poblacion_total,Población total,278724.0,personas,population_communal_annual,2026-05-29
13401,San Bernardo,13,Región Metropolitana de Santiago,2008,poblacion_total,Población total,282941.0,personas,population_communal_annual,2026-05-29
13401,San Bernardo,13,Región Metropolitana de Santiago,2009,poblacion_total,Población total,287080.0,personas,population_communal_annual,2026-05-29
13401,San Bernardo,13,Región Metropolitana de Santiago,2010,poblacion_total,Población total,291111.0,personas,population_communal_annual,2026-05-29
13401,San Bernardo,13,Región Metropolitana de Santiago,2011,poblacion_total,Población total,295082.0,personas,population_communal_annual,2026-05-29
13401,San Bernardo,13,Región Metropolitana de Santiago,2012,poblacion_total,Población total,298973.0,personas,population_communal_annual,2026-05-29
13401,San Bernardo,13,Región Metropolitana de Santiago,2013,poblacion_total,Población total,302510.0,personas,population_communal_annual,2026-05-29
13401,San Bernardo,13,Región Metropolitana de Santiago,2014,poblacion_total,Población total,306087.0,personas,population_communal_annual,2026-05-29
13401,San Bernardo,13,Región Metropolitana de Santiago,2015,poblacion_total,Población total,309765.0,personas,population_communal_annual,2026-05-29
13401,San Bernardo,13,Región Metropolitana de Santiago,2016,poblacion_total,Población total,313573.0,personas,population_communal_annual,2026-05-29
13401,San Bernardo,13,Región Metropolitana de Santiago,2017,poblacion_total,Población total,318078.0,personas,population_communal_annual,2026-05-29
13401,San Bernardo,13,Región Metropolitana de Santiago,2018,poblacion_total,Población total,323415.0,personas,population_communal_annual,2026-05-29
13401,San Bernardo,13,Región Metropolitana de Santiago,2019,poblacion_total,Población total,329121.0,personas,population_communal_annual,2026-05-29
13401,San Bernardo,13,Región Metropolitana de Santiago,2020,poblacion_total,Población total,334836.0,personas,population_communal_annual,2026-05-29
13401,San Bernardo,13,Región Metropolitana de Santiago,2021,poblacion_total,Población total,339043.0,personas,population_communal_annual,2026-05-29
13401,San Bernardo,13,Región Metropolitana de Santiago,2022,poblacion_total,Población total,342411.0,personas,population_communal_annual,2026-05-29
13401,San Bernardo,13,Región Metropolitana de Santiago,2023,poblacion_total,Población total,345583.0,personas,population_communal_annual,2026-05-29
13401,San Bernardo,13,Región Metropolitana de Santiago,2024,poblacion_total,Población total,348640.0,personas,population_communal_annual,2026-05-29
13401,San Bernardo,13,Región Metropolitana de Santiago,2025,poblacion_total,Población total,351625.0,personas,population_communal_annual,2026-05-29
13401,San Bernardo,13,Región Metropolitana de Santiago,2026,poblacion_total,Población total,354517.0,personas,population_communal_annual,2026-05-29
13401,San Bernardo,13,Región Metropolitana de Santiago,2027,poblacion_total,Población total,357321.0,personas,population_communal_annual,2026-05-29
13401,San Bernardo,13,Región Metropolitana de Santiago,2028,poblacion_total,Población total,360021.0,personas,population_communal_annual,2026-05-29
13401,San Bernardo,13,Región Metropolitana de Santiago,2029,poblacion_total,Población total,362614.0,personas,population_communal_annual,2026-05-29
13401,San Bernardo,13,Región Metropolitana de Santiago,2030,poblacion_total,Población total,365089.0,personas,population_communal_annual,2026-05-29
13401,San Bernardo,13,Región Metropolitana de Santiago,2031,poblacion_total,Población total,367466.0,personas,population_communal_annual,2026-05-29
13401,San Bernardo,13,Región Metropolitana de Santiago,2032,poblacion_total,Población total,369735.0,personas,population_communal_annual,2026-05-29
13401,San Bernardo,13,Región Metropolitana de Santiago,2033,poblacion_total,Población total,371875.0,personas,population_communal_annual,2026-05-29
13401,San Bernardo,13,Región Metropolitana de Santiago,2034,poblacion_total,Población total,373895.0,personas,population_communal_annual,2026-05-29
13401,San Bernardo,13,Región Metropolitana de Santiago,2035,poblacion_total,Población total,375791.0,personas,population_communal_annual,2026-05-29
13402,Buin,13,Región Metropolitana de Santiago,2002,poblacion_total,Población total,65549.0,personas,population_communal_annual,2026-05-29
13402,Buin,13,Región Metropolitana de Santiago,2003,poblacion_total,Población total,68196.0,personas,population_communal_annual,2026-05-29
13402,Buin,13,Región Metropolitana de Santiago,2004,poblacion_total,Población total,70739.0,personas,population_communal_annual,2026-05-29
13402,Buin,13,Región Metropolitana de Santiago,2005,poblacion_total,Población total,73212.0,personas,population_communal_annual,2026-05-29
13402,Buin,13,Región Metropolitana de Santiago,2006,poblacion_total,Población total,75647.0,personas,population_communal_annual,2026-05-29
13402,Buin,13,Región Metropolitana de Santiago,2007,poblacion_total,Población total,78091.0,personas,population_communal_annual,2026-05-29
13402,Buin,13,Región Metropolitana de Santiago,2008,poblacion_total,Población total,80545.0,personas,population_communal_annual,2026-05-29
13402,Buin,13,Región Metropolitana de Santiago,2009,poblacion_total,Población total,82988.0,personas,population_communal_annual,2026-05-29
13402,Buin,13,Región Metropolitana de Santiago,2010,poblacion_total,Población total,85404.0,personas,population_communal_annual,2026-05-29
13402,Buin,13,Región Metropolitana de Santiago,2011,poblacion_total,Población total,87806.0,personas,population_communal_annual,2026-05-29
13402,Buin,13,Región Metropolitana de Santiago,2012,poblacion_total,Población total,90184.0,personas,population_communal_annual,2026-05-29
13402,Buin,13,Región Metropolitana de Santiago,2013,poblacion_total,Población total,92461.0,personas,population_communal_annual,2026-05-29
13402,Buin,13,Región Metropolitana de Santiago,2014,poblacion_total,Población total,94730.0,personas,population_communal_annual,2026-05-29
13402,Buin,13,Región Metropolitana de Santiago,2015,poblacion_total,Población total,97024.0,personas,population_communal_annual,2026-05-29
13402,Buin,13,Región Metropolitana de Santiago,2016,poblacion_total,Población total,99327.0,personas,population_communal_annual,2026-05-29
13402,Buin,13,Región Metropolitana de Santiago,2017,poblacion_total,Población total,101743.0,personas,population_communal_annual,2026-05-29
13402,Buin,13,Región Metropolitana de Santiago,2018,poblacion_total,Población total,104338.0,personas,population_communal_annual,2026-05-29
13402,Buin,13,Región Metropolitana de Santiago,2019,poblacion_total,Población total,106986.0,personas,population_communal_annual,2026-05-29
13402,Buin,13,Región Metropolitana de Santiago,2020,poblacion_total,Población total,109641.0,personas,population_communal_annual,2026-05-29
13402,Buin,13,Región Metropolitana de Santiago,2021,poblacion_total,Población total,111934.0,personas,population_communal_annual,2026-05-29
13402,Buin,13,Región Metropolitana de Santiago,2022,poblacion_total,Población total,114028.0,personas,population_communal_annual,2026-05-29
13402,Buin,13,Región Metropolitana de Santiago,2023,poblacion_total,Población total,116032.0,personas,population_communal_annual,2026-05-29
13402,Buin,13,Región Metropolitana de Santiago,2024,poblacion_total,Población total,117982.0,personas,population_communal_annual,2026-05-29
13402,Buin,13,Región Metropolitana de Santiago,2025,poblacion_total,Población total,119885.0,personas,population_communal_annual,2026-05-29
13402,Buin,13,Región Metropolitana de Santiago,2026,poblacion_total,Población total,121737.0,personas,population_communal_annual,2026-05-29
13402,Buin,13,Región Metropolitana de Santiago,2027,poblacion_total,Población total,123527.0,personas,population_communal_annual,2026-05-29
13402,Buin,13,Región Metropolitana de Santiago,2028,poblacion_total,Población total,125245.0,personas,population_communal_annual,2026-05-29
13402,Buin,13,Región Metropolitana de Santiago,2029,poblacion_total,Población total,126909.0,personas,population_communal_annual,2026-05-29
13402,Buin,13,Región Metropolitana de Santiago,2030,poblacion_total,Población total,128487.0,personas,population_communal_annual,2026-05-29
13402,Buin,13,Región Metropolitana de Santiago,2031,poblacion_total,Población total,130009.0,personas,population_communal_annual,2026-05-29
13402,Buin,13,Región Metropolitana de Santiago,2032,poblacion_total,Población total,131464.0,personas,population_communal_annual,2026-05-29
13402,Buin,13,Región Metropolitana de Santiago,2033,poblacion_total,Población total,132842.0,personas,population_communal_annual,2026-05-29
13402,Buin,13,Región Metropolitana de Santiago,2034,poblacion_total,Población total,134135.0,personas,population_communal_annual,2026-05-29
13402,Buin,13,Región Metropolitana de Santiago,2035,poblacion_total,Población total,135353.0,personas,population_communal_annual,2026-05-29
13403,Calera de Tango,13,Región Metropolitana de Santiago,2002,poblacion_total,Población total,18809.0,personas,population_communal_annual,2026-05-29
13403,Calera de Tango,13,Región Metropolitana de Santiago,2003,poblacion_total,Población total,19422.0,personas,population_communal_annual,2026-05-29
13403,Calera de Tango,13,Región Metropolitana de Santiago,2004,poblacion_total,Población total,19999.0,personas,population_communal_annual,2026-05-29
13403,Calera de Tango,13,Región Metropolitana de Santiago,2005,poblacion_total,Población total,20552.0,personas,population_communal_annual,2026-05-29
13403,Calera de Tango,13,Región Metropolitana de Santiago,2006,poblacion_total,Población total,21088.0,personas,population_communal_annual,2026-05-29
13403,Calera de Tango,13,Región Metropolitana de Santiago,2007,poblacion_total,Población total,21625.0,personas,population_communal_annual,2026-05-29
13403,Calera de Tango,13,Región Metropolitana de Santiago,2008,poblacion_total,Población total,22160.0,personas,population_communal_annual,2026-05-29
13403,Calera de Tango,13,Región Metropolitana de Santiago,2009,poblacion_total,Población total,22693.0,personas,population_communal_annual,2026-05-29
13403,Calera de Tango,13,Región Metropolitana de Santiago,2010,poblacion_total,Población total,23208.0,personas,population_communal_annual,2026-05-29
13403,Calera de Tango,13,Región Metropolitana de Santiago,2011,poblacion_total,Población total,23727.0,personas,population_communal_annual,2026-05-29
13403,Calera de Tango,13,Región Metropolitana de Santiago,2012,poblacion_total,Población total,24238.0,personas,population_communal_annual,2026-05-29
13403,Calera de Tango,13,Región Metropolitana de Santiago,2013,poblacion_total,Población total,24720.0,personas,population_communal_annual,2026-05-29
13403,Calera de Tango,13,Región Metropolitana de Santiago,2014,poblacion_total,Población total,25199.0,personas,population_communal_annual,2026-05-29
13403,Calera de Tango,13,Región Metropolitana de Santiago,2015,poblacion_total,Población total,25682.0,personas,population_communal_annual,2026-05-29
13403,Calera de Tango,13,Región Metropolitana de Santiago,2016,poblacion_total,Población total,26173.0,personas,population_communal_annual,2026-05-29
13403,Calera de Tango,13,Región Metropolitana de Santiago,2017,poblacion_total,Población total,26704.0,personas,population_communal_annual,2026-05-29
13403,Calera de Tango,13,Región Metropolitana de Santiago,2018,poblacion_total,Población total,27309.0,personas,population_communal_annual,2026-05-29
13403,Calera de Tango,13,Región Metropolitana de Santiago,2019,poblacion_total,Población total,27913.0,personas,population_communal_annual,2026-05-29
13403,Calera de Tango,13,Región Metropolitana de Santiago,2020,poblacion_total,Población total,28525.0,personas,population_communal_annual,2026-05-29
13403,Calera de Tango,13,Región Metropolitana de Santiago,2021,poblacion_total,Población total,29019.0,personas,population_communal_annual,2026-05-29
13403,Calera de Tango,13,Región Metropolitana de Santiago,2022,poblacion_total,Población total,29470.0,personas,population_communal_annual,2026-05-29
13403,Calera de Tango,13,Región Metropolitana de Santiago,2023,poblacion_total,Población total,29880.0,personas,population_communal_annual,2026-05-29
13403,Calera de Tango,13,Región Metropolitana de Santiago,2024,poblacion_total,Población total,30283.0,personas,population_communal_annual,2026-05-29
13403,Calera de Tango,13,Región Metropolitana de Santiago,2025,poblacion_total,Población total,30678.0,personas,population_communal_annual,2026-05-29
13403,Calera de Tango,13,Región Metropolitana de Santiago,2026,poblacion_total,Población total,31060.0,personas,population_communal_annual,2026-05-29
13403,Calera de Tango,13,Región Metropolitana de Santiago,2027,poblacion_total,Población total,31428.0,personas,population_communal_annual,2026-05-29
13403,Calera de Tango,13,Región Metropolitana de Santiago,2028,poblacion_total,Población total,31783.0,personas,population_communal_annual,2026-05-29
13403,Calera de Tango,13,Región Metropolitana de Santiago,2029,poblacion_total,Población total,32123.0,personas,population_communal_annual,2026-05-29
13403,Calera de Tango,13,Región Metropolitana de Santiago,2030,poblacion_total,Población total,32440.0,personas,population_communal_annual,2026-05-29
13403,Calera de Tango,13,Región Metropolitana de Santiago,2031,poblacion_total,Población total,32763.0,personas,population_communal_annual,2026-05-29
13403,Calera de Tango,13,Región Metropolitana de Santiago,2032,poblacion_total,Población total,33054.0,personas,population_communal_annual,2026-05-29
13403,Calera de Tango,13,Región Metropolitana de Santiago,2033,poblacion_total,Población total,33328.0,personas,population_communal_annual,2026-05-29
13403,Calera de Tango,13,Región Metropolitana de Santiago,2034,poblacion_total,Población total,33597.0,personas,population_communal_annual,2026-05-29
13403,Calera de Tango,13,Región Metropolitana de Santiago,2035,poblacion_total,Población total,33846.0,personas,population_communal_annual,2026-05-29
13404,Paine,13,Región Metropolitana de Santiago,2002,poblacion_total,Población total,51439.0,personas,population_communal_annual,2026-05-29
13404,Paine,13,Región Metropolitana de Santiago,2003,poblacion_total,Población total,53346.0,personas,population_communal_annual,2026-05-29
13404,Paine,13,Región Metropolitana de Santiago,2004,poblacion_total,Población total,55154.0,personas,population_communal_annual,2026-05-29
13404,Paine,13,Región Metropolitana de Santiago,2005,poblacion_total,Población total,56891.0,personas,population_communal_annual,2026-05-29
13404,Paine,13,Región Metropolitana de Santiago,2006,poblacion_total,Población total,58603.0,personas,population_communal_annual,2026-05-29
13404,Paine,13,Región Metropolitana de Santiago,2007,poblacion_total,Población total,60318.0,personas,population_communal_annual,2026-05-29
13404,Paine,13,Región Metropolitana de Santiago,2008,poblacion_total,Población total,62029.0,personas,population_communal_annual,2026-05-29
13404,Paine,13,Región Metropolitana de Santiago,2009,poblacion_total,Población total,63728.0,personas,population_communal_annual,2026-05-29
13404,Paine,13,Región Metropolitana de Santiago,2010,poblacion_total,Población total,65398.0,personas,population_communal_annual,2026-05-29
13404,Paine,13,Región Metropolitana de Santiago,2011,poblacion_total,Población total,67049.0,personas,population_communal_annual,2026-05-29
13404,Paine,13,Región Metropolitana de Santiago,2012,poblacion_total,Población total,68682.0,personas,population_communal_annual,2026-05-29
13404,Paine,13,Región Metropolitana de Santiago,2013,poblacion_total,Población total,70227.0,personas,population_communal_annual,2026-05-29
13404,Paine,13,Región Metropolitana de Santiago,2014,poblacion_total,Población total,71759.0,personas,population_communal_annual,2026-05-29
13404,Paine,13,Región Metropolitana de Santiago,2015,poblacion_total,Población total,73319.0,personas,population_communal_annual,2026-05-29
13404,Paine,13,Región Metropolitana de Santiago,2016,poblacion_total,Población total,74900.0,personas,population_communal_annual,2026-05-29
13404,Paine,13,Región Metropolitana de Santiago,2017,poblacion_total,Población total,76659.0,personas,population_communal_annual,2026-05-29
13404,Paine,13,Región Metropolitana de Santiago,2018,poblacion_total,Población total,78650.0,personas,population_communal_annual,2026-05-29
13404,Paine,13,Región Metropolitana de Santiago,2019,poblacion_total,Población total,80711.0,personas,population_communal_annual,2026-05-29
13404,Paine,13,Región Metropolitana de Santiago,2020,poblacion_total,Población total,82766.0,personas,population_communal_annual,2026-05-29
13404,Paine,13,Región Metropolitana de Santiago,2021,poblacion_total,Población total,84379.0,personas,population_communal_annual,2026-05-29
13404,Paine,13,Región Metropolitana de Santiago,2022,poblacion_total,Población total,85759.0,personas,population_communal_annual,2026-05-29
13404,Paine,13,Región Metropolitana de Santiago,2023,poblacion_total,Población total,87059.0,personas,population_communal_annual,2026-05-29
13404,Paine,13,Región Metropolitana de Santiago,2024,poblacion_total,Población total,88317.0,personas,population_communal_annual,2026-05-29
13404,Paine,13,Región Metropolitana de Santiago,2025,poblacion_total,Población total,89543.0,personas,population_communal_annual,2026-05-29
13404,Paine,13,Región Metropolitana de Santiago,2026,poblacion_total,Población total,90729.0,personas,population_communal_annual,2026-05-29
13404,Paine,13,Región Metropolitana de Santiago,2027,poblacion_total,Población total,91856.0,personas,population_communal_annual,2026-05-29
13404,Paine,13,Región Metropolitana de Santiago,2028,poblacion_total,Población total,92952.0,personas,population_communal_annual,2026-05-29
13404,Paine,13,Región Metropolitana de Santiago,2029,poblacion_total,Población total,94002.0,personas,population_communal_annual,2026-05-29
13404,Paine,13,Región Metropolitana de Santiago,2030,poblacion_total,Población total,94996.0,personas,population_communal_annual,2026-05-29
13404,Paine,13,Región Metropolitana de Santiago,2031,poblacion_total,Población total,95940.0,personas,population_communal_annual,2026-05-29
13404,Paine,13,Región Metropolitana de Santiago,2032,poblacion_total,Población total,96842.0,personas,population_communal_annual,2026-05-29
13404,Paine,13,Región Metropolitana de Santiago,2033,poblacion_total,Población total,97695.0,personas,population_communal_annual,2026-05-29
13404,Paine,13,Región Metropolitana de Santiago,2034,poblacion_total,Población total,98489.0,personas,population_communal_annual,2026-05-29
13404,Paine,13,Región Metropolitana de Santiago,2035,poblacion_total,Población total,99232.0,personas,population_communal_annual,2026-05-29
13501,Melipilla,13,Región Metropolitana de Santiago,2002,poblacion_total,Población total,97335.0,personas,population_communal_annual,2026-05-29
13501,Melipilla,13,Región Metropolitana de Santiago,2003,poblacion_total,Población total,100292.0,personas,population_communal_annual,2026-05-29
13501,Melipilla,13,Región Metropolitana de Santiago,2004,poblacion_total,Población total,103023.0,personas,population_communal_annual,2026-05-29
13501,Melipilla,13,Región Metropolitana de Santiago,2005,poblacion_total,Población total,105613.0,personas,population_communal_annual,2026-05-29
13501,Melipilla,13,Región Metropolitana de Santiago,2006,poblacion_total,Población total,108129.0,personas,population_communal_annual,2026-05-29
13501,Melipilla,13,Región Metropolitana de Santiago,2007,poblacion_total,Población total,110603.0,personas,population_communal_annual,2026-05-29
13501,Melipilla,13,Región Metropolitana de Santiago,2008,poblacion_total,Población total,113062.0,personas,population_communal_annual,2026-05-29
13501,Melipilla,13,Región Metropolitana de Santiago,2009,poblacion_total,Población total,115478.0,personas,population_communal_annual,2026-05-29
13501,Melipilla,13,Región Metropolitana de Santiago,2010,poblacion_total,Población total,117836.0,personas,population_communal_annual,2026-05-29
13501,Melipilla,13,Región Metropolitana de Santiago,2011,poblacion_total,Población total,120152.0,personas,population_communal_annual,2026-05-29
13501,Melipilla,13,Región Metropolitana de Santiago,2012,poblacion_total,Población total,122406.0,personas,population_communal_annual,2026-05-29
13501,Melipilla,13,Región Metropolitana de Santiago,2013,poblacion_total,Población total,124500.0,personas,population_communal_annual,2026-05-29
13501,Melipilla,13,Región Metropolitana de Santiago,2014,poblacion_total,Población total,126601.0,personas,population_communal_annual,2026-05-29
13501,Melipilla,13,Región Metropolitana de Santiago,2015,poblacion_total,Población total,128701.0,personas,population_communal_annual,2026-05-29
13501,Melipilla,13,Región Metropolitana de Santiago,2016,poblacion_total,Población total,130840.0,personas,population_communal_annual,2026-05-29
13501,Melipilla,13,Región Metropolitana de Santiago,2017,poblacion_total,Población total,133232.0,personas,population_communal_annual,2026-05-29
13501,Melipilla,13,Región Metropolitana de Santiago,2018,poblacion_total,Población total,135945.0,personas,population_communal_annual,2026-05-29
13501,Melipilla,13,Región Metropolitana de Santiago,2019,poblacion_total,Población total,138793.0,personas,population_communal_annual,2026-05-29
13501,Melipilla,13,Región Metropolitana de Santiago,2020,poblacion_total,Población total,141612.0,personas,population_communal_annual,2026-05-29
13501,Melipilla,13,Región Metropolitana de Santiago,2021,poblacion_total,Población total,143779.0,personas,population_communal_annual,2026-05-29
13501,Melipilla,13,Región Metropolitana de Santiago,2022,poblacion_total,Población total,145583.0,personas,population_communal_annual,2026-05-29
13501,Melipilla,13,Región Metropolitana de Santiago,2023,poblacion_total,Población total,147275.0,personas,population_communal_annual,2026-05-29
13501,Melipilla,13,Región Metropolitana de Santiago,2024,poblacion_total,Población total,148899.0,personas,population_communal_annual,2026-05-29
13501,Melipilla,13,Región Metropolitana de Santiago,2025,poblacion_total,Población total,150466.0,personas,population_communal_annual,2026-05-29
13501,Melipilla,13,Región Metropolitana de Santiago,2026,poblacion_total,Población total,151963.0,personas,population_communal_annual,2026-05-29
13501,Melipilla,13,Región Metropolitana de Santiago,2027,poblacion_total,Población total,153408.0,personas,population_communal_annual,2026-05-29
13501,Melipilla,13,Región Metropolitana de Santiago,2028,poblacion_total,Población total,154771.0,personas,population_communal_annual,2026-05-29
13501,Melipilla,13,Región Metropolitana de Santiago,2029,poblacion_total,Población total,156068.0,personas,population_communal_annual,2026-05-29
13501,Melipilla,13,Región Metropolitana de Santiago,2030,poblacion_total,Población total,157297.0,personas,population_communal_annual,2026-05-29
13501,Melipilla,13,Región Metropolitana de Santiago,2031,poblacion_total,Población total,158461.0,personas,population_communal_annual,2026-05-29
13501,Melipilla,13,Región Metropolitana de Santiago,2032,poblacion_total,Población total,159543.0,personas,population_communal_annual,2026-05-29
13501,Melipilla,13,Región Metropolitana de Santiago,2033,poblacion_total,Población total,160560.0,personas,population_communal_annual,2026-05-29
13501,Melipilla,13,Región Metropolitana de Santiago,2034,poblacion_total,Población total,161497.0,personas,population_communal_annual,2026-05-29
13501,Melipilla,13,Región Metropolitana de Santiago,2035,poblacion_total,Población total,162362.0,personas,population_communal_annual,2026-05-29
13502,Alhué,13,Región Metropolitana de Santiago,2002,poblacion_total,Población total,4567.0,personas,population_communal_annual,2026-05-29
13502,Alhué,13,Región Metropolitana de Santiago,2003,poblacion_total,Población total,4745.0,personas,population_communal_annual,2026-05-29
13502,Alhué,13,Región Metropolitana de Santiago,2004,poblacion_total,Población total,4908.0,personas,population_communal_annual,2026-05-29
13502,Alhué,13,Región Metropolitana de Santiago,2005,poblacion_total,Población total,5078.0,personas,population_communal_annual,2026-05-29
13502,Alhué,13,Región Metropolitana de Santiago,2006,poblacion_total,Población total,5234.0,personas,population_communal_annual,2026-05-29
13502,Alhué,13,Región Metropolitana de Santiago,2007,poblacion_total,Población total,5396.0,personas,population_communal_annual,2026-05-29
13502,Alhué,13,Región Metropolitana de Santiago,2008,poblacion_total,Población total,5545.0,personas,population_communal_annual,2026-05-29
13502,Alhué,13,Región Metropolitana de Santiago,2009,poblacion_total,Población total,5701.0,personas,population_communal_annual,2026-05-29
13502,Alhué,13,Región Metropolitana de Santiago,2010,poblacion_total,Población total,5856.0,personas,population_communal_annual,2026-05-29
13502,Alhué,13,Región Metropolitana de Santiago,2011,poblacion_total,Población total,5995.0,personas,population_communal_annual,2026-05-29
13502,Alhué,13,Región Metropolitana de Santiago,2012,poblacion_total,Población total,6149.0,personas,population_communal_annual,2026-05-29
13502,Alhué,13,Región Metropolitana de Santiago,2013,poblacion_total,Población total,6278.0,personas,population_communal_annual,2026-05-29
13502,Alhué,13,Región Metropolitana de Santiago,2014,poblacion_total,Población total,6415.0,personas,population_communal_annual,2026-05-29
13502,Alhué,13,Región Metropolitana de Santiago,2015,poblacion_total,Población total,6553.0,personas,population_communal_annual,2026-05-29
13502,Alhué,13,Región Metropolitana de Santiago,2016,poblacion_total,Población total,6688.0,personas,population_communal_annual,2026-05-29
13502,Alhué,13,Región Metropolitana de Santiago,2017,poblacion_total,Población total,6835.0,personas,population_communal_annual,2026-05-29
13502,Alhué,13,Región Metropolitana de Santiago,2018,poblacion_total,Población total,7022.0,personas,population_communal_annual,2026-05-29
13502,Alhué,13,Región Metropolitana de Santiago,2019,poblacion_total,Población total,7214.0,personas,population_communal_annual,2026-05-29
13502,Alhué,13,Región Metropolitana de Santiago,2020,poblacion_total,Población total,7405.0,personas,population_communal_annual,2026-05-29
13502,Alhué,13,Región Metropolitana de Santiago,2021,poblacion_total,Población total,7536.0,personas,population_communal_annual,2026-05-29
13502,Alhué,13,Región Metropolitana de Santiago,2022,poblacion_total,Población total,7649.0,personas,population_communal_annual,2026-05-29
13502,Alhué,13,Región Metropolitana de Santiago,2023,poblacion_total,Población total,7756.0,personas,population_communal_annual,2026-05-29
13502,Alhué,13,Región Metropolitana de Santiago,2024,poblacion_total,Población total,7856.0,personas,population_communal_annual,2026-05-29
13502,Alhué,13,Región Metropolitana de Santiago,2025,poblacion_total,Población total,7954.0,personas,population_communal_annual,2026-05-29
13502,Alhué,13,Región Metropolitana de Santiago,2026,poblacion_total,Población total,8044.0,personas,population_communal_annual,2026-05-29
13502,Alhué,13,Región Metropolitana de Santiago,2027,poblacion_total,Población total,8125.0,personas,population_communal_annual,2026-05-29
13502,Alhué,13,Región Metropolitana de Santiago,2028,poblacion_total,Población total,8209.0,personas,population_communal_annual,2026-05-29
13502,Alhué,13,Región Metropolitana de Santiago,2029,poblacion_total,Población total,8281.0,personas,population_communal_annual,2026-05-29
13502,Alhué,13,Región Metropolitana de Santiago,2030,poblacion_total,Población total,8364.0,personas,population_communal_annual,2026-05-29
13502,Alhué,13,Región Metropolitana de Santiago,2031,poblacion_total,Población total,8434.0,personas,population_communal_annual,2026-05-29
13502,Alhué,13,Región Metropolitana de Santiago,2032,poblacion_total,Población total,8493.0,personas,population_communal_annual,2026-05-29
13502,Alhué,13,Región Metropolitana de Santiago,2033,poblacion_total,Población total,8550.0,personas,population_communal_annual,2026-05-29
13502,Alhué,13,Región Metropolitana de Santiago,2034,poblacion_total,Población total,8612.0,personas,population_communal_annual,2026-05-29
13502,Alhué,13,Región Metropolitana de Santiago,2035,poblacion_total,Población total,8660.0,personas,population_communal_annual,2026-05-29
13503,Curacaví,13,Región Metropolitana de Santiago,2002,poblacion_total,Población total,24989.0,personas,population_communal_annual,2026-05-29
13503,Curacaví,13,Región Metropolitana de Santiago,2003,poblacion_total,Población total,25756.0,personas,population_communal_annual,2026-05-29
13503,Curacaví,13,Región Metropolitana de Santiago,2004,poblacion_total,Población total,26458.0,personas,population_communal_annual,2026-05-29
13503,Curacaví,13,Región Metropolitana de Santiago,2005,poblacion_total,Población total,27135.0,personas,population_communal_annual,2026-05-29
13503,Curacaví,13,Región Metropolitana de Santiago,2006,poblacion_total,Población total,27783.0,personas,population_communal_annual,2026-05-29
13503,Curacaví,13,Región Metropolitana de Santiago,2007,poblacion_total,Población total,28418.0,personas,population_communal_annual,2026-05-29
13503,Curacaví,13,Región Metropolitana de Santiago,2008,poblacion_total,Población total,29058.0,personas,population_communal_annual,2026-05-29
13503,Curacaví,13,Región Metropolitana de Santiago,2009,poblacion_total,Población total,29697.0,personas,population_communal_annual,2026-05-29
13503,Curacaví,13,Región Metropolitana de Santiago,2010,poblacion_total,Población total,30302.0,personas,population_communal_annual,2026-05-29
13503,Curacaví,13,Región Metropolitana de Santiago,2011,poblacion_total,Población total,30911.0,personas,population_communal_annual,2026-05-29
13503,Curacaví,13,Región Metropolitana de Santiago,2012,poblacion_total,Población total,31501.0,personas,population_communal_annual,2026-05-29
13503,Curacaví,13,Región Metropolitana de Santiago,2013,poblacion_total,Población total,32061.0,personas,population_communal_annual,2026-05-29
13503,Curacaví,13,Región Metropolitana de Santiago,2014,poblacion_total,Población total,32610.0,personas,population_communal_annual,2026-05-29
13503,Curacaví,13,Región Metropolitana de Santiago,2015,poblacion_total,Población total,33162.0,personas,population_communal_annual,2026-05-29
13503,Curacaví,13,Región Metropolitana de Santiago,2016,poblacion_total,Población total,33721.0,personas,population_communal_annual,2026-05-29
13503,Curacaví,13,Región Metropolitana de Santiago,2017,poblacion_total,Población total,34337.0,personas,population_communal_annual,2026-05-29
13503,Curacaví,13,Región Metropolitana de Santiago,2018,poblacion_total,Población total,35016.0,personas,population_communal_annual,2026-05-29
13503,Curacaví,13,Región Metropolitana de Santiago,2019,poblacion_total,Población total,35720.0,personas,population_communal_annual,2026-05-29
13503,Curacaví,13,Región Metropolitana de Santiago,2020,poblacion_total,Población total,36430.0,personas,population_communal_annual,2026-05-29
13503,Curacaví,13,Región Metropolitana de Santiago,2021,poblacion_total,Población total,36991.0,personas,population_communal_annual,2026-05-29
13503,Curacaví,13,Región Metropolitana de Santiago,2022,poblacion_total,Población total,37479.0,personas,population_communal_annual,2026-05-29
13503,Curacaví,13,Región Metropolitana de Santiago,2023,poblacion_total,Población total,37932.0,personas,population_communal_annual,2026-05-29
13503,Curacaví,13,Región Metropolitana de Santiago,2024,poblacion_total,Población total,38367.0,personas,population_communal_annual,2026-05-29
13503,Curacaví,13,Región Metropolitana de Santiago,2025,poblacion_total,Población total,38803.0,personas,population_communal_annual,2026-05-29
13503,Curacaví,13,Región Metropolitana de Santiago,2026,poblacion_total,Población total,39222.0,personas,population_communal_annual,2026-05-29
13503,Curacaví,13,Región Metropolitana de Santiago,2027,poblacion_total,Población total,39612.0,personas,population_communal_annual,2026-05-29
13503,Curacaví,13,Región Metropolitana de Santiago,2028,poblacion_total,Población total,39990.0,personas,population_communal_annual,2026-05-29
13503,Curacaví,13,Región Metropolitana de Santiago,2029,poblacion_total,Población total,40356.0,personas,population_communal_annual,2026-05-29
13503,Curacaví,13,Región Metropolitana de Santiago,2030,poblacion_total,Población total,40695.0,personas,population_communal_annual,2026-05-29
13503,Curacaví,13,Región Metropolitana de Santiago,2031,poblacion_total,Población total,41021.0,personas,population_communal_annual,2026-05-29
13503,Curacaví,13,Región Metropolitana de Santiago,2032,poblacion_total,Población total,41320.0,personas,population_communal_annual,2026-05-29
13503,Curacaví,13,Región Metropolitana de Santiago,2033,poblacion_total,Población total,41609.0,personas,population_communal_annual,2026-05-29
13503,Curacaví,13,Región Metropolitana de Santiago,2034,poblacion_total,Población total,41874.0,personas,population_communal_annual,2026-05-29
13503,Curacaví,13,Región Metropolitana de Santiago,2035,poblacion_total,Población total,42125.0,personas,population_communal_annual,2026-05-29
13504,María Pinto,13,Región Metropolitana de Santiago,2002,poblacion_total,Población total,10651.0,personas,population_communal_annual,2026-05-29
13504,María Pinto,13,Región Metropolitana de Santiago,2003,poblacion_total,Población total,10958.0,personas,population_communal_annual,2026-05-29
13504,María Pinto,13,Región Metropolitana de Santiago,2004,poblacion_total,Población total,11243.0,personas,population_communal_annual,2026-05-29
13504,María Pinto,13,Región Metropolitana de Santiago,2005,poblacion_total,Población total,11498.0,personas,population_communal_annual,2026-05-29
13504,María Pinto,13,Región Metropolitana de Santiago,2006,poblacion_total,Población total,11770.0,personas,population_communal_annual,2026-05-29
13504,María Pinto,13,Región Metropolitana de Santiago,2007,poblacion_total,Población total,12011.0,personas,population_communal_annual,2026-05-29
13504,María Pinto,13,Región Metropolitana de Santiago,2008,poblacion_total,Población total,12263.0,personas,population_communal_annual,2026-05-29
13504,María Pinto,13,Región Metropolitana de Santiago,2009,poblacion_total,Población total,12503.0,personas,population_communal_annual,2026-05-29
13504,María Pinto,13,Región Metropolitana de Santiago,2010,poblacion_total,Población total,12747.0,personas,population_communal_annual,2026-05-29
13504,María Pinto,13,Región Metropolitana de Santiago,2011,poblacion_total,Población total,12980.0,personas,population_communal_annual,2026-05-29
13504,María Pinto,13,Región Metropolitana de Santiago,2012,poblacion_total,Población total,13199.0,personas,population_communal_annual,2026-05-29
13504,María Pinto,13,Región Metropolitana de Santiago,2013,poblacion_total,Población total,13416.0,personas,population_communal_annual,2026-05-29
13504,María Pinto,13,Región Metropolitana de Santiago,2014,poblacion_total,Población total,13628.0,personas,population_communal_annual,2026-05-29
13504,María Pinto,13,Región Metropolitana de Santiago,2015,poblacion_total,Población total,13842.0,personas,population_communal_annual,2026-05-29
13504,María Pinto,13,Región Metropolitana de Santiago,2016,poblacion_total,Población total,14047.0,personas,population_communal_annual,2026-05-29
13504,María Pinto,13,Región Metropolitana de Santiago,2017,poblacion_total,Población total,14254.0,personas,population_communal_annual,2026-05-29
13504,María Pinto,13,Región Metropolitana de Santiago,2018,poblacion_total,Población total,14474.0,personas,population_communal_annual,2026-05-29
13504,María Pinto,13,Región Metropolitana de Santiago,2019,poblacion_total,Población total,14708.0,personas,population_communal_annual,2026-05-29
13504,María Pinto,13,Región Metropolitana de Santiago,2020,poblacion_total,Población total,14926.0,personas,population_communal_annual,2026-05-29
13504,María Pinto,13,Región Metropolitana de Santiago,2021,poblacion_total,Población total,15132.0,personas,population_communal_annual,2026-05-29
13504,María Pinto,13,Región Metropolitana de Santiago,2022,poblacion_total,Población total,15323.0,personas,population_communal_annual,2026-05-29
13504,María Pinto,13,Región Metropolitana de Santiago,2023,poblacion_total,Población total,15503.0,personas,population_communal_annual,2026-05-29
13504,María Pinto,13,Región Metropolitana de Santiago,2024,poblacion_total,Población total,15669.0,personas,population_communal_annual,2026-05-29
13504,María Pinto,13,Región Metropolitana de Santiago,2025,poblacion_total,Población total,15838.0,personas,population_communal_annual,2026-05-29
13504,María Pinto,13,Región Metropolitana de Santiago,2026,poblacion_total,Población total,16006.0,personas,population_communal_annual,2026-05-29
13504,María Pinto,13,Región Metropolitana de Santiago,2027,poblacion_total,Población total,16166.0,personas,population_communal_annual,2026-05-29
13504,María Pinto,13,Región Metropolitana de Santiago,2028,poblacion_total,Población total,16318.0,personas,population_communal_annual,2026-05-29
13504,María Pinto,13,Región Metropolitana de Santiago,2029,poblacion_total,Población total,16462.0,personas,population_communal_annual,2026-05-29
13504,María Pinto,13,Región Metropolitana de Santiago,2030,poblacion_total,Población total,16589.0,personas,population_communal_annual,2026-05-29
13504,María Pinto,13,Región Metropolitana de Santiago,2031,poblacion_total,Población total,16721.0,personas,population_communal_annual,2026-05-29
13504,María Pinto,13,Región Metropolitana de Santiago,2032,poblacion_total,Población total,16842.0,personas,population_communal_annual,2026-05-29
13504,María Pinto,13,Región Metropolitana de Santiago,2033,poblacion_total,Población total,16967.0,personas,population_communal_annual,2026-05-29
13504,María Pinto,13,Región Metropolitana de Santiago,2034,poblacion_total,Población total,17075.0,personas,population_communal_annual,2026-05-29
13504,María Pinto,13,Región Metropolitana de Santiago,2035,poblacion_total,Población total,17174.0,personas,population_communal_annual,2026-05-29
13505,San Pedro,13,Región Metropolitana de Santiago,2002,poblacion_total,Población total,8378.0,personas,population_communal_annual,2026-05-29
13505,San Pedro,13,Región Metropolitana de Santiago,2003,poblacion_total,Población total,8612.0,personas,population_communal_annual,2026-05-29
13505,San Pedro,13,Región Metropolitana de Santiago,2004,poblacion_total,Población total,8838.0,personas,population_communal_annual,2026-05-29
13505,San Pedro,13,Región Metropolitana de Santiago,2005,poblacion_total,Población total,9033.0,personas,population_communal_annual,2026-05-29
13505,San Pedro,13,Región Metropolitana de Santiago,2006,poblacion_total,Población total,9241.0,personas,population_communal_annual,2026-05-29
13505,San Pedro,13,Región Metropolitana de Santiago,2007,poblacion_total,Población total,9426.0,personas,population_communal_annual,2026-05-29
13505,San Pedro,13,Región Metropolitana de Santiago,2008,poblacion_total,Población total,9626.0,personas,population_communal_annual,2026-05-29
13505,San Pedro,13,Región Metropolitana de Santiago,2009,poblacion_total,Población total,9811.0,personas,population_communal_annual,2026-05-29
13505,San Pedro,13,Región Metropolitana de Santiago,2010,poblacion_total,Población total,10003.0,personas,population_communal_annual,2026-05-29
13505,San Pedro,13,Región Metropolitana de Santiago,2011,poblacion_total,Población total,10188.0,personas,population_communal_annual,2026-05-29
13505,San Pedro,13,Región Metropolitana de Santiago,2012,poblacion_total,Población total,10370.0,personas,population_communal_annual,2026-05-29
13505,San Pedro,13,Región Metropolitana de Santiago,2013,poblacion_total,Población total,10527.0,personas,population_communal_annual,2026-05-29
13505,San Pedro,13,Región Metropolitana de Santiago,2014,poblacion_total,Población total,10694.0,personas,population_communal_annual,2026-05-29
13505,San Pedro,13,Región Metropolitana de Santiago,2015,poblacion_total,Población total,10864.0,personas,population_communal_annual,2026-05-29
13505,San Pedro,13,Región Metropolitana de Santiago,2016,poblacion_total,Población total,11039.0,personas,population_communal_annual,2026-05-29
13505,San Pedro,13,Región Metropolitana de Santiago,2017,poblacion_total,Población total,11229.0,personas,population_communal_annual,2026-05-29
13505,San Pedro,13,Región Metropolitana de Santiago,2018,poblacion_total,Población total,11468.0,personas,population_communal_annual,2026-05-29
13505,San Pedro,13,Región Metropolitana de Santiago,2019,poblacion_total,Población total,11706.0,personas,population_communal_annual,2026-05-29
13505,San Pedro,13,Región Metropolitana de Santiago,2020,poblacion_total,Población total,11953.0,personas,population_communal_annual,2026-05-29
13505,San Pedro,13,Región Metropolitana de Santiago,2021,poblacion_total,Población total,12132.0,personas,population_communal_annual,2026-05-29
13505,San Pedro,13,Región Metropolitana de Santiago,2022,poblacion_total,Población total,12274.0,personas,population_communal_annual,2026-05-29
13505,San Pedro,13,Región Metropolitana de Santiago,2023,poblacion_total,Población total,12412.0,personas,population_communal_annual,2026-05-29
13505,San Pedro,13,Región Metropolitana de Santiago,2024,poblacion_total,Población total,12544.0,personas,population_communal_annual,2026-05-29
13505,San Pedro,13,Región Metropolitana de Santiago,2025,poblacion_total,Población total,12669.0,personas,population_communal_annual,2026-05-29
13505,San Pedro,13,Región Metropolitana de Santiago,2026,poblacion_total,Población total,12790.0,personas,population_communal_annual,2026-05-29
13505,San Pedro,13,Región Metropolitana de Santiago,2027,poblacion_total,Población total,12896.0,personas,population_communal_annual,2026-05-29
13505,San Pedro,13,Región Metropolitana de Santiago,2028,poblacion_total,Población total,13021.0,personas,population_communal_annual,2026-05-29
13505,San Pedro,13,Región Metropolitana de Santiago,2029,poblacion_total,Población total,13117.0,personas,population_communal_annual,2026-05-29
13505,San Pedro,13,Región Metropolitana de Santiago,2030,poblacion_total,Población total,13217.0,personas,population_communal_annual,2026-05-29
13505,San Pedro,13,Región Metropolitana de Santiago,2031,poblacion_total,Población total,13319.0,personas,population_communal_annual,2026-05-29
13505,San Pedro,13,Región Metropolitana de Santiago,2032,poblacion_total,Población total,13398.0,personas,population_communal_annual,2026-05-29
13505,San Pedro,13,Región Metropolitana de Santiago,2033,poblacion_total,Población total,13484.0,personas,population_communal_annual,2026-05-29
13505,San Pedro,13,Región Metropolitana de Santiago,2034,poblacion_total,Población total,13561.0,personas,population_communal_annual,2026-05-29
13505,San Pedro,13,Región Metropolitana de Santiago,2035,poblacion_total,Población total,13627.0,personas,population_communal_annual,2026-05-29
13601,Talagante,13,Región Metropolitana de Santiago,2002,poblacion_total,Población total,61613.0,personas,population_communal_annual,2026-05-29
13601,Talagante,13,Región Metropolitana de Santiago,2003,poblacion_total,Población total,62999.0,personas,population_communal_annual,2026-05-29
13601,Talagante,13,Región Metropolitana de Santiago,2004,poblacion_total,Población total,64254.0,personas,population_communal_annual,2026-05-29
13601,Talagante,13,Región Metropolitana de Santiago,2005,poblacion_total,Población total,65413.0,personas,population_communal_annual,2026-05-29
13601,Talagante,13,Región Metropolitana de Santiago,2006,poblacion_total,Población total,66532.0,personas,population_communal_annual,2026-05-29
13601,Talagante,13,Región Metropolitana de Santiago,2007,poblacion_total,Población total,67628.0,personas,population_communal_annual,2026-05-29
13601,Talagante,13,Región Metropolitana de Santiago,2008,poblacion_total,Población total,68729.0,personas,population_communal_annual,2026-05-29
13601,Talagante,13,Región Metropolitana de Santiago,2009,poblacion_total,Población total,69819.0,personas,population_communal_annual,2026-05-29
13601,Talagante,13,Región Metropolitana de Santiago,2010,poblacion_total,Población total,70875.0,personas,population_communal_annual,2026-05-29
13601,Talagante,13,Región Metropolitana de Santiago,2011,poblacion_total,Población total,71921.0,personas,population_communal_annual,2026-05-29
13601,Talagante,13,Región Metropolitana de Santiago,2012,poblacion_total,Población total,72933.0,personas,population_communal_annual,2026-05-29
13601,Talagante,13,Región Metropolitana de Santiago,2013,poblacion_total,Población total,73888.0,personas,population_communal_annual,2026-05-29
13601,Talagante,13,Región Metropolitana de Santiago,2014,poblacion_total,Población total,74832.0,personas,population_communal_annual,2026-05-29
13601,Talagante,13,Región Metropolitana de Santiago,2015,poblacion_total,Población total,75807.0,personas,population_communal_annual,2026-05-29
13601,Talagante,13,Región Metropolitana de Santiago,2016,poblacion_total,Población total,76796.0,personas,population_communal_annual,2026-05-29
13601,Talagante,13,Región Metropolitana de Santiago,2017,poblacion_total,Población total,77899.0,personas,population_communal_annual,2026-05-29
13601,Talagante,13,Región Metropolitana de Santiago,2018,poblacion_total,Población total,79158.0,personas,population_communal_annual,2026-05-29
13601,Talagante,13,Región Metropolitana de Santiago,2019,poblacion_total,Población total,80489.0,personas,population_communal_annual,2026-05-29
13601,Talagante,13,Región Metropolitana de Santiago,2020,poblacion_total,Población total,81838.0,personas,population_communal_annual,2026-05-29
13601,Talagante,13,Región Metropolitana de Santiago,2021,poblacion_total,Población total,82900.0,personas,population_communal_annual,2026-05-29
13601,Talagante,13,Región Metropolitana de Santiago,2022,poblacion_total,Población total,83814.0,personas,population_communal_annual,2026-05-29
13601,Talagante,13,Región Metropolitana de Santiago,2023,poblacion_total,Población total,84670.0,personas,population_communal_annual,2026-05-29
13601,Talagante,13,Región Metropolitana de Santiago,2024,poblacion_total,Población total,85514.0,personas,population_communal_annual,2026-05-29
13601,Talagante,13,Región Metropolitana de Santiago,2025,poblacion_total,Población total,86348.0,personas,population_communal_annual,2026-05-29
13601,Talagante,13,Región Metropolitana de Santiago,2026,poblacion_total,Población total,87151.0,personas,population_communal_annual,2026-05-29
13601,Talagante,13,Región Metropolitana de Santiago,2027,poblacion_total,Población total,87941.0,personas,population_communal_annual,2026-05-29
13601,Talagante,13,Región Metropolitana de Santiago,2028,poblacion_total,Población total,88686.0,personas,population_communal_annual,2026-05-29
13601,Talagante,13,Región Metropolitana de Santiago,2029,poblacion_total,Población total,89422.0,personas,population_communal_annual,2026-05-29
13601,Talagante,13,Región Metropolitana de Santiago,2030,poblacion_total,Población total,90126.0,personas,population_communal_annual,2026-05-29
13601,Talagante,13,Región Metropolitana de Santiago,2031,poblacion_total,Población total,90805.0,personas,population_communal_annual,2026-05-29
13601,Talagante,13,Región Metropolitana de Santiago,2032,poblacion_total,Población total,91456.0,personas,population_communal_annual,2026-05-29
13601,Talagante,13,Región Metropolitana de Santiago,2033,poblacion_total,Población total,92085.0,personas,population_communal_annual,2026-05-29
13601,Talagante,13,Región Metropolitana de Santiago,2034,poblacion_total,Población total,92670.0,personas,population_communal_annual,2026-05-29
13601,Talagante,13,Región Metropolitana de Santiago,2035,poblacion_total,Población total,93228.0,personas,population_communal_annual,2026-05-29
13602,El Monte,13,Región Metropolitana de Santiago,2002,poblacion_total,Población total,27568.0,personas,population_communal_annual,2026-05-29
13602,El Monte,13,Región Metropolitana de Santiago,2003,poblacion_total,Población total,28405.0,personas,population_communal_annual,2026-05-29
13602,El Monte,13,Región Metropolitana de Santiago,2004,poblacion_total,Población total,29188.0,personas,population_communal_annual,2026-05-29
13602,El Monte,13,Región Metropolitana de Santiago,2005,poblacion_total,Población total,29930.0,personas,population_communal_annual,2026-05-29
13602,El Monte,13,Región Metropolitana de Santiago,2006,poblacion_total,Población total,30639.0,personas,population_communal_annual,2026-05-29
13602,El Monte,13,Región Metropolitana de Santiago,2007,poblacion_total,Población total,31353.0,personas,population_communal_annual,2026-05-29
13602,El Monte,13,Región Metropolitana de Santiago,2008,poblacion_total,Población total,32060.0,personas,population_communal_annual,2026-05-29
13602,El Monte,13,Región Metropolitana de Santiago,2009,poblacion_total,Población total,32765.0,personas,population_communal_annual,2026-05-29
13602,El Monte,13,Región Metropolitana de Santiago,2010,poblacion_total,Población total,33456.0,personas,population_communal_annual,2026-05-29
13602,El Monte,13,Región Metropolitana de Santiago,2011,poblacion_total,Población total,34123.0,personas,population_communal_annual,2026-05-29
13602,El Monte,13,Región Metropolitana de Santiago,2012,poblacion_total,Población total,34777.0,personas,population_communal_annual,2026-05-29
13602,El Monte,13,Región Metropolitana de Santiago,2013,poblacion_total,Población total,35401.0,personas,population_communal_annual,2026-05-29
13602,El Monte,13,Región Metropolitana de Santiago,2014,poblacion_total,Población total,36015.0,personas,population_communal_annual,2026-05-29
13602,El Monte,13,Región Metropolitana de Santiago,2015,poblacion_total,Población total,36637.0,personas,population_communal_annual,2026-05-29
13602,El Monte,13,Región Metropolitana de Santiago,2016,poblacion_total,Población total,37250.0,personas,population_communal_annual,2026-05-29
13602,El Monte,13,Región Metropolitana de Santiago,2017,poblacion_total,Población total,37901.0,personas,population_communal_annual,2026-05-29
13602,El Monte,13,Región Metropolitana de Santiago,2018,poblacion_total,Población total,38593.0,personas,population_communal_annual,2026-05-29
13602,El Monte,13,Región Metropolitana de Santiago,2019,poblacion_total,Población total,39296.0,personas,population_communal_annual,2026-05-29
13602,El Monte,13,Región Metropolitana de Santiago,2020,poblacion_total,Población total,40014.0,personas,population_communal_annual,2026-05-29
13602,El Monte,13,Región Metropolitana de Santiago,2021,poblacion_total,Población total,40620.0,personas,population_communal_annual,2026-05-29
13602,El Monte,13,Región Metropolitana de Santiago,2022,poblacion_total,Población total,41179.0,personas,population_communal_annual,2026-05-29
13602,El Monte,13,Región Metropolitana de Santiago,2023,poblacion_total,Población total,41711.0,personas,population_communal_annual,2026-05-29
13602,El Monte,13,Región Metropolitana de Santiago,2024,poblacion_total,Población total,42233.0,personas,population_communal_annual,2026-05-29
13602,El Monte,13,Región Metropolitana de Santiago,2025,poblacion_total,Población total,42723.0,personas,population_communal_annual,2026-05-29
13602,El Monte,13,Región Metropolitana de Santiago,2026,poblacion_total,Población total,43213.0,personas,population_communal_annual,2026-05-29
13602,El Monte,13,Región Metropolitana de Santiago,2027,poblacion_total,Población total,43683.0,personas,population_communal_annual,2026-05-29
13602,El Monte,13,Región Metropolitana de Santiago,2028,poblacion_total,Población total,44135.0,personas,population_communal_annual,2026-05-29
13602,El Monte,13,Región Metropolitana de Santiago,2029,poblacion_total,Población total,44555.0,personas,population_communal_annual,2026-05-29
13602,El Monte,13,Región Metropolitana de Santiago,2030,poblacion_total,Población total,44966.0,personas,population_communal_annual,2026-05-29
13602,El Monte,13,Región Metropolitana de Santiago,2031,poblacion_total,Población total,45356.0,personas,population_communal_annual,2026-05-29
13602,El Monte,13,Región Metropolitana de Santiago,2032,poblacion_total,Población total,45726.0,personas,population_communal_annual,2026-05-29
13602,El Monte,13,Región Metropolitana de Santiago,2033,poblacion_total,Población total,46072.0,personas,population_communal_annual,2026-05-29
13602,El Monte,13,Región Metropolitana de Santiago,2034,poblacion_total,Población total,46404.0,personas,population_communal_annual,2026-05-29
13602,El Monte,13,Región Metropolitana de Santiago,2035,poblacion_total,Población total,46714.0,personas,population_communal_annual,2026-05-29
13603,Isla de Maipo,13,Región Metropolitana de Santiago,2002,poblacion_total,Población total,26697.0,personas,population_communal_annual,2026-05-29
13603,Isla de Maipo,13,Región Metropolitana de Santiago,2003,poblacion_total,Población total,27611.0,personas,population_communal_annual,2026-05-29
13603,Isla de Maipo,13,Región Metropolitana de Santiago,2004,poblacion_total,Población total,28475.0,personas,population_communal_annual,2026-05-29
13603,Isla de Maipo,13,Región Metropolitana de Santiago,2005,poblacion_total,Población total,29298.0,personas,population_communal_annual,2026-05-29
13603,Isla de Maipo,13,Región Metropolitana de Santiago,2006,poblacion_total,Población total,30100.0,personas,population_communal_annual,2026-05-29
13603,Isla de Maipo,13,Región Metropolitana de Santiago,2007,poblacion_total,Población total,30889.0,personas,population_communal_annual,2026-05-29
13603,Isla de Maipo,13,Región Metropolitana de Santiago,2008,poblacion_total,Población total,31676.0,personas,population_communal_annual,2026-05-29
13603,Isla de Maipo,13,Región Metropolitana de Santiago,2009,poblacion_total,Población total,32438.0,personas,population_communal_annual,2026-05-29
13603,Isla de Maipo,13,Región Metropolitana de Santiago,2010,poblacion_total,Población total,33193.0,personas,population_communal_annual,2026-05-29
13603,Isla de Maipo,13,Región Metropolitana de Santiago,2011,poblacion_total,Población total,33929.0,personas,population_communal_annual,2026-05-29
13603,Isla de Maipo,13,Región Metropolitana de Santiago,2012,poblacion_total,Población total,34630.0,personas,population_communal_annual,2026-05-29
13603,Isla de Maipo,13,Región Metropolitana de Santiago,2013,poblacion_total,Población total,35300.0,personas,population_communal_annual,2026-05-29
13603,Isla de Maipo,13,Región Metropolitana de Santiago,2014,poblacion_total,Población total,35965.0,personas,population_communal_annual,2026-05-29
13603,Isla de Maipo,13,Región Metropolitana de Santiago,2015,poblacion_total,Población total,36632.0,personas,population_communal_annual,2026-05-29
13603,Isla de Maipo,13,Región Metropolitana de Santiago,2016,poblacion_total,Población total,37282.0,personas,population_communal_annual,2026-05-29
13603,Isla de Maipo,13,Región Metropolitana de Santiago,2017,poblacion_total,Población total,37965.0,personas,population_communal_annual,2026-05-29
13603,Isla de Maipo,13,Región Metropolitana de Santiago,2018,poblacion_total,Población total,38690.0,personas,population_communal_annual,2026-05-29
13603,Isla de Maipo,13,Región Metropolitana de Santiago,2019,poblacion_total,Población total,39433.0,personas,population_communal_annual,2026-05-29
13603,Isla de Maipo,13,Región Metropolitana de Santiago,2020,poblacion_total,Población total,40171.0,personas,population_communal_annual,2026-05-29
13603,Isla de Maipo,13,Región Metropolitana de Santiago,2021,poblacion_total,Población total,40803.0,personas,population_communal_annual,2026-05-29
13603,Isla de Maipo,13,Región Metropolitana de Santiago,2022,poblacion_total,Población total,41354.0,personas,population_communal_annual,2026-05-29
13603,Isla de Maipo,13,Región Metropolitana de Santiago,2023,poblacion_total,Población total,41876.0,personas,population_communal_annual,2026-05-29
13603,Isla de Maipo,13,Región Metropolitana de Santiago,2024,poblacion_total,Población total,42393.0,personas,population_communal_annual,2026-05-29
13603,Isla de Maipo,13,Región Metropolitana de Santiago,2025,poblacion_total,Población total,42887.0,personas,population_communal_annual,2026-05-29
13603,Isla de Maipo,13,Región Metropolitana de Santiago,2026,poblacion_total,Población total,43348.0,personas,population_communal_annual,2026-05-29
13603,Isla de Maipo,13,Región Metropolitana de Santiago,2027,poblacion_total,Población total,43800.0,personas,population_communal_annual,2026-05-29
13603,Isla de Maipo,13,Región Metropolitana de Santiago,2028,poblacion_total,Población total,44218.0,personas,population_communal_annual,2026-05-29
13603,Isla de Maipo,13,Región Metropolitana de Santiago,2029,poblacion_total,Población total,44620.0,personas,population_communal_annual,2026-05-29
13603,Isla de Maipo,13,Región Metropolitana de Santiago,2030,poblacion_total,Población total,45005.0,personas,population_communal_annual,2026-05-29
13603,Isla de Maipo,13,Región Metropolitana de Santiago,2031,poblacion_total,Población total,45362.0,personas,population_communal_annual,2026-05-29
13603,Isla de Maipo,13,Región Metropolitana de Santiago,2032,poblacion_total,Población total,45691.0,personas,population_communal_annual,2026-05-29
13603,Isla de Maipo,13,Región Metropolitana de Santiago,2033,poblacion_total,Población total,46010.0,personas,population_communal_annual,2026-05-29
13603,Isla de Maipo,13,Región Metropolitana de Santiago,2034,poblacion_total,Población total,46287.0,personas,population_communal_annual,2026-05-29
13603,Isla de Maipo,13,Región Metropolitana de Santiago,2035,poblacion_total,Población total,46560.0,personas,population_communal_annual,2026-05-29
13604,Padre Hurtado,13,Región Metropolitana de Santiago,2002,poblacion_total,Población total,40099.0,personas,population_communal_annual,2026-05-29
13604,Padre Hurtado,13,Región Metropolitana de Santiago,2003,poblacion_total,Población total,41887.0,personas,population_communal_annual,2026-05-29
13604,Padre Hurtado,13,Región Metropolitana de Santiago,2004,poblacion_total,Población total,43623.0,personas,population_communal_annual,2026-05-29
13604,Padre Hurtado,13,Región Metropolitana de Santiago,2005,poblacion_total,Población total,45344.0,personas,population_communal_annual,2026-05-29
13604,Padre Hurtado,13,Región Metropolitana de Santiago,2006,poblacion_total,Población total,47068.0,personas,population_communal_annual,2026-05-29
13604,Padre Hurtado,13,Región Metropolitana de Santiago,2007,poblacion_total,Población total,48820.0,personas,population_communal_annual,2026-05-29
13604,Padre Hurtado,13,Región Metropolitana de Santiago,2008,poblacion_total,Población total,50599.0,personas,population_communal_annual,2026-05-29
13604,Padre Hurtado,13,Región Metropolitana de Santiago,2009,poblacion_total,Población total,52408.0,personas,population_communal_annual,2026-05-29
13604,Padre Hurtado,13,Región Metropolitana de Santiago,2010,poblacion_total,Población total,54225.0,personas,population_communal_annual,2026-05-29
13604,Padre Hurtado,13,Región Metropolitana de Santiago,2011,poblacion_total,Población total,56047.0,personas,population_communal_annual,2026-05-29
13604,Padre Hurtado,13,Región Metropolitana de Santiago,2012,poblacion_total,Población total,57884.0,personas,population_communal_annual,2026-05-29
13604,Padre Hurtado,13,Región Metropolitana de Santiago,2013,poblacion_total,Población total,59670.0,personas,population_communal_annual,2026-05-29
13604,Padre Hurtado,13,Región Metropolitana de Santiago,2014,poblacion_total,Población total,61498.0,personas,population_communal_annual,2026-05-29
13604,Padre Hurtado,13,Región Metropolitana de Santiago,2015,poblacion_total,Población total,63346.0,personas,population_communal_annual,2026-05-29
13604,Padre Hurtado,13,Región Metropolitana de Santiago,2016,poblacion_total,Población total,65245.0,personas,population_communal_annual,2026-05-29
13604,Padre Hurtado,13,Región Metropolitana de Santiago,2017,poblacion_total,Población total,67299.0,personas,population_communal_annual,2026-05-29
13604,Padre Hurtado,13,Región Metropolitana de Santiago,2018,poblacion_total,Población total,69538.0,personas,population_communal_annual,2026-05-29
13604,Padre Hurtado,13,Región Metropolitana de Santiago,2019,poblacion_total,Población total,71852.0,personas,population_communal_annual,2026-05-29
13604,Padre Hurtado,13,Región Metropolitana de Santiago,2020,poblacion_total,Población total,74188.0,personas,population_communal_annual,2026-05-29
13604,Padre Hurtado,13,Región Metropolitana de Santiago,2021,poblacion_total,Población total,76219.0,personas,population_communal_annual,2026-05-29
13604,Padre Hurtado,13,Región Metropolitana de Santiago,2022,poblacion_total,Población total,78091.0,personas,population_communal_annual,2026-05-29
13604,Padre Hurtado,13,Región Metropolitana de Santiago,2023,poblacion_total,Población total,79925.0,personas,population_communal_annual,2026-05-29
13604,Padre Hurtado,13,Región Metropolitana de Santiago,2024,poblacion_total,Población total,81743.0,personas,population_communal_annual,2026-05-29
13604,Padre Hurtado,13,Región Metropolitana de Santiago,2025,poblacion_total,Población total,83549.0,personas,population_communal_annual,2026-05-29
13604,Padre Hurtado,13,Región Metropolitana de Santiago,2026,poblacion_total,Población total,85327.0,personas,population_communal_annual,2026-05-29
13604,Padre Hurtado,13,Región Metropolitana de Santiago,2027,poblacion_total,Población total,87084.0,personas,population_communal_annual,2026-05-29
13604,Padre Hurtado,13,Región Metropolitana de Santiago,2028,poblacion_total,Población total,88806.0,personas,population_communal_annual,2026-05-29
13604,Padre Hurtado,13,Región Metropolitana de Santiago,2029,poblacion_total,Población total,90494.0,personas,population_communal_annual,2026-05-29
13604,Padre Hurtado,13,Región Metropolitana de Santiago,2030,poblacion_total,Población total,92155.0,personas,population_communal_annual,2026-05-29
13604,Padre Hurtado,13,Región Metropolitana de Santiago,2031,poblacion_total,Población total,93771.0,personas,population_communal_annual,2026-05-29
13604,Padre Hurtado,13,Región Metropolitana de Santiago,2032,poblacion_total,Población total,95354.0,personas,population_communal_annual,2026-05-29
13604,Padre Hurtado,13,Región Metropolitana de Santiago,2033,poblacion_total,Población total,96894.0,personas,population_communal_annual,2026-05-29
13604,Padre Hurtado,13,Región Metropolitana de Santiago,2034,poblacion_total,Población total,98381.0,personas,population_communal_annual,2026-05-29
13604,Padre Hurtado,13,Región Metropolitana de Santiago,2035,poblacion_total,Población total,99819.0,personas,population_communal_annual,2026-05-29
13605,Peñaflor,13,Región Metropolitana de Santiago,2002,poblacion_total,Población total,68961.0,personas,population_communal_annual,2026-05-29
13605,Peñaflor,13,Región Metropolitana de Santiago,2003,poblacion_total,Población total,71083.0,personas,population_communal_annual,2026-05-29
13605,Peñaflor,13,Región Metropolitana de Santiago,2004,poblacion_total,Población total,73058.0,personas,population_communal_annual,2026-05-29
13605,Peñaflor,13,Región Metropolitana de Santiago,2005,poblacion_total,Población total,74932.0,personas,population_communal_annual,2026-05-29
13605,Peñaflor,13,Región Metropolitana de Santiago,2006,poblacion_total,Población total,76757.0,personas,population_communal_annual,2026-05-29
13605,Peñaflor,13,Región Metropolitana de Santiago,2007,poblacion_total,Población total,78572.0,personas,population_communal_annual,2026-05-29
13605,Peñaflor,13,Región Metropolitana de Santiago,2008,poblacion_total,Población total,80374.0,personas,population_communal_annual,2026-05-29
13605,Peñaflor,13,Región Metropolitana de Santiago,2009,poblacion_total,Población total,82164.0,personas,population_communal_annual,2026-05-29
13605,Peñaflor,13,Región Metropolitana de Santiago,2010,poblacion_total,Población total,83913.0,personas,population_communal_annual,2026-05-29
13605,Peñaflor,13,Región Metropolitana de Santiago,2011,poblacion_total,Población total,85639.0,personas,population_communal_annual,2026-05-29
13605,Peñaflor,13,Región Metropolitana de Santiago,2012,poblacion_total,Población total,87325.0,personas,population_communal_annual,2026-05-29
13605,Peñaflor,13,Región Metropolitana de Santiago,2013,poblacion_total,Población total,88916.0,personas,population_communal_annual,2026-05-29
13605,Peñaflor,13,Región Metropolitana de Santiago,2014,poblacion_total,Población total,90511.0,personas,population_communal_annual,2026-05-29
13605,Peñaflor,13,Región Metropolitana de Santiago,2015,poblacion_total,Población total,92117.0,personas,population_communal_annual,2026-05-29
13605,Peñaflor,13,Región Metropolitana de Santiago,2016,poblacion_total,Población total,93723.0,personas,population_communal_annual,2026-05-29
13605,Peñaflor,13,Región Metropolitana de Santiago,2017,poblacion_total,Población total,95420.0,personas,population_communal_annual,2026-05-29
13605,Peñaflor,13,Región Metropolitana de Santiago,2018,poblacion_total,Población total,97255.0,personas,population_communal_annual,2026-05-29
13605,Peñaflor,13,Región Metropolitana de Santiago,2019,poblacion_total,Población total,99142.0,personas,population_communal_annual,2026-05-29
13605,Peñaflor,13,Región Metropolitana de Santiago,2020,poblacion_total,Población total,101058.0,personas,population_communal_annual,2026-05-29
13605,Peñaflor,13,Región Metropolitana de Santiago,2021,poblacion_total,Población total,102667.0,personas,population_communal_annual,2026-05-29
13605,Peñaflor,13,Región Metropolitana de Santiago,2022,poblacion_total,Población total,104106.0,personas,population_communal_annual,2026-05-29
13605,Peñaflor,13,Región Metropolitana de Santiago,2023,poblacion_total,Población total,105498.0,personas,population_communal_annual,2026-05-29
13605,Peñaflor,13,Región Metropolitana de Santiago,2024,poblacion_total,Población total,106840.0,personas,population_communal_annual,2026-05-29
13605,Peñaflor,13,Región Metropolitana de Santiago,2025,poblacion_total,Población total,108142.0,personas,population_communal_annual,2026-05-29
13605,Peñaflor,13,Región Metropolitana de Santiago,2026,poblacion_total,Población total,109415.0,personas,population_communal_annual,2026-05-29
13605,Peñaflor,13,Región Metropolitana de Santiago,2027,poblacion_total,Población total,110637.0,personas,population_communal_annual,2026-05-29
13605,Peñaflor,13,Región Metropolitana de Santiago,2028,poblacion_total,Población total,111807.0,personas,population_communal_annual,2026-05-29
13605,Peñaflor,13,Región Metropolitana de Santiago,2029,poblacion_total,Población total,112940.0,personas,population_communal_annual,2026-05-29
13605,Peñaflor,13,Región Metropolitana de Santiago,2030,poblacion_total,Población total,114009.0,personas,population_communal_annual,2026-05-29
13605,Peñaflor,13,Región Metropolitana de Santiago,2031,poblacion_total,Población total,115042.0,personas,population_communal_annual,2026-05-29
13605,Peñaflor,13,Región Metropolitana de Santiago,2032,poblacion_total,Población total,116012.0,personas,population_communal_annual,2026-05-29
13605,Peñaflor,13,Región Metropolitana de Santiago,2033,poblacion_total,Población total,116945.0,personas,population_communal_annual,2026-05-29
13605,Peñaflor,13,Región Metropolitana de Santiago,2034,poblacion_total,Población total,117811.0,personas,population_communal_annual,2026-05-29
13605,Peñaflor,13,Región Metropolitana de Santiago,2035,poblacion_total,Población total,118615.0,personas,population_communal_annual,2026-05-29
13101,Santiago,13,Región Metropolitana de Santiago,2018,tasa_homicidios_100k_hab,Tasa de homicidios por 100.000 habitantes,4.27473737082278,casos por 100.000 habitantes,derived_homicidios_rate_100k,2026-05-29
13101,Santiago,13,Región Metropolitana de Santiago,2019,tasa_homicidios_100k_hab,Tasa de homicidios por 100.000 habitantes,4.313549887231481,casos por 100.000 habitantes,derived_homicidios_rate_100k,2026-05-29
13101,Santiago,13,Región Metropolitana de Santiago,2020,tasa_homicidios_100k_hab,Tasa de homicidios por 100.000 habitantes,6.558719419970705,casos por 100.000 habitantes,derived_homicidios_rate_100k,2026-05-29
13101,Santiago,13,Región Metropolitana de Santiago,2021,tasa_homicidios_100k_hab,Tasa de homicidios por 100.000 habitantes,6.37952366223322,casos por 100.000 habitantes,derived_homicidios_rate_100k,2026-05-29
13101,Santiago,13,Región Metropolitana de Santiago,2022,tasa_homicidios_100k_hab,Tasa de homicidios por 100.000 habitantes,11.195148515978705,casos por 100.000 habitantes,derived_homicidios_rate_100k,2026-05-29
13101,Santiago,13,Región Metropolitana de Santiago,2023,tasa_homicidios_100k_hab,Tasa de homicidios por 100.000 habitantes,8.767200968495903,casos por 100.000 habitantes,derived_homicidios_rate_100k,2026-05-29
13101,Santiago,13,Región Metropolitana de Santiago,2024,tasa_homicidios_100k_hab,Tasa de homicidios por 100.000 habitantes,5.143390375981837,casos por 100.000 habitantes,derived_homicidios_rate_100k,2026-05-29
13101,Santiago,13,Región Metropolitana de Santiago,2025,tasa_homicidios_100k_hab,Tasa de homicidios por 100.000 habitantes,7.7877247347193075,casos por 100.000 habitantes,derived_homicidios_rate_100k,2026-05-29
13102,Cerrillos,13,Región Metropolitana de Santiago,2018,tasa_homicidios_100k_hab,Tasa de homicidios por 100.000 habitantes,1.156724618570057,casos por 100.000 habitantes,derived_homicidios_rate_100k,2026-05-29
13102,Cerrillos,13,Región Metropolitana de Santiago,2019,tasa_homicidios_100k_hab,Tasa de homicidios por 100.000 habitantes,3.408471187056899,casos por 100.000 habitantes,derived_homicidios_rate_100k,2026-05-29
13102,Cerrillos,13,Región Metropolitana de Santiago,2020,tasa_homicidios_100k_hab,Tasa de homicidios por 100.000 habitantes,4.4966050631773005,casos por 100.000 habitantes,derived_homicidios_rate_100k,2026-05-29
13102,Cerrillos,13,Región Metropolitana de Santiago,2021,tasa_homicidios_100k_hab,Tasa de homicidios por 100.000 habitantes,4.468275245755138,casos por 100.000 habitantes,derived_homicidios_rate_100k,2026-05-29
13102,Cerrillos,13,Región Metropolitana de Santiago,2022,tasa_homicidios_100k_hab,Tasa de homicidios por 100.000 habitantes,5.564334839413296,casos por 100.000 habitantes,derived_homicidios_rate_100k,2026-05-29
13102,Cerrillos,13,Región Metropolitana de Santiago,2023,tasa_homicidios_100k_hab,Tasa de homicidios por 100.000 habitantes,5.55185431934266,casos por 100.000 habitantes,derived_homicidios_rate_100k,2026-05-29
13102,Cerrillos,13,Región Metropolitana de Santiago,2024,tasa_homicidios_100k_hab,Tasa de homicidios por 100.000 habitantes,6.65321239271695,casos por 100.000 habitantes,derived_homicidios_rate_100k,2026-05-29
13102,Cerrillos,13,Región Metropolitana de Santiago,2025,tasa_homicidios_100k_hab,Tasa de homicidios por 100.000 habitantes,5.539061461425976,casos por 100.000 habitantes,derived_homicidios_rate_100k,2026-05-29
13103,Cerro Navia,13,Región Metropolitana de Santiago,2018,tasa_homicidios_100k_hab,Tasa de homicidios por 100.000 habitantes,12.824623276691248,casos por 100.000 habitantes,derived_homicidios_rate_100k,2026-05-29
13103,Cerro Navia,13,Región Metropolitana de Santiago,2019,tasa_homicidios_100k_hab,Tasa de homicidios por 100.000 habitantes,6.364832180591506,casos por 100.000 habitantes,derived_homicidios_rate_100k,2026-05-29
13103,Cerro Navia,13,Región Metropolitana de Santiago,2020,tasa_homicidios_100k_hab,Tasa de homicidios por 100.000 habitantes,11.230828624574457,casos por 100.000 habitantes,derived_homicidios_rate_100k,2026-05-29
13103,Cerro Navia,13,Región Metropolitana de Santiago,2021,tasa_homicidios_100k_hab,Tasa de homicidios por 100.000 habitantes,7.027209354621093,casos por 100.000 habitantes,derived_homicidios_rate_100k,2026-05-29
13103,Cerro Navia,13,Región Metropolitana de Santiago,2022,tasa_homicidios_100k_hab,Tasa de homicidios por 100.000 habitantes,5.653430572339178,casos por 100.000 habitantes,derived_homicidios_rate_100k,2026-05-29
13103,Cerro Navia,13,Región Metropolitana de Santiago,2023,tasa_homicidios_100k_hab,Tasa de homicidios por 100.000 habitantes,8.536004154188689,casos por 100.000 habitantes,derived_homicidios_rate_100k,2026-05-29
13103,Cerro Navia,13,Región Metropolitana de Santiago,2024,tasa_homicidios_100k_hab,Tasa de homicidios por 100.000 habitantes,10.74252320385012,casos por 100.000 habitantes,derived_homicidios_rate_100k,2026-05-29
13103,Cerro Navia,13,Región Metropolitana de Santiago,2025,tasa_homicidios_100k_hab,Tasa de homicidios por 100.000 habitantes,7.932101213611486,casos por 100.000 habitantes,derived_homicidios_rate_100k,2026-05-29
13104,Conchalí,13,Región Metropolitana de Santiago,2018,tasa_homicidios_100k_hab,Tasa de homicidios por 100.000 habitantes,5.181385502483364,casos por 100.000 habitantes,derived_homicidios_rate_100k,2026-05-29
13104,Conchalí,13,Región Metropolitana de Santiago,2019,tasa_homicidios_100k_hab,Tasa de homicidios por 100.000 habitantes,5.103454309502632,casos por 100.000 habitantes,derived_homicidios_rate_100k,2026-05-29
13104,Conchalí,13,Región Metropolitana de Santiago,2020,tasa_homicidios_100k_hab,Tasa de homicidios por 100.000 habitantes,8.620999317504221,casos por 100.000 habitantes,derived_homicidios_rate_100k,2026-05-29
13104,Conchalí,13,Región Metropolitana de Santiago,2021,tasa_homicidios_100k_hab,Tasa de homicidios por 100.000 habitantes,2.1521729773160967,casos por 100.000 habitantes,derived_homicidios_rate_100k,2026-05-29
13104,Conchalí,13,Región Metropolitana de Santiago,2022,tasa_homicidios_100k_hab,Tasa de homicidios por 100.000 habitantes,5.770423693359685,casos por 100.000 habitantes,derived_homicidios_rate_100k,2026-05-29
13104,Conchalí,13,Región Metropolitana de Santiago,2023,tasa_homicidios_100k_hab,Tasa de homicidios por 100.000 habitantes,5.810659655137349,casos por 100.000 habitantes,derived_homicidios_rate_100k,2026-05-29
13104,Conchalí,13,Región Metropolitana de Santiago,2024,tasa_homicidios_100k_hab,Tasa de homicidios por 100.000 habitantes,5.121676397851823,casos por 100.000 habitantes,derived_homicidios_rate_100k,2026-05-29
13104,Conchalí,13,Región Metropolitana de Santiago,2025,tasa_homicidios_100k_hab,Tasa de homicidios por 100.000 habitantes,8.108865201173574,casos por 100.000 habitantes,derived_homicidios_rate_100k,2026-05-29
13105,El Bosque,13,Región Metropolitana de Santiago,2018,tasa_homicidios_100k_hab,Tasa de homicidios por 100.000 habitantes,5.846859067309042,casos por 100.000 habitantes,derived_homicidios_rate_100k,2026-05-29
13105,El Bosque,13,Región Metropolitana de Santiago,2019,tasa_homicidios_100k_hab,Tasa de homicidios por 100.000 habitantes,5.248211234670849,casos por 100.000 habitantes,derived_homicidios_rate_100k,2026-05-29
13105,El Bosque,13,Región Metropolitana de Santiago,2020,tasa_homicidios_100k_hab,Tasa de homicidios por 100.000 habitantes,9.302325581395348,casos por 100.000 habitantes,derived_homicidios_rate_100k,2026-05-29
13105,El Bosque,13,Región Metropolitana de Santiago,2021,tasa_homicidios_100k_hab,Tasa de homicidios por 100.000 habitantes,5.238985033966086,casos por 100.000 habitantes,derived_homicidios_rate_100k,2026-05-29
13105,El Bosque,13,Región Metropolitana de Santiago,2022,tasa_homicidios_100k_hab,Tasa de homicidios por 100.000 habitantes,6.425196114508677,casos por 100.000 habitantes,derived_homicidios_rate_100k,2026-05-29
13105,El Bosque,13,Región Metropolitana de Santiago,2023,tasa_homicidios_100k_hab,Tasa de homicidios por 100.000 habitantes,7.03663742552892,casos por 100.000 habitantes,derived_homicidios_rate_100k,2026-05-29
13105,El Bosque,13,Región Metropolitana de Santiago,2024,tasa_homicidios_100k_hab,Tasa de homicidios por 100.000 habitantes,6.476111977863472,casos por 100.000 habitantes,derived_homicidios_rate_100k,2026-05-29
13105,El Bosque,13,Región Metropolitana de Santiago,2025,tasa_homicidios_100k_hab,Tasa de homicidios por 100.000 habitantes,6.502411803650809,casos por 100.000 habitantes,derived_homicidios_rate_100k,2026-05-29
13106,Estación Central,13,Región Metropolitana de Santiago,2018,tasa_homicidios_100k_hab,Tasa de homicidios por 100.000 habitantes,4.212452008136051,casos por 100.000 habitantes,derived_homicidios_rate_100k,2026-05-29
13106,Estación Central,13,Región Metropolitana de Santiago,2019,tasa_homicidios_100k_hab,Tasa de homicidios por 100.000 habitantes,10.191711456556488,casos por 100.000 habitantes,derived_homicidios_rate_100k,2026-05-29
13106,Estación Central,13,Región Metropolitana de Santiago,2020,tasa_homicidios_100k_hab,Tasa de homicidios por 100.000 habitantes,7.253665518975589,casos por 100.000 habitantes,derived_homicidios_rate_100k,2026-05-29
13106,Estación Central,13,Región Metropolitana de Santiago,2021,tasa_homicidios_100k_hab,Tasa de homicidios por 100.000 habitantes,4.662656781834289,casos por 100.000 habitantes,derived_homicidios_rate_100k,2026-05-29
13106,Estación Central,13,Región Metropolitana de Santiago,2022,tasa_homicidios_100k_hab,Tasa de homicidios por 100.000 habitantes,9.188473978241694,casos por 100.000 habitantes,derived_homicidios_rate_100k,2026-05-29
13106,Estación Central,13,Región Metropolitana de Santiago,2023,tasa_homicidios_100k_hab,Tasa de homicidios por 100.000 habitantes,9.09516728286425,casos por 100.000 habitantes,derived_homicidios_rate_100k,2026-05-29
13106,Estación Central,13,Región Metropolitana de Santiago,2024,tasa_homicidios_100k_hab,Tasa de homicidios por 100.000 habitantes,8.111725499209108,casos por 100.000 habitantes,derived_homicidios_rate_100k,2026-05-29
13106,Estación Central,13,Región Metropolitana de Santiago,2025,tasa_homicidios_100k_hab,Tasa de homicidios por 100.000 habitantes,11.614972593131975,casos por 100.000 habitantes,derived_homicidios_rate_100k,2026-05-29
13107,Huechuraba,13,Región Metropolitana de Santiago,2018,tasa_homicidios_100k_hab,Tasa de homicidios por 100.000 habitantes,4.685772121530186,casos por 100.000 habitantes,derived_homicidios_rate_100k,2026-05-29
13107,Huechuraba,13,Región Metropolitana de Santiago,2019,tasa_homicidios_100k_hab,Tasa de homicidios por 100.000 habitantes,3.648636322174588,casos por 100.000 habitantes,derived_homicidios_rate_100k,2026-05-29
13107,Huechuraba,13,Región Metropolitana de Santiago,2020,tasa_homicidios_100k_hab,Tasa de homicidios por 100.000 habitantes,4.443338546850562,casos por 100.000 habitantes,derived_homicidios_rate_100k,2026-05-29
13107,Huechuraba,13,Región Metropolitana de Santiago,2021,tasa_homicidios_100k_hab,Tasa de homicidios por 100.000 habitantes,2.621163272260229,casos por 100.000 habitantes,derived_homicidios_rate_100k,2026-05-29
13107,Huechuraba,13,Región Metropolitana de Santiago,2022,tasa_homicidios_100k_hab,Tasa de homicidios por 100.000 habitantes,5.17875330145523,casos por 100.000 habitantes,derived_homicidios_rate_100k,2026-05-29
13107,Huechuraba,13,Región Metropolitana de Santiago,2023,tasa_homicidios_100k_hab,Tasa de homicidios por 100.000 habitantes,5.976724925504393,casos por 100.000 habitantes,derived_homicidios_rate_100k,2026-05-29
13107,Huechuraba,13,Región Metropolitana de Santiago,2024,tasa_homicidios_100k_hab,Tasa de homicidios por 100.000 habitantes,5.915809578540824,casos por 100.000 habitantes,derived_homicidios_rate_100k,2026-05-29
13107,Huechuraba,13,Región Metropolitana de Santiago,2025,tasa_homicidios_100k_hab,Tasa de homicidios por 100.000 habitantes,1.6738222568145489,casos por 100.000 habitantes,derived_homicidios_rate_100k,2026-05-29
13108,Independencia,13,Región Metropolitana de Santiago,2018,tasa_homicidios_100k_hab,Tasa de homicidios por 100.000 habitantes,1.705364223163962,casos por 100.000 habitantes,derived_homicidios_rate_100k,2026-05-29
13108,Independencia,13,Región Metropolitana de Santiago,2019,tasa_homicidios_100k_hab,Tasa de homicidios por 100.000 habitantes,4.626381167544394,casos por 100.000 habitantes,derived_homicidios_rate_100k,2026-05-29
13108,Independencia,13,Región Metropolitana de Santiago,2020,tasa_homicidios_100k_hab,Tasa de homicidios por 100.000 habitantes,3.5195157146376657,casos por 100.000 habitantes,derived_homicidios_rate_100k,2026-05-29
13108,Independencia,13,Región Metropolitana de Santiago,2021,tasa_homicidios_100k_hab,Tasa de homicidios por 100.000 habitantes,2.031763231858047,casos por 100.000 habitantes,derived_homicidios_rate_100k,2026-05-29
13108,Independencia,13,Región Metropolitana de Santiago,2022,tasa_homicidios_100k_hab,Tasa de homicidios por 100.000 habitantes,5.330703519596999,casos por 100.000 habitantes,derived_homicidios_rate_100k,2026-05-29
13108,Independencia,13,Región Metropolitana de Santiago,2023,tasa_homicidios_100k_hab,Tasa de homicidios por 100.000 habitantes,4.608598327737178,casos por 100.000 habitantes,derived_homicidios_rate_100k,2026-05-29
13108,Independencia,13,Región Metropolitana de Santiago,2024,tasa_homicidios_100k_hab,Tasa de homicidios por 100.000 habitantes,14.320679060563451,casos por 100.000 habitantes,derived_homicidios_rate_100k,2026-05-29
13108,Independencia,13,Región Metropolitana de Santiago,2025,tasa_homicidios_100k_hab,Tasa de homicidios por 100.000 habitantes,4.504881360731592,casos por 100.000 habitantes,derived_homicidios_rate_100k,2026-05-29
13109,La Cisterna,13,Región Metropolitana de Santiago,2018,tasa_homicidios_100k_hab,Tasa de homicidios por 100.000 habitantes,2.0592020592020592,casos por 100.000 habitantes,derived_homicidios_rate_100k,2026-05-29
13109,La Cisterna,13,Región Metropolitana de Santiago,2019,tasa_homicidios_100k_hab,Tasa de homicidios por 100.000 habitantes,3.0367446097783177,casos por 100.000 habitantes,derived_homicidios_rate_100k,2026-05-29
13109,La Cisterna,13,Región Metropolitana de Santiago,2020,tasa_homicidios_100k_hab,Tasa de homicidios por 100.000 habitantes,8.961108787860685,casos por 100.000 habitantes,derived_homicidios_rate_100k,2026-05-29
13109,La Cisterna,13,Región Metropolitana de Santiago,2021,tasa_homicidios_100k_hab,Tasa de homicidios por 100.000 habitantes,3.955461503470918,casos por 100.000 habitantes,derived_homicidios_rate_100k,2026-05-29
13109,La Cisterna,13,Región Metropolitana de Santiago,2022,tasa_homicidios_100k_hab,Tasa de homicidios por 100.000 habitantes,7.89632130131375,casos por 100.000 habitantes,derived_homicidios_rate_100k,2026-05-29
13109,La Cisterna,13,Región Metropolitana de Santiago,2023,tasa_homicidios_100k_hab,Tasa de homicidios por 100.000 habitantes,8.87775333655563,casos por 100.000 habitantes,derived_homicidios_rate_100k,2026-05-29
13109,La Cisterna,13,Región Metropolitana de Santiago,2024,tasa_homicidios_100k_hab,Tasa de homicidios por 100.000 habitantes,9.861835682093863,casos por 100.000 habitantes,derived_homicidios_rate_100k,2026-05-29
13109,La Cisterna,13,Región Metropolitana de Santiago,2025,tasa_homicidios_100k_hab,Tasa de homicidios por 100.000 habitantes,8.875914712321743,casos por 100.000 habitantes,derived_homicidios_rate_100k,2026-05-29
13110,La Florida,13,Región Metropolitana de Santiago,2018,tasa_homicidios_100k_hab,Tasa de homicidios por 100.000 habitantes,3.331471126396014,casos por 100.000 habitantes,derived_homicidios_rate_100k,2026-05-29
13110,La Florida,13,Región Metropolitana de Santiago,2019,tasa_homicidios_100k_hab,Tasa de homicidios por 100.000 habitantes,4.032451150634733,casos por 100.000 habitantes,derived_homicidios_rate_100k,2026-05-29
13110,La Florida,13,Región Metropolitana de Santiago,2020,tasa_homicidios_100k_hab,Tasa de homicidios por 100.000 habitantes,4.969771365668322,casos por 100.000 habitantes,derived_homicidios_rate_100k,2026-05-29
13110,La Florida,13,Región Metropolitana de Santiago,2021,tasa_homicidios_100k_hab,Tasa de homicidios por 100.000 habitantes,1.974406752471093,casos por 100.000 habitantes,derived_homicidios_rate_100k,2026-05-29
13110,La Florida,13,Región Metropolitana de Santiago,2022,tasa_homicidios_100k_hab,Tasa de homicidios por 100.000 habitantes,4.184831708223687,casos por 100.000 habitantes,derived_homicidios_rate_100k,2026-05-29
13110,La Florida,13,Región Metropolitana de Santiago,2023,tasa_homicidios_100k_hab,Tasa de homicidios por 100.000 habitantes,2.7040580536681778,casos por 100.000 habitantes,derived_homicidios_rate_100k,2026-05-29
13110,La Florida,13,Región Metropolitana de Santiago,2024,tasa_homicidios_100k_hab,Tasa de homicidios por 100.000 habitantes,2.2096897350090967,casos por 100.000 habitantes,derived_homicidios_rate_100k,2026-05-29
13110,La Florida,13,Región Metropolitana de Santiago,2025,tasa_homicidios_100k_hab,Tasa de homicidios por 100.000 habitantes,2.6976388303038035,casos por 100.000 habitantes,derived_homicidios_rate_100k,2026-05-29
13111,La Granja,13,Región Metropolitana de Santiago,2018,tasa_homicidios_100k_hab,Tasa de homicidios por 100.000 habitantes,2.451140597424668,casos por 100.000 habitantes,derived_homicidios_rate_100k,2026-05-29
13111,La Granja,13,Región Metropolitana de Santiago,2019,tasa_homicidios_100k_hab,Tasa de homicidios por 100.000 habitantes,5.716432292942656,casos por 100.000 habitantes,derived_homicidios_rate_100k,2026-05-29
13111,La Granja,13,Región Metropolitana de Santiago,2020,tasa_homicidios_100k_hab,Tasa de homicidios por 100.000 habitantes,10.607309252021508,casos por 100.000 habitantes,derived_homicidios_rate_100k,2026-05-29
13111,La Granja,13,Región Metropolitana de Santiago,2021,tasa_homicidios_100k_hab,Tasa de homicidios por 100.000 habitantes,9.83380863408398,casos por 100.000 habitantes,derived_homicidios_rate_100k,2026-05-29
13111,La Granja,13,Región Metropolitana de Santiago,2022,tasa_homicidios_100k_hab,Tasa de homicidios por 100.000 habitantes,5.777007510109764,casos por 100.000 habitantes,derived_homicidios_rate_100k,2026-05-29
13111,La Granja,13,Región Metropolitana de Santiago,2023,tasa_homicidios_100k_hab,Tasa de homicidios por 100.000 habitantes,15.800547197897696,casos por 100.000 habitantes,derived_homicidios_rate_100k,2026-05-29
13111,La Granja,13,Región Metropolitana de Santiago,2024,tasa_homicidios_100k_hab,Tasa de homicidios por 100.000 habitantes,5.028452661308571,casos por 100.000 habitantes,derived_homicidios_rate_100k,2026-05-29
13111,La Granja,13,Región Metropolitana de Santiago,2025,tasa_homicidios_100k_hab,Tasa de homicidios por 100.000 habitantes,10.135648765984763,casos por 100.000 habitantes,derived_homicidios_rate_100k,2026-05-29
13112,La Pintana,13,Región Metropolitana de Santiago,2018,tasa_homicidios_100k_hab,Tasa de homicidios por 100.000 habitantes,9.561499030570236,casos por 100.000 habitantes,derived_homicidios_rate_100k,2026-05-29
13112,La Pintana,13,Región Metropolitana de Santiago,2019,tasa_homicidios_100k_hab,Tasa de homicidios por 100.000 habitantes,12.185559582088286,casos por 100.000 habitantes,derived_homicidios_rate_100k,2026-05-29
13112,La Pintana,13,Región Metropolitana de Santiago,2020,tasa_homicidios_100k_hab,Tasa de homicidios por 100.000 habitantes,20.5984102252621,casos por 100.000 habitantes,derived_homicidios_rate_100k,2026-05-29
13112,La Pintana,13,Región Metropolitana de Santiago,2021,tasa_homicidios_100k_hab,Tasa de homicidios por 100.000 habitantes,10.028819660709196,casos por 100.000 habitantes,derived_homicidios_rate_100k,2026-05-29
13112,La Pintana,13,Región Metropolitana de Santiago,2022,tasa_homicidios_100k_hab,Tasa de homicidios por 100.000 habitantes,6.866644482122956,casos por 100.000 habitantes,derived_homicidios_rate_100k,2026-05-29
13112,La Pintana,13,Región Metropolitana de Santiago,2023,tasa_homicidios_100k_hab,Tasa de homicidios por 100.000 habitantes,11.102241066661028,casos por 100.000 habitantes,derived_homicidios_rate_100k,2026-05-29
13112,La Pintana,13,Región Metropolitana de Santiago,2024,tasa_homicidios_100k_hab,Tasa de homicidios por 100.000 habitantes,12.69975658799873,casos por 100.000 habitantes,derived_homicidios_rate_100k,2026-05-29
13112,La Pintana,13,Región Metropolitana de Santiago,2025,tasa_homicidios_100k_hab,Tasa de homicidios por 100.000 habitantes,21.1857674014597,casos por 100.000 habitantes,derived_homicidios_rate_100k,2026-05-29
13113,La Reina,13,Región Metropolitana de Santiago,2018,tasa_homicidios_100k_hab,Tasa de homicidios por 100.000 habitantes,3.0671710459053267,casos por 100.000 habitantes,derived_homicidios_rate_100k,2026-05-29
13113,La Reina,13,Región Metropolitana de Santiago,2019,tasa_homicidios_100k_hab,Tasa de homicidios por 100.000 habitantes,0.0,casos por 100.000 habitantes,derived_homicidios_rate_100k,2026-05-29
13113,La Reina,13,Región Metropolitana de Santiago,2020,tasa_homicidios_100k_hab,Tasa de homicidios por 100.000 habitantes,2.9924590033116547,casos por 100.000 habitantes,derived_homicidios_rate_100k,2026-05-29
13113,La Reina,13,Región Metropolitana de Santiago,2021,tasa_homicidios_100k_hab,Tasa de homicidios por 100.000 habitantes,0.0,casos por 100.000 habitantes,derived_homicidios_rate_100k,2026-05-29
13113,La Reina,13,Región Metropolitana de Santiago,2022,tasa_homicidios_100k_hab,Tasa de homicidios por 100.000 habitantes,0.9986917138548502,casos por 100.000 habitantes,derived_homicidios_rate_100k,2026-05-29
13113,La Reina,13,Región Metropolitana de Santiago,2023,tasa_homicidios_100k_hab,Tasa de homicidios por 100.000 habitantes,1.0031498906566618,casos por 100.000 habitantes,derived_homicidios_rate_100k,2026-05-29
13113,La Reina,13,Región Metropolitana de Santiago,2024,tasa_homicidios_100k_hab,Tasa de homicidios por 100.000 habitantes,1.0079425875902108,casos por 100.000 habitantes,derived_homicidios_rate_100k,2026-05-29
13113,La Reina,13,Región Metropolitana de Santiago,2025,tasa_homicidios_100k_hab,Tasa de homicidios por 100.000 habitantes,4.051781771033812,casos por 100.000 habitantes,derived_homicidios_rate_100k,2026-05-29
13114,Las Condes,13,Región Metropolitana de Santiago,2018,tasa_homicidios_100k_hab,Tasa de homicidios por 100.000 habitantes,0.317275995215478,casos por 100.000 habitantes,derived_homicidios_rate_100k,2026-05-29
13114,Las Condes,13,Región Metropolitana de Santiago,2019,tasa_homicidios_100k_hab,Tasa de homicidios por 100.000 habitantes,0.0,casos por 100.000 habitantes,derived_homicidios_rate_100k,2026-05-29
13114,Las Condes,13,Región Metropolitana de Santiago,2020,tasa_homicidios_100k_hab,Tasa de homicidios por 100.000 habitantes,0.9070047980553816,casos por 100.000 habitantes,derived_homicidios_rate_100k,2026-05-29
13114,Las Condes,13,Región Metropolitana de Santiago,2021,tasa_homicidios_100k_hab,Tasa de homicidios por 100.000 habitantes,0.5964878793662912,casos por 100.000 habitantes,derived_homicidios_rate_100k,2026-05-29
13114,Las Condes,13,Región Metropolitana de Santiago,2022,tasa_homicidios_100k_hab,Tasa de homicidios por 100.000 habitantes,0.2953851970662342,casos por 100.000 habitantes,derived_homicidios_rate_100k,2026-05-29
13114,Las Condes,13,Región Metropolitana de Santiago,2023,tasa_homicidios_100k_hab,Tasa de homicidios por 100.000 habitantes,1.4654891949481657,casos por 100.000 habitantes,derived_homicidios_rate_100k,2026-05-29
13114,Las Condes,13,Región Metropolitana de Santiago,2024,tasa_homicidios_100k_hab,Tasa de homicidios por 100.000 habitantes,0.2910089863574987,casos por 100.000 habitantes,derived_homicidios_rate_100k,2026-05-29
13114,Las Condes,13,Región Metropolitana de Santiago,2025,tasa_homicidios_100k_hab,Tasa de homicidios por 100.000 habitantes,0.0,casos por 100.000 habitantes,derived_homicidios_rate_100k,2026-05-29
13115,Lo Barnechea,13,Región Metropolitana de Santiago,2018,tasa_homicidios_100k_hab,Tasa de homicidios por 100.000 habitantes,1.7494445513549448,casos por 100.000 habitantes,derived_homicidios_rate_100k,2026-05-29
13115,Lo Barnechea,13,Región Metropolitana de Santiago,2019,tasa_homicidios_100k_hab,Tasa de homicidios por 100.000 habitantes,0.0,casos por 100.000 habitantes,derived_homicidios_rate_100k,2026-05-29
13115,Lo Barnechea,13,Región Metropolitana de Santiago,2020,tasa_homicidios_100k_hab,Tasa de homicidios por 100.000 habitantes,1.6119152777330026,casos por 100.000 habitantes,derived_homicidios_rate_100k,2026-05-29
13115,Lo Barnechea,13,Región Metropolitana de Santiago,2021,tasa_homicidios_100k_hab,Tasa de homicidios por 100.000 habitantes,0.7885440322987636,casos por 100.000 habitantes,derived_homicidios_rate_100k,2026-05-29
13115,Lo Barnechea,13,Región Metropolitana de Santiago,2022,tasa_homicidios_100k_hab,Tasa de homicidios por 100.000 habitantes,0.0,casos por 100.000 habitantes,derived_homicidios_rate_100k,2026-05-29
13115,Lo Barnechea,13,Región Metropolitana de Santiago,2023,tasa_homicidios_100k_hab,Tasa de homicidios por 100.000 habitantes,2.3114261499345097,casos por 100.000 habitantes,derived_homicidios_rate_100k,2026-05-29
13115,Lo Barnechea,13,Región Metropolitana de Santiago,2024,tasa_homicidios_100k_hab,Tasa de homicidios por 100.000 habitantes,0.0,casos por 100.000 habitantes,derived_homicidios_rate_100k,2026-05-29
13115,Lo Barnechea,13,Región Metropolitana de Santiago,2025,tasa_homicidios_100k_hab,Tasa de homicidios por 100.000 habitantes,0.7561551025346319,casos por 100.000 habitantes,derived_homicidios_rate_100k,2026-05-29
13116,Lo Espejo,13,Región Metropolitana de Santiago,2018,tasa_homicidios_100k_hab,Tasa de homicidios por 100.000 habitantes,14.499197711059988,casos por 100.000 habitantes,derived_homicidios_rate_100k,2026-05-29
13116,Lo Espejo,13,Región Metropolitana de Santiago,2019,tasa_homicidios_100k_hab,Tasa de homicidios por 100.000 habitantes,9.648504964155803,casos por 100.000 habitantes,derived_homicidios_rate_100k,2026-05-29
13116,Lo Espejo,13,Región Metropolitana de Santiago,2020,tasa_homicidios_100k_hab,Tasa de homicidios por 100.000 habitantes,13.479035286188804,casos por 100.000 habitantes,derived_homicidios_rate_100k,2026-05-29
13116,Lo Espejo,13,Región Metropolitana de Santiago,2021,tasa_homicidios_100k_hab,Tasa de homicidios por 100.000 habitantes,11.607548775887253,casos por 100.000 habitantes,derived_homicidios_rate_100k,2026-05-29
13116,Lo Espejo,13,Región Metropolitana de Santiago,2022,tasa_homicidios_100k_hab,Tasa de homicidios por 100.000 habitantes,9.753242953281966,casos por 100.000 habitantes,derived_homicidios_rate_100k,2026-05-29
13116,Lo Espejo,13,Región Metropolitana de Santiago,2023,tasa_homicidios_100k_hab,Tasa de homicidios por 100.000 habitantes,13.777493480293264,casos por 100.000 habitantes,derived_homicidios_rate_100k,2026-05-29
13116,Lo Espejo,13,Región Metropolitana de Santiago,2024,tasa_homicidios_100k_hab,Tasa de homicidios por 100.000 habitantes,4.965539158241802,casos por 100.000 habitantes,derived_homicidios_rate_100k,2026-05-29
13116,Lo Espejo,13,Región Metropolitana de Santiago,2025,tasa_homicidios_100k_hab,Tasa de homicidios por 100.000 habitantes,10.022651191693226,casos por 100.000 habitantes,derived_homicidios_rate_100k,2026-05-29
13117,Lo Prado,13,Región Metropolitana de Santiago,2018,tasa_homicidios_100k_hab,Tasa de homicidios por 100.000 habitantes,2.9468679704920286,casos por 100.000 habitantes,derived_homicidios_rate_100k,2026-05-29
13117,Lo Prado,13,Región Metropolitana de Santiago,2019,tasa_homicidios_100k_hab,Tasa de homicidios por 100.000 habitantes,7.758629050246822,casos por 100.000 habitantes,derived_homicidios_rate_100k,2026-05-29
13117,Lo Prado,13,Región Metropolitana de Santiago,2020,tasa_homicidios_100k_hab,Tasa de homicidios por 100.000 habitantes,9.578268823692806,casos por 100.000 habitantes,derived_homicidios_rate_100k,2026-05-29
13117,Lo Prado,13,Región Metropolitana de Santiago,2021,tasa_homicidios_100k_hab,Tasa de homicidios por 100.000 habitantes,1.915617068148077,casos por 100.000 habitantes,derived_homicidios_rate_100k,2026-05-29
13117,Lo Prado,13,Región Metropolitana de Santiago,2022,tasa_homicidios_100k_hab,Tasa de homicidios por 100.000 habitantes,7.712181390506305,casos por 100.000 habitantes,derived_homicidios_rate_100k,2026-05-29
13117,Lo Prado,13,Región Metropolitana de Santiago,2023,tasa_homicidios_100k_hab,Tasa de homicidios por 100.000 habitantes,6.801200897758518,casos por 100.000 habitantes,derived_homicidios_rate_100k,2026-05-29
13117,Lo Prado,13,Región Metropolitana de Santiago,2024,tasa_homicidios_100k_hab,Tasa de homicidios por 100.000 habitantes,5.877858108505261,casos por 100.000 habitantes,derived_homicidios_rate_100k,2026-05-29
13117,Lo Prado,13,Región Metropolitana de Santiago,2025,tasa_homicidios_100k_hab,Tasa de homicidios por 100.000 habitantes,9.87917765725181,casos por 100.000 habitantes,derived_homicidios_rate_100k,2026-05-29
13118,Macul,13,Región Metropolitana de Santiago,2018,tasa_homicidios_100k_hab,Tasa de homicidios por 100.000 habitantes,3.94309327781458,casos por 100.000 habitantes,derived_homicidios_rate_100k,2026-05-29
13118,Macul,13,Región Metropolitana de Santiago,2019,tasa_homicidios_100k_hab,Tasa de homicidios por 100.000 habitantes,0.7664773467620164,casos por 100.000 habitantes,derived_homicidios_rate_100k,2026-05-29
13118,Macul,13,Región Metropolitana de Santiago,2020,tasa_homicidios_100k_hab,Tasa de homicidios por 100.000 habitantes,4.456493482378282,casos por 100.000 habitantes,derived_homicidios_rate_100k,2026-05-29
13118,Macul,13,Región Metropolitana de Santiago,2021,tasa_homicidios_100k_hab,Tasa de homicidios por 100.000 habitantes,1.4675883121266822,casos por 100.000 habitantes,derived_homicidios_rate_100k,2026-05-29
13118,Macul,13,Región Metropolitana de Santiago,2022,tasa_homicidios_100k_hab,Tasa de homicidios por 100.000 habitantes,3.647531715288265,casos por 100.000 habitantes,derived_homicidios_rate_100k,2026-05-29
13118,Macul,13,Región Metropolitana de Santiago,2023,tasa_homicidios_100k_hab,Tasa de homicidios por 100.000 habitantes,0.7260318727992159,casos por 100.000 habitantes,derived_homicidios_rate_100k,2026-05-29
13118,Macul,13,Región Metropolitana de Santiago,2024,tasa_homicidios_100k_hab,Tasa de homicidios por 100.000 habitantes,5.059229118031815,casos por 100.000 habitantes,derived_homicidios_rate_100k,2026-05-29
13118,Macul,13,Región Metropolitana de Santiago,2025,tasa_homicidios_100k_hab,Tasa de homicidios por 100.000 habitantes,2.8787126397075227,casos por 100.000 habitantes,derived_homicidios_rate_100k,2026-05-29
13119,Maipú,13,Región Metropolitana de Santiago,2018,tasa_homicidios_100k_hab,Tasa de homicidios por 100.000 habitantes,1.975876346065761,casos por 100.000 habitantes,derived_homicidios_rate_100k,2026-05-29
13119,Maipú,13,Región Metropolitana de Santiago,2019,tasa_homicidios_100k_hab,Tasa de homicidios por 100.000 habitantes,1.7647141868902911,casos por 100.000 habitantes,derived_homicidios_rate_100k,2026-05-29
13119,Maipú,13,Región Metropolitana de Santiago,2020,tasa_homicidios_100k_hab,Tasa de homicidios por 100.000 habitantes,4.83922537828052,casos por 100.000 habitantes,derived_homicidios_rate_100k,2026-05-29
13119,Maipú,13,Región Metropolitana de Santiago,2021,tasa_homicidios_100k_hab,Tasa de homicidios por 100.000 habitantes,2.739477410440491,casos por 100.000 habitantes,derived_homicidios_rate_100k,2026-05-29
13119,Maipú,13,Región Metropolitana de Santiago,2022,tasa_homicidios_100k_hab,Tasa de homicidios por 100.000 habitantes,1.5366648226688795,casos por 100.000 habitantes,derived_homicidios_rate_100k,2026-05-29
13119,Maipú,13,Región Metropolitana de Santiago,2023,tasa_homicidios_100k_hab,Tasa de homicidios por 100.000 habitantes,4.604860344818765,casos por 100.000 habitantes,derived_homicidios_rate_100k,2026-05-29
13119,Maipú,13,Región Metropolitana de Santiago,2024,tasa_homicidios_100k_hab,Tasa de homicidios por 100.000 habitantes,3.2378342637846536,casos por 100.000 habitantes,derived_homicidios_rate_100k,2026-05-29
13119,Maipú,13,Región Metropolitana de Santiago,2025,tasa_homicidios_100k_hab,Tasa de homicidios por 100.000 habitantes,1.873332095798797,casos por 100.000 habitantes,derived_homicidios_rate_100k,2026-05-29
13120,Ñuñoa,13,Región Metropolitana de Santiago,2018,tasa_homicidios_100k_hab,Tasa de homicidios por 100.000 habitantes,2.599563273370074,casos por 100.000 habitantes,derived_homicidios_rate_100k,2026-05-29
13120,Ñuñoa,13,Región Metropolitana de Santiago,2019,tasa_homicidios_100k_hab,Tasa de homicidios por 100.000 habitantes,2.492180782793984,casos por 100.000 habitantes,derived_homicidios_rate_100k,2026-05-29
13120,Ñuñoa,13,Región Metropolitana de Santiago,2020,tasa_homicidios_100k_hab,Tasa de homicidios por 100.000 habitantes,1.5987721429941806,casos por 100.000 habitantes,derived_homicidios_rate_100k,2026-05-29
13120,Ñuñoa,13,Región Metropolitana de Santiago,2021,tasa_homicidios_100k_hab,Tasa de homicidios por 100.000 habitantes,0.3908952674309972,casos por 100.000 habitantes,derived_homicidios_rate_100k,2026-05-29
13120,Ñuñoa,13,Región Metropolitana de Santiago,2022,tasa_homicidios_100k_hab,Tasa de homicidios por 100.000 habitantes,1.1551256776737309,casos por 100.000 habitantes,derived_homicidios_rate_100k,2026-05-29
13120,Ñuñoa,13,Región Metropolitana de Santiago,2023,tasa_homicidios_100k_hab,Tasa de homicidios por 100.000 habitantes,0.0,casos por 100.000 habitantes,derived_homicidios_rate_100k,2026-05-29
13120,Ñuñoa,13,Región Metropolitana de Santiago,2024,tasa_homicidios_100k_hab,Tasa de homicidios por 100.000 habitantes,0.3746637392939836,casos por 100.000 habitantes,derived_homicidios_rate_100k,2026-05-29
13120,Ñuñoa,13,Región Metropolitana de Santiago,2025,tasa_homicidios_100k_hab,Tasa de homicidios por 100.000 habitantes,4.066227760506577,casos por 100.000 habitantes,derived_homicidios_rate_100k,2026-05-29
13121,Pedro Aguirre Cerda,13,Región Metropolitana de Santiago,2018,tasa_homicidios_100k_hab,Tasa de homicidios por 100.000 habitantes,8.442380751371887,casos por 100.000 habitantes,derived_homicidios_rate_100k,2026-05-29
13121,Pedro Aguirre Cerda,13,Región Metropolitana de Santiago,2019,tasa_homicidios_100k_hab,Tasa de homicidios por 100.000 habitantes,4.663961568956672,casos por 100.000 habitantes,derived_homicidios_rate_100k,2026-05-29
13121,Pedro Aguirre Cerda,13,Región Metropolitana de Santiago,2020,tasa_homicidios_100k_hab,Tasa de homicidios por 100.000 habitantes,19.47997736612153,casos por 100.000 habitantes,derived_homicidios_rate_100k,2026-05-29
13121,Pedro Aguirre Cerda,13,Región Metropolitana de Santiago,2021,tasa_homicidios_100k_hab,Tasa de homicidios por 100.000 habitantes,9.310206779692576,casos por 100.000 habitantes,derived_homicidios_rate_100k,2026-05-29
13121,Pedro Aguirre Cerda,13,Región Metropolitana de Santiago,2022,tasa_homicidios_100k_hab,Tasa de homicidios por 100.000 habitantes,9.390024038461538,casos por 100.000 habitantes,derived_homicidios_rate_100k,2026-05-29
13121,Pedro Aguirre Cerda,13,Región Metropolitana de Santiago,2023,tasa_homicidios_100k_hab,Tasa de homicidios por 100.000 habitantes,8.532180540940246,casos por 100.000 habitantes,derived_homicidios_rate_100k,2026-05-29
13121,Pedro Aguirre Cerda,13,Región Metropolitana de Santiago,2024,tasa_homicidios_100k_hab,Tasa de homicidios por 100.000 habitantes,7.658287224062339,casos por 100.000 habitantes,derived_homicidios_rate_100k,2026-05-29
13121,Pedro Aguirre Cerda,13,Región Metropolitana de Santiago,2025,tasa_homicidios_100k_hab,Tasa de homicidios por 100.000 habitantes,5.800800510470445,casos por 100.000 habitantes,derived_homicidios_rate_100k,2026-05-29
13122,Peñalolén,13,Región Metropolitana de Santiago,2018,tasa_homicidios_100k_hab,Tasa de homicidios por 100.000 habitantes,2.7161892640679204,casos por 100.000 habitantes,derived_homicidios_rate_100k,2026-05-29
13122,Peñalolén,13,Región Metropolitana de Santiago,2019,tasa_homicidios_100k_hab,Tasa de homicidios por 100.000 habitantes,3.4316043131453324,casos por 100.000 habitantes,derived_homicidios_rate_100k,2026-05-29
13122,Peñalolén,13,Región Metropolitana de Santiago,2020,tasa_homicidios_100k_hab,Tasa de homicidios por 100.000 habitantes,4.497784840965824,casos por 100.000 habitantes,derived_homicidios_rate_100k,2026-05-29
13122,Peñalolén,13,Región Metropolitana de Santiago,2021,tasa_homicidios_100k_hab,Tasa de homicidios por 100.000 habitantes,4.084724615293209,casos por 100.000 habitantes,derived_homicidios_rate_100k,2026-05-29
13122,Peñalolén,13,Región Metropolitana de Santiago,2022,tasa_homicidios_100k_hab,Tasa de homicidios por 100.000 habitantes,4.802240060286583,casos por 100.000 habitantes,derived_homicidios_rate_100k,2026-05-29
13122,Peñalolén,13,Región Metropolitana de Santiago,2023,tasa_homicidios_100k_hab,Tasa de homicidios por 100.000 habitantes,5.517667571564148,casos por 100.000 habitantes,derived_homicidios_rate_100k,2026-05-29
13122,Peñalolén,13,Región Metropolitana de Santiago,2024,tasa_homicidios_100k_hab,Tasa de homicidios por 100.000 habitantes,1.8320856829832215,casos por 100.000 habitantes,derived_homicidios_rate_100k,2026-05-29
13122,Peñalolén,13,Región Metropolitana de Santiago,2025,tasa_homicidios_100k_hab,Tasa de homicidios por 100.000 habitantes,4.381017053108879,casos por 100.000 habitantes,derived_homicidios_rate_100k,2026-05-29
13123,Providencia,13,Región Metropolitana de Santiago,2018,tasa_homicidios_100k_hab,Tasa de homicidios por 100.000 habitantes,1.324135008805498,casos por 100.000 habitantes,derived_homicidios_rate_100k,2026-05-29
13123,Providencia,13,Región Metropolitana de Santiago,2019,tasa_homicidios_100k_hab,Tasa de homicidios por 100.000 habitantes,2.589901972210352,casos por 100.000 habitantes,derived_homicidios_rate_100k,2026-05-29
13123,Providencia,13,Región Metropolitana de Santiago,2020,tasa_homicidios_100k_hab,Tasa de homicidios por 100.000 habitantes,2.535673760214011,casos por 100.000 habitantes,derived_homicidios_rate_100k,2026-05-29
13123,Providencia,13,Región Metropolitana de Santiago,2021,tasa_homicidios_100k_hab,Tasa de homicidios por 100.000 habitantes,1.8744962291384188,casos por 100.000 habitantes,derived_homicidios_rate_100k,2026-05-29
13123,Providencia,13,Región Metropolitana de Santiago,2022,tasa_homicidios_100k_hab,Tasa de homicidios por 100.000 habitantes,1.2378688849277084,casos por 100.000 habitantes,derived_homicidios_rate_100k,2026-05-29
13123,Providencia,13,Región Metropolitana de Santiago,2023,tasa_homicidios_100k_hab,Tasa de homicidios por 100.000 habitantes,1.8423331306766888,casos por 100.000 habitantes,derived_homicidios_rate_100k,2026-05-29
13123,Providencia,13,Región Metropolitana de Santiago,2024,tasa_homicidios_100k_hab,Tasa de homicidios por 100.000 habitantes,2.438890548689401,casos por 100.000 habitantes,derived_homicidios_rate_100k,2026-05-29
13123,Providencia,13,Región Metropolitana de Santiago,2025,tasa_homicidios_100k_hab,Tasa de homicidios por 100.000 habitantes,0.0,casos por 100.000 habitantes,derived_homicidios_rate_100k,2026-05-29
13124,Pudahuel,13,Región Metropolitana de Santiago,2018,tasa_homicidios_100k_hab,Tasa de homicidios por 100.000 habitantes,4.498499137106075,casos por 100.000 habitantes,derived_homicidios_rate_100k,2026-05-29
13124,Pudahuel,13,Región Metropolitana de Santiago,2019,tasa_homicidios_100k_hab,Tasa de homicidios por 100.000 habitantes,7.650585672466348,casos por 100.000 habitantes,derived_homicidios_rate_100k,2026-05-29
13124,Pudahuel,13,Región Metropolitana de Santiago,2020,tasa_homicidios_100k_hab,Tasa de homicidios por 100.000 habitantes,4.345438672033942,casos por 100.000 habitantes,derived_homicidios_rate_100k,2026-05-29
13124,Pudahuel,13,Región Metropolitana de Santiago,2021,tasa_homicidios_100k_hab,Tasa de homicidios por 100.000 habitantes,5.066112771670297,casos por 100.000 habitantes,derived_homicidios_rate_100k,2026-05-29
13124,Pudahuel,13,Región Metropolitana de Santiago,2022,tasa_homicidios_100k_hab,Tasa de homicidios por 100.000 habitantes,3.867948246852457,casos por 100.000 habitantes,derived_homicidios_rate_100k,2026-05-29
13124,Pudahuel,13,Región Metropolitana de Santiago,2023,tasa_homicidios_100k_hab,Tasa de homicidios por 100.000 habitantes,6.919643715233596,casos por 100.000 habitantes,derived_homicidios_rate_100k,2026-05-29
13124,Pudahuel,13,Región Metropolitana de Santiago,2024,tasa_homicidios_100k_hab,Tasa de homicidios por 100.000 habitantes,5.3517637884371325,casos por 100.000 habitantes,derived_homicidios_rate_100k,2026-05-29
13124,Pudahuel,13,Región Metropolitana de Santiago,2025,tasa_homicidios_100k_hab,Tasa de homicidios por 100.000 habitantes,3.0424844928368504,casos por 100.000 habitantes,derived_homicidios_rate_100k,2026-05-29
13125,Quilicura,13,Región Metropolitana de Santiago,2018,tasa_homicidios_100k_hab,Tasa de homicidios por 100.000 habitantes,2.5824000826368025,casos por 100.000 habitantes,derived_homicidios_rate_100k,2026-05-29
13125,Quilicura,13,Región Metropolitana de Santiago,2019,tasa_homicidios_100k_hab,Tasa de homicidios por 100.000 habitantes,3.7019974332817793,casos por 100.000 habitantes,derived_homicidios_rate_100k,2026-05-29
13125,Quilicura,13,Región Metropolitana de Santiago,2020,tasa_homicidios_100k_hab,Tasa de homicidios por 100.000 habitantes,6.674676278200507,casos por 100.000 habitantes,derived_homicidios_rate_100k,2026-05-29
13125,Quilicura,13,Región Metropolitana de Santiago,2021,tasa_homicidios_100k_hab,Tasa de homicidios por 100.000 habitantes,0.7633791742527473,casos por 100.000 habitantes,derived_homicidios_rate_100k,2026-05-29
13125,Quilicura,13,Región Metropolitana de Santiago,2022,tasa_homicidios_100k_hab,Tasa de homicidios por 100.000 habitantes,1.8739365410129751,casos por 100.000 habitantes,derived_homicidios_rate_100k,2026-05-29
13125,Quilicura,13,Región Metropolitana de Santiago,2023,tasa_homicidios_100k_hab,Tasa de homicidios por 100.000 habitantes,2.9478416272085783,casos por 100.000 habitantes,derived_homicidios_rate_100k,2026-05-29
13125,Quilicura,13,Región Metropolitana de Santiago,2024,tasa_homicidios_100k_hab,Tasa de homicidios por 100.000 habitantes,3.2638969478936986,casos por 100.000 habitantes,derived_homicidios_rate_100k,2026-05-29
13125,Quilicura,13,Región Metropolitana de Santiago,2025,tasa_homicidios_100k_hab,Tasa de homicidios por 100.000 habitantes,5.004700844007049,casos por 100.000 habitantes,derived_homicidios_rate_100k,2026-05-29
13126,Quinta Normal,13,Región Metropolitana de Santiago,2018,tasa_homicidios_100k_hab,Tasa de homicidios por 100.000 habitantes,4.852484472049689,casos por 100.000 habitantes,derived_homicidios_rate_100k,2026-05-29
13126,Quinta Normal,13,Región Metropolitana de Santiago,2019,tasa_homicidios_100k_hab,Tasa de homicidios por 100.000 habitantes,2.3026618771299625,casos por 100.000 habitantes,derived_homicidios_rate_100k,2026-05-29
13126,Quinta Normal,13,Región Metropolitana de Santiago,2020,tasa_homicidios_100k_hab,Tasa de homicidios por 100.000 habitantes,1.466619734835152,casos por 100.000 habitantes,derived_homicidios_rate_100k,2026-05-29
13126,Quinta Normal,13,Región Metropolitana de Santiago,2021,tasa_homicidios_100k_hab,Tasa de homicidios por 100.000 habitantes,3.599608362610148,casos por 100.000 habitantes,derived_homicidios_rate_100k,2026-05-29
13126,Quinta Normal,13,Región Metropolitana de Santiago,2022,tasa_homicidios_100k_hab,Tasa de homicidios por 100.000 habitantes,8.568062546856591,casos por 100.000 habitantes,derived_homicidios_rate_100k,2026-05-29
13126,Quinta Normal,13,Región Metropolitana de Santiago,2023,tasa_homicidios_100k_hab,Tasa de homicidios por 100.000 habitantes,4.256405890865753,casos por 100.000 habitantes,derived_homicidios_rate_100k,2026-05-29
13126,Quinta Normal,13,Región Metropolitana de Santiago,2024,tasa_homicidios_100k_hab,Tasa de homicidios por 100.000 habitantes,7.051042496633127,casos por 100.000 habitantes,derived_homicidios_rate_100k,2026-05-29
13126,Quinta Normal,13,Región Metropolitana de Santiago,2025,tasa_homicidios_100k_hab,Tasa de homicidios por 100.000 habitantes,4.205509217074368,casos por 100.000 habitantes,derived_homicidios_rate_100k,2026-05-29
13127,Recoleta,13,Región Metropolitana de Santiago,2018,tasa_homicidios_100k_hab,Tasa de homicidios por 100.000 habitantes,6.917861919476088,casos por 100.000 habitantes,derived_homicidios_rate_100k,2026-05-29
13127,Recoleta,13,Región Metropolitana de Santiago,2019,tasa_homicidios_100k_hab,Tasa de homicidios por 100.000 habitantes,6.590220113351786,casos por 100.000 habitantes,derived_homicidios_rate_100k,2026-05-29
13127,Recoleta,13,Región Metropolitana de Santiago,2020,tasa_homicidios_100k_hab,Tasa de homicidios por 100.000 habitantes,6.839405497829805,casos por 100.000 habitantes,derived_homicidios_rate_100k,2026-05-29
13127,Recoleta,13,Región Metropolitana de Santiago,2021,tasa_homicidios_100k_hab,Tasa de homicidios por 100.000 habitantes,8.780764959582656,casos por 100.000 habitantes,derived_homicidios_rate_100k,2026-05-29
13127,Recoleta,13,Región Metropolitana de Santiago,2022,tasa_homicidios_100k_hab,Tasa de homicidios por 100.000 habitantes,10.2466890386044,casos por 100.000 habitantes,derived_homicidios_rate_100k,2026-05-29
13127,Recoleta,13,Región Metropolitana de Santiago,2023,tasa_homicidios_100k_hab,Tasa de homicidios por 100.000 habitantes,9.690268420435247,casos por 100.000 habitantes,derived_homicidios_rate_100k,2026-05-29
13127,Recoleta,13,Región Metropolitana de Santiago,2024,tasa_homicidios_100k_hab,Tasa de homicidios por 100.000 habitantes,17.2715081074491,casos por 100.000 habitantes,derived_homicidios_rate_100k,2026-05-29
13127,Recoleta,13,Región Metropolitana de Santiago,2025,tasa_homicidios_100k_hab,Tasa de homicidios por 100.000 habitantes,12.637495956001294,casos por 100.000 habitantes,derived_homicidios_rate_100k,2026-05-29
13128,Renca,13,Región Metropolitana de Santiago,2018,tasa_homicidios_100k_hab,Tasa de homicidios por 100.000 habitantes,8.941858756953893,casos por 100.000 habitantes,derived_homicidios_rate_100k,2026-05-29
13128,Renca,13,Región Metropolitana de Santiago,2019,tasa_homicidios_100k_hab,Tasa de homicidios por 100.000 habitantes,6.300522313299773,casos por 100.000 habitantes,derived_homicidios_rate_100k,2026-05-29
13128,Renca,13,Región Metropolitana de Santiago,2020,tasa_homicidios_100k_hab,Tasa de homicidios por 100.000 habitantes,8.082214775532027,casos por 100.000 habitantes,derived_homicidios_rate_100k,2026-05-29
13128,Renca,13,Región Metropolitana de Santiago,2021,tasa_homicidios_100k_hab,Tasa de homicidios por 100.000 habitantes,6.174402163510518,casos por 100.000 habitantes,derived_homicidios_rate_100k,2026-05-29
13128,Renca,13,Región Metropolitana de Santiago,2022,tasa_homicidios_100k_hab,Tasa de homicidios por 100.000 habitantes,7.3838429210482595,casos por 100.000 habitantes,derived_homicidios_rate_100k,2026-05-29
13128,Renca,13,Región Metropolitana de Santiago,2023,tasa_homicidios_100k_hab,Tasa de homicidios por 100.000 habitantes,5.526422439731293,casos por 100.000 habitantes,derived_homicidios_rate_100k,2026-05-29
13128,Renca,13,Región Metropolitana de Santiago,2024,tasa_homicidios_100k_hab,Tasa de homicidios por 100.000 habitantes,6.744245931993477,casos por 100.000 habitantes,derived_homicidios_rate_100k,2026-05-29
13128,Renca,13,Región Metropolitana de Santiago,2025,tasa_homicidios_100k_hab,Tasa de homicidios por 100.000 habitantes,6.124936453784292,casos por 100.000 habitantes,derived_homicidios_rate_100k,2026-05-29
13129,San Joaquín,13,Región Metropolitana de Santiago,2018,tasa_homicidios_100k_hab,Tasa de homicidios por 100.000 habitantes,2.9831155658970228,casos por 100.000 habitantes,derived_homicidios_rate_100k,2026-05-29
13129,San Joaquín,13,Región Metropolitana de Santiago,2019,tasa_homicidios_100k_hab,Tasa de homicidios por 100.000 habitantes,6.860928969782509,casos por 100.000 habitantes,derived_homicidios_rate_100k,2026-05-29
13129,San Joaquín,13,Región Metropolitana de Santiago,2020,tasa_homicidios_100k_hab,Tasa de homicidios por 100.000 habitantes,10.62955983959028,casos por 100.000 habitantes,derived_homicidios_rate_100k,2026-05-29
13129,San Joaquín,13,Región Metropolitana de Santiago,2021,tasa_homicidios_100k_hab,Tasa de homicidios por 100.000 habitantes,10.590058822963098,casos por 100.000 habitantes,derived_homicidios_rate_100k,2026-05-29
13129,San Joaquín,13,Región Metropolitana de Santiago,2022,tasa_homicidios_100k_hab,Tasa de homicidios por 100.000 habitantes,11.571395510298542,casos por 100.000 habitantes,derived_homicidios_rate_100k,2026-05-29
13129,San Joaquín,13,Región Metropolitana de Santiago,2023,tasa_homicidios_100k_hab,Tasa de homicidios por 100.000 habitantes,4.834654805646877,casos por 100.000 habitantes,derived_homicidios_rate_100k,2026-05-29
13129,San Joaquín,13,Región Metropolitana de Santiago,2024,tasa_homicidios_100k_hab,Tasa de homicidios por 100.000 habitantes,10.667390756221028,casos por 100.000 habitantes,derived_homicidios_rate_100k,2026-05-29
13129,San Joaquín,13,Región Metropolitana de Santiago,2025,tasa_homicidios_100k_hab,Tasa de homicidios por 100.000 habitantes,0.9726585676629932,casos por 100.000 habitantes,derived_homicidios_rate_100k,2026-05-29
13130,San Miguel,13,Región Metropolitana de Santiago,2018,tasa_homicidios_100k_hab,Tasa de homicidios por 100.000 habitantes,2.496380248639473,casos por 100.000 habitantes,derived_homicidios_rate_100k,2026-05-29
13130,San Miguel,13,Región Metropolitana de Santiago,2019,tasa_homicidios_100k_hab,Tasa de homicidios por 100.000 habitantes,4.758581308292621,casos por 100.000 habitantes,derived_homicidios_rate_100k,2026-05-29
13130,San Miguel,13,Región Metropolitana de Santiago,2020,tasa_homicidios_100k_hab,Tasa de homicidios por 100.000 habitantes,3.7577315326283833,casos por 100.000 habitantes,derived_homicidios_rate_100k,2026-05-29
13130,San Miguel,13,Región Metropolitana de Santiago,2021,tasa_homicidios_100k_hab,Tasa de homicidios por 100.000 habitantes,1.4616143530529468,casos por 100.000 habitantes,derived_homicidios_rate_100k,2026-05-29
13130,San Miguel,13,Región Metropolitana de Santiago,2022,tasa_homicidios_100k_hab,Tasa de homicidios por 100.000 habitantes,2.8626841958362257,casos por 100.000 habitantes,derived_homicidios_rate_100k,2026-05-29
13130,San Miguel,13,Región Metropolitana de Santiago,2023,tasa_homicidios_100k_hab,Tasa de homicidios por 100.000 habitantes,2.1045394916835614,casos por 100.000 habitantes,derived_homicidios_rate_100k,2026-05-29
13130,San Miguel,13,Región Metropolitana de Santiago,2024,tasa_homicidios_100k_hab,Tasa de homicidios por 100.000 habitantes,2.750577621300473,casos por 100.000 habitantes,derived_homicidios_rate_100k,2026-05-29
13130,San Miguel,13,Región Metropolitana de Santiago,2025,tasa_homicidios_100k_hab,Tasa de homicidios por 100.000 habitantes,2.6956539319482165,casos por 100.000 habitantes,derived_homicidios_rate_100k,2026-05-29
13131,San Ramón,13,Región Metropolitana de Santiago,2018,tasa_homicidios_100k_hab,Tasa de homicidios por 100.000 habitantes,11.550678602367888,casos por 100.000 habitantes,derived_homicidios_rate_100k,2026-05-29
13131,San Ramón,13,Región Metropolitana de Santiago,2019,tasa_homicidios_100k_hab,Tasa de homicidios por 100.000 habitantes,11.55788768044752,casos por 100.000 habitantes,derived_homicidios_rate_100k,2026-05-29
13131,San Ramón,13,Región Metropolitana de Santiago,2020,tasa_homicidios_100k_hab,Tasa de homicidios por 100.000 habitantes,12.71529302970755,casos por 100.000 habitantes,derived_homicidios_rate_100k,2026-05-29
13131,San Ramón,13,Región Metropolitana de Santiago,2021,tasa_homicidios_100k_hab,Tasa de homicidios por 100.000 habitantes,5.81280444563284,casos por 100.000 habitantes,derived_homicidios_rate_100k,2026-05-29
13131,San Ramón,13,Región Metropolitana de Santiago,2022,tasa_homicidios_100k_hab,Tasa de homicidios por 100.000 habitantes,11.726903862842132,casos por 100.000 habitantes,derived_homicidios_rate_100k,2026-05-29
13131,San Ramón,13,Región Metropolitana de Santiago,2023,tasa_homicidios_100k_hab,Tasa de homicidios por 100.000 habitantes,11.835019823658204,casos por 100.000 habitantes,derived_homicidios_rate_100k,2026-05-29
13131,San Ramón,13,Región Metropolitana de Santiago,2024,tasa_homicidios_100k_hab,Tasa de homicidios por 100.000 habitantes,7.168887030288548,casos por 100.000 habitantes,derived_homicidios_rate_100k,2026-05-29
13131,San Ramón,13,Región Metropolitana de Santiago,2025,tasa_homicidios_100k_hab,Tasa de homicidios por 100.000 habitantes,12.059962131718908,casos por 100.000 habitantes,derived_homicidios_rate_100k,2026-05-29
13132,Vitacura,13,Región Metropolitana de Santiago,2018,tasa_homicidios_100k_hab,Tasa de homicidios por 100.000 habitantes,2.1930305489155466,casos por 100.000 habitantes,derived_homicidios_rate_100k,2026-05-29
13132,Vitacura,13,Región Metropolitana de Santiago,2019,tasa_homicidios_100k_hab,Tasa de homicidios por 100.000 habitantes,0.0,casos por 100.000 habitantes,derived_homicidios_rate_100k,2026-05-29
13132,Vitacura,13,Región Metropolitana de Santiago,2020,tasa_homicidios_100k_hab,Tasa de homicidios por 100.000 habitantes,0.0,casos por 100.000 habitantes,derived_homicidios_rate_100k,2026-05-29
13132,Vitacura,13,Región Metropolitana de Santiago,2021,tasa_homicidios_100k_hab,Tasa de homicidios por 100.000 habitantes,1.0235938379650955,casos por 100.000 habitantes,derived_homicidios_rate_100k,2026-05-29
13132,Vitacura,13,Región Metropolitana de Santiago,2022,tasa_homicidios_100k_hab,Tasa de homicidios por 100.000 habitantes,0.0,casos por 100.000 habitantes,derived_homicidios_rate_100k,2026-05-29
13132,Vitacura,13,Región Metropolitana de Santiago,2023,tasa_homicidios_100k_hab,Tasa de homicidios por 100.000 habitantes,1.0268205528401857,casos por 100.000 habitantes,derived_homicidios_rate_100k,2026-05-29
13132,Vitacura,13,Región Metropolitana de Santiago,2024,tasa_homicidios_100k_hab,Tasa de homicidios por 100.000 habitantes,0.0,casos por 100.000 habitantes,derived_homicidios_rate_100k,2026-05-29
13132,Vitacura,13,Región Metropolitana de Santiago,2025,tasa_homicidios_100k_hab,Tasa de homicidios por 100.000 habitantes,0.0,casos por 100.000 habitantes,derived_homicidios_rate_100k,2026-05-29
13201,Puente Alto,13,Región Metropolitana de Santiago,2018,tasa_homicidios_100k_hab,Tasa de homicidios por 100.000 habitantes,3.5739988335767445,casos por 100.000 habitantes,derived_homicidios_rate_100k,2026-05-29
13201,Puente Alto,13,Región Metropolitana de Santiago,2019,tasa_homicidios_100k_hab,Tasa de homicidios por 100.000 habitantes,4.763848109466878,casos por 100.000 habitantes,derived_homicidios_rate_100k,2026-05-29
13201,Puente Alto,13,Región Metropolitana de Santiago,2020,tasa_homicidios_100k_hab,Tasa de homicidios por 100.000 habitantes,4.025334838189281,casos por 100.000 habitantes,derived_homicidios_rate_100k,2026-05-29
13201,Puente Alto,13,Región Metropolitana de Santiago,2021,tasa_homicidios_100k_hab,Tasa de homicidios por 100.000 habitantes,2.595289092305273,casos por 100.000 habitantes,derived_homicidios_rate_100k,2026-05-29
13201,Puente Alto,13,Región Metropolitana de Santiago,2022,tasa_homicidios_100k_hab,Tasa de homicidios por 100.000 habitantes,2.57434948460009,casos por 100.000 habitantes,derived_homicidios_rate_100k,2026-05-29
13201,Puente Alto,13,Región Metropolitana de Santiago,2023,tasa_homicidios_100k_hab,Tasa de homicidios por 100.000 habitantes,4.515556090732574,casos por 100.000 habitantes,derived_homicidios_rate_100k,2026-05-29
13201,Puente Alto,13,Región Metropolitana de Santiago,2024,tasa_homicidios_100k_hab,Tasa de homicidios por 100.000 habitantes,5.689440398620161,casos por 100.000 habitantes,derived_homicidios_rate_100k,2026-05-29
13201,Puente Alto,13,Región Metropolitana de Santiago,2025,tasa_homicidios_100k_hab,Tasa de homicidios por 100.000 habitantes,5.810990818634506,casos por 100.000 habitantes,derived_homicidios_rate_100k,2026-05-29
13202,Pirque,13,Región Metropolitana de Santiago,2018,tasa_homicidios_100k_hab,Tasa de homicidios por 100.000 habitantes,0.0,casos por 100.000 habitantes,derived_homicidios_rate_100k,2026-05-29
13202,Pirque,13,Región Metropolitana de Santiago,2019,tasa_homicidios_100k_hab,Tasa de homicidios por 100.000 habitantes,0.0,casos por 100.000 habitantes,derived_homicidios_rate_100k,2026-05-29
13202,Pirque,13,Región Metropolitana de Santiago,2020,tasa_homicidios_100k_hab,Tasa de homicidios por 100.000 habitantes,0.0,casos por 100.000 habitantes,derived_homicidios_rate_100k,2026-05-29
13202,Pirque,13,Región Metropolitana de Santiago,2021,tasa_homicidios_100k_hab,Tasa de homicidios por 100.000 habitantes,3.2119226569024217,casos por 100.000 habitantes,derived_homicidios_rate_100k,2026-05-29
13202,Pirque,13,Región Metropolitana de Santiago,2022,tasa_homicidios_100k_hab,Tasa de homicidios por 100.000 habitantes,0.0,casos por 100.000 habitantes,derived_homicidios_rate_100k,2026-05-29
13202,Pirque,13,Región Metropolitana de Santiago,2023,tasa_homicidios_100k_hab,Tasa de homicidios por 100.000 habitantes,0.0,casos por 100.000 habitantes,derived_homicidios_rate_100k,2026-05-29
13202,Pirque,13,Región Metropolitana de Santiago,2024,tasa_homicidios_100k_hab,Tasa de homicidios por 100.000 habitantes,3.028375882014476,casos por 100.000 habitantes,derived_homicidios_rate_100k,2026-05-29
13202,Pirque,13,Región Metropolitana de Santiago,2025,tasa_homicidios_100k_hab,Tasa de homicidios por 100.000 habitantes,0.0,casos por 100.000 habitantes,derived_homicidios_rate_100k,2026-05-29
13203,San José de Maipo,13,Región Metropolitana de Santiago,2018,tasa_homicidios_100k_hab,Tasa de homicidios por 100.000 habitantes,0.0,casos por 100.000 habitantes,derived_homicidios_rate_100k,2026-05-29
13203,San José de Maipo,13,Región Metropolitana de Santiago,2019,tasa_homicidios_100k_hab,Tasa de homicidios por 100.000 habitantes,0.0,casos por 100.000 habitantes,derived_homicidios_rate_100k,2026-05-29
13203,San José de Maipo,13,Región Metropolitana de Santiago,2020,tasa_homicidios_100k_hab,Tasa de homicidios por 100.000 habitantes,0.0,casos por 100.000 habitantes,derived_homicidios_rate_100k,2026-05-29
13203,San José de Maipo,13,Región Metropolitana de Santiago,2021,tasa_homicidios_100k_hab,Tasa de homicidios por 100.000 habitantes,10.57250092509383,casos por 100.000 habitantes,derived_homicidios_rate_100k,2026-05-29
13203,San José de Maipo,13,Región Metropolitana de Santiago,2022,tasa_homicidios_100k_hab,Tasa de homicidios por 100.000 habitantes,0.0,casos por 100.000 habitantes,derived_homicidios_rate_100k,2026-05-29
13203,San José de Maipo,13,Región Metropolitana de Santiago,2023,tasa_homicidios_100k_hab,Tasa de homicidios por 100.000 habitantes,20.693222969477496,casos por 100.000 habitantes,derived_homicidios_rate_100k,2026-05-29
13203,San José de Maipo,13,Región Metropolitana de Santiago,2024,tasa_homicidios_100k_hab,Tasa de homicidios por 100.000 habitantes,10.24642655873764,casos por 100.000 habitantes,derived_homicidios_rate_100k,2026-05-29
13203,San José de Maipo,13,Región Metropolitana de Santiago,2025,tasa_homicidios_100k_hab,Tasa de homicidios por 100.000 habitantes,5.076142131979696,casos por 100.000 habitantes,derived_homicidios_rate_100k,2026-05-29
13301,Colina,13,Región Metropolitana de Santiago,2018,tasa_homicidios_100k_hab,Tasa de homicidios por 100.000 habitantes,3.663473339072775,casos por 100.000 habitantes,derived_homicidios_rate_100k,2026-05-29
13301,Colina,13,Región Metropolitana de Santiago,2019,tasa_homicidios_100k_hab,Tasa de homicidios por 100.000 habitantes,2.888186738601771,casos por 100.000 habitantes,derived_homicidios_rate_100k,2026-05-29
13301,Colina,13,Región Metropolitana de Santiago,2020,tasa_homicidios_100k_hab,Tasa de homicidios por 100.000 habitantes,3.881277272903695,casos por 100.000 habitantes,derived_homicidios_rate_100k,2026-05-29
13301,Colina,13,Región Metropolitana de Santiago,2021,tasa_homicidios_100k_hab,Tasa de homicidios por 100.000 habitantes,10.775920128880005,casos por 100.000 habitantes,derived_homicidios_rate_100k,2026-05-29
13301,Colina,13,Región Metropolitana de Santiago,2022,tasa_homicidios_100k_hab,Tasa de homicidios por 100.000 habitantes,8.431836506690136,casos por 100.000 habitantes,derived_homicidios_rate_100k,2026-05-29
13301,Colina,13,Región Metropolitana de Santiago,2023,tasa_homicidios_100k_hab,Tasa de homicidios por 100.000 habitantes,4.648904408194468,casos por 100.000 habitantes,derived_homicidios_rate_100k,2026-05-29
13301,Colina,13,Región Metropolitana de Santiago,2024,tasa_homicidios_100k_hab,Tasa de homicidios por 100.000 habitantes,7.093276587120637,casos por 100.000 habitantes,derived_homicidios_rate_100k,2026-05-29
13301,Colina,13,Región Metropolitana de Santiago,2025,tasa_homicidios_100k_hab,Tasa de homicidios por 100.000 habitantes,9.94965474698028,casos por 100.000 habitantes,derived_homicidios_rate_100k,2026-05-29
13302,Lampa,13,Región Metropolitana de Santiago,2018,tasa_homicidios_100k_hab,Tasa de homicidios por 100.000 habitantes,10.429522501694798,casos por 100.000 habitantes,derived_homicidios_rate_100k,2026-05-29
13302,Lampa,13,Región Metropolitana de Santiago,2019,tasa_homicidios_100k_hab,Tasa de homicidios por 100.000 habitantes,4.114278191034165,casos por 100.000 habitantes,derived_homicidios_rate_100k,2026-05-29
13302,Lampa,13,Región Metropolitana de Santiago,2020,tasa_homicidios_100k_hab,Tasa de homicidios por 100.000 habitantes,8.668379328279405,casos por 100.000 habitantes,derived_homicidios_rate_100k,2026-05-29
13302,Lampa,13,Región Metropolitana de Santiago,2021,tasa_homicidios_100k_hab,Tasa de homicidios por 100.000 habitantes,2.282479685930795,casos por 100.000 habitantes,derived_homicidios_rate_100k,2026-05-29
13302,Lampa,13,Región Metropolitana de Santiago,2022,tasa_homicidios_100k_hab,Tasa de homicidios por 100.000 habitantes,2.952879426550816,casos por 100.000 habitantes,derived_homicidios_rate_100k,2026-05-29
13302,Lampa,13,Región Metropolitana de Santiago,2023,tasa_homicidios_100k_hab,Tasa de homicidios por 100.000 habitantes,8.616604196286245,casos por 100.000 habitantes,derived_homicidios_rate_100k,2026-05-29
13302,Lampa,13,Región Metropolitana de Santiago,2024,tasa_homicidios_100k_hab,Tasa de homicidios por 100.000 habitantes,4.894009732087924,casos por 100.000 habitantes,derived_homicidios_rate_100k,2026-05-29
13302,Lampa,13,Región Metropolitana de Santiago,2025,tasa_homicidios_100k_hab,Tasa de homicidios por 100.000 habitantes,9.54679977633212,casos por 100.000 habitantes,derived_homicidios_rate_100k,2026-05-29
13303,Tiltil,13,Región Metropolitana de Santiago,2018,tasa_homicidios_100k_hab,Tasa de homicidios por 100.000 habitantes,4.84003678427956,casos por 100.000 habitantes,derived_homicidios_rate_100k,2026-05-29
13303,Tiltil,13,Región Metropolitana de Santiago,2019,tasa_homicidios_100k_hab,Tasa de homicidios por 100.000 habitantes,9.49397132820659,casos por 100.000 habitantes,derived_homicidios_rate_100k,2026-05-29
13303,Tiltil,13,Región Metropolitana de Santiago,2020,tasa_homicidios_100k_hab,Tasa de homicidios por 100.000 habitantes,0.0,casos por 100.000 habitantes,derived_homicidios_rate_100k,2026-05-29
13303,Tiltil,13,Región Metropolitana de Santiago,2021,tasa_homicidios_100k_hab,Tasa de homicidios por 100.000 habitantes,4.590735894963963,casos por 100.000 habitantes,derived_homicidios_rate_100k,2026-05-29
13303,Tiltil,13,Región Metropolitana de Santiago,2022,tasa_homicidios_100k_hab,Tasa de homicidios por 100.000 habitantes,0.0,casos por 100.000 habitantes,derived_homicidios_rate_100k,2026-05-29
13303,Tiltil,13,Región Metropolitana de Santiago,2023,tasa_homicidios_100k_hab,Tasa de homicidios por 100.000 habitantes,0.0,casos por 100.000 habitantes,derived_homicidios_rate_100k,2026-05-29
13303,Tiltil,13,Región Metropolitana de Santiago,2024,tasa_homicidios_100k_hab,Tasa de homicidios por 100.000 habitantes,4.448002846721822,casos por 100.000 habitantes,derived_homicidios_rate_100k,2026-05-29
13303,Tiltil,13,Región Metropolitana de Santiago,2025,tasa_homicidios_100k_hab,Tasa de homicidios por 100.000 habitantes,4.406256884776383,casos por 100.000 habitantes,derived_homicidios_rate_100k,2026-05-29
13401,San Bernardo,13,Región Metropolitana de Santiago,2018,tasa_homicidios_100k_hab,Tasa de homicidios por 100.000 habitantes,5.874804817339951,casos por 100.000 habitantes,derived_homicidios_rate_100k,2026-05-29
13401,San Bernardo,13,Región Metropolitana de Santiago,2019,tasa_homicidios_100k_hab,Tasa de homicidios por 100.000 habitantes,4.55759431941444,casos por 100.000 habitantes,derived_homicidios_rate_100k,2026-05-29
13401,San Bernardo,13,Región Metropolitana de Santiago,2020,tasa_homicidios_100k_hab,Tasa de homicidios por 100.000 habitantes,7.764995400733493,casos por 100.000 habitantes,derived_homicidios_rate_100k,2026-05-29
13401,San Bernardo,13,Región Metropolitana de Santiago,2021,tasa_homicidios_100k_hab,Tasa de homicidios por 100.000 habitantes,2.9494783847476573,casos por 100.000 habitantes,derived_homicidios_rate_100k,2026-05-29
13401,San Bernardo,13,Región Metropolitana de Santiago,2022,tasa_homicidios_100k_hab,Tasa de homicidios por 100.000 habitantes,5.840933848503698,casos por 100.000 habitantes,derived_homicidios_rate_100k,2026-05-29
13401,San Bernardo,13,Región Metropolitana de Santiago,2023,tasa_homicidios_100k_hab,Tasa de homicidios por 100.000 habitantes,8.102250400048613,casos por 100.000 habitantes,derived_homicidios_rate_100k,2026-05-29
13401,San Bernardo,13,Región Metropolitana de Santiago,2024,tasa_homicidios_100k_hab,Tasa de homicidios por 100.000 habitantes,6.883891693437357,casos por 100.000 habitantes,derived_homicidios_rate_100k,2026-05-29
13401,San Bernardo,13,Región Metropolitana de Santiago,2025,tasa_homicidios_100k_hab,Tasa de homicidios por 100.000 habitantes,6.256665481692144,casos por 100.000 habitantes,derived_homicidios_rate_100k,2026-05-29
13402,Buin,13,Región Metropolitana de Santiago,2018,tasa_homicidios_100k_hab,Tasa de homicidios por 100.000 habitantes,0.0,casos por 100.000 habitantes,derived_homicidios_rate_100k,2026-05-29
13402,Buin,13,Región Metropolitana de Santiago,2019,tasa_homicidios_100k_hab,Tasa de homicidios por 100.000 habitantes,2.80410521002748,casos por 100.000 habitantes,derived_homicidios_rate_100k,2026-05-29
13402,Buin,13,Región Metropolitana de Santiago,2020,tasa_homicidios_100k_hab,Tasa de homicidios por 100.000 habitantes,2.73620269789586,casos por 100.000 habitantes,derived_homicidios_rate_100k,2026-05-29
13402,Buin,13,Región Metropolitana de Santiago,2021,tasa_homicidios_100k_hab,Tasa de homicidios por 100.000 habitantes,0.0,casos por 100.000 habitantes,derived_homicidios_rate_100k,2026-05-29
13402,Buin,13,Región Metropolitana de Santiago,2022,tasa_homicidios_100k_hab,Tasa de homicidios por 100.000 habitantes,8.769775844529414,casos por 100.000 habitantes,derived_homicidios_rate_100k,2026-05-29
13402,Buin,13,Región Metropolitana de Santiago,2023,tasa_homicidios_100k_hab,Tasa de homicidios por 100.000 habitantes,6.032818532818533,casos por 100.000 habitantes,derived_homicidios_rate_100k,2026-05-29
13402,Buin,13,Región Metropolitana de Santiago,2024,tasa_homicidios_100k_hab,Tasa de homicidios por 100.000 habitantes,4.23793460019325,casos por 100.000 habitantes,derived_homicidios_rate_100k,2026-05-29
13402,Buin,13,Región Metropolitana de Santiago,2025,tasa_homicidios_100k_hab,Tasa de homicidios por 100.000 habitantes,5.004796263085457,casos por 100.000 habitantes,derived_homicidios_rate_100k,2026-05-29
13403,Calera de Tango,13,Región Metropolitana de Santiago,2018,tasa_homicidios_100k_hab,Tasa de homicidios por 100.000 habitantes,3.661796477351789,casos por 100.000 habitantes,derived_homicidios_rate_100k,2026-05-29
13403,Calera de Tango,13,Región Metropolitana de Santiago,2019,tasa_homicidios_100k_hab,Tasa de homicidios por 100.000 habitantes,0.0,casos por 100.000 habitantes,derived_homicidios_rate_100k,2026-05-29
13403,Calera de Tango,13,Región Metropolitana de Santiago,2020,tasa_homicidios_100k_hab,Tasa de homicidios por 100.000 habitantes,0.0,casos por 100.000 habitantes,derived_homicidios_rate_100k,2026-05-29
13403,Calera de Tango,13,Región Metropolitana de Santiago,2021,tasa_homicidios_100k_hab,Tasa de homicidios por 100.000 habitantes,0.0,casos por 100.000 habitantes,derived_homicidios_rate_100k,2026-05-29
13403,Calera de Tango,13,Región Metropolitana de Santiago,2022,tasa_homicidios_100k_hab,Tasa de homicidios por 100.000 habitantes,3.3932813030200206,casos por 100.000 habitantes,derived_homicidios_rate_100k,2026-05-29
13403,Calera de Tango,13,Región Metropolitana de Santiago,2023,tasa_homicidios_100k_hab,Tasa de homicidios por 100.000 habitantes,6.693440428380188,casos por 100.000 habitantes,derived_homicidios_rate_100k,2026-05-29
13403,Calera de Tango,13,Región Metropolitana de Santiago,2024,tasa_homicidios_100k_hab,Tasa de homicidios por 100.000 habitantes,0.0,casos por 100.000 habitantes,derived_homicidios_rate_100k,2026-05-29
13403,Calera de Tango,13,Región Metropolitana de Santiago,2025,tasa_homicidios_100k_hab,Tasa de homicidios por 100.000 habitantes,0.0,casos por 100.000 habitantes,derived_homicidios_rate_100k,2026-05-29
13404,Paine,13,Región Metropolitana de Santiago,2018,tasa_homicidios_100k_hab,Tasa de homicidios por 100.000 habitantes,0.0,casos por 100.000 habitantes,derived_homicidios_rate_100k,2026-05-29
13404,Paine,13,Región Metropolitana de Santiago,2019,tasa_homicidios_100k_hab,Tasa de homicidios por 100.000 habitantes,6.194942448984649,casos por 100.000 habitantes,derived_homicidios_rate_100k,2026-05-29
13404,Paine,13,Región Metropolitana de Santiago,2020,tasa_homicidios_100k_hab,Tasa de homicidios por 100.000 habitantes,4.832902399536041,casos por 100.000 habitantes,derived_homicidios_rate_100k,2026-05-29
13404,Paine,13,Región Metropolitana de Santiago,2021,tasa_homicidios_100k_hab,Tasa de homicidios por 100.000 habitantes,2.370258002583581,casos por 100.000 habitantes,derived_homicidios_rate_100k,2026-05-29
13404,Paine,13,Región Metropolitana de Santiago,2022,tasa_homicidios_100k_hab,Tasa de homicidios por 100.000 habitantes,1.1660583728821463,casos por 100.000 habitantes,derived_homicidios_rate_100k,2026-05-29
13404,Paine,13,Región Metropolitana de Santiago,2023,tasa_homicidios_100k_hab,Tasa de homicidios por 100.000 habitantes,0.0,casos por 100.000 habitantes,derived_homicidios_rate_100k,2026-05-29
13404,Paine,13,Región Metropolitana de Santiago,2024,tasa_homicidios_100k_hab,Tasa de homicidios por 100.000 habitantes,4.52913935029496,casos por 100.000 habitantes,derived_homicidios_rate_100k,2026-05-29
13404,Paine,13,Región Metropolitana de Santiago,2025,tasa_homicidios_100k_hab,Tasa de homicidios por 100.000 habitantes,4.467127525323029,casos por 100.000 habitantes,derived_homicidios_rate_100k,2026-05-29
13501,Melipilla,13,Región Metropolitana de Santiago,2018,tasa_homicidios_100k_hab,Tasa de homicidios por 100.000 habitantes,2.9423663981757326,casos por 100.000 habitantes,derived_homicidios_rate_100k,2026-05-29
13501,Melipilla,13,Región Metropolitana de Santiago,2019,tasa_homicidios_100k_hab,Tasa de homicidios por 100.000 habitantes,7.204974314266569,casos por 100.000 habitantes,derived_homicidios_rate_100k,2026-05-29
13501,Melipilla,13,Región Metropolitana de Santiago,2020,tasa_homicidios_100k_hab,Tasa de homicidios por 100.000 habitantes,6.355393610710958,casos por 100.000 habitantes,derived_homicidios_rate_100k,2026-05-29
13501,Melipilla,13,Región Metropolitana de Santiago,2021,tasa_homicidios_100k_hab,Tasa de homicidios por 100.000 habitantes,4.86858303368364,casos por 100.000 habitantes,derived_homicidios_rate_100k,2026-05-29
13501,Melipilla,13,Región Metropolitana de Santiago,2022,tasa_homicidios_100k_hab,Tasa de homicidios por 100.000 habitantes,4.121360323664164,casos por 100.000 habitantes,derived_homicidios_rate_100k,2026-05-29
13501,Melipilla,13,Región Metropolitana de Santiago,2023,tasa_homicidios_100k_hab,Tasa de homicidios por 100.000 habitantes,9.506026141571889,casos por 100.000 habitantes,derived_homicidios_rate_100k,2026-05-29
13501,Melipilla,13,Región Metropolitana de Santiago,2024,tasa_homicidios_100k_hab,Tasa de homicidios por 100.000 habitantes,7.387558009120276,casos por 100.000 habitantes,derived_homicidios_rate_100k,2026-05-29
13501,Melipilla,13,Región Metropolitana de Santiago,2025,tasa_homicidios_100k_hab,Tasa de homicidios por 100.000 habitantes,5.981417728922149,casos por 100.000 habitantes,derived_homicidios_rate_100k,2026-05-29
13502,Alhué,13,Región Metropolitana de Santiago,2018,tasa_homicidios_100k_hab,Tasa de homicidios por 100.000 habitantes,0.0,casos por 100.000 habitantes,derived_homicidios_rate_100k,2026-05-29
13502,Alhué,13,Región Metropolitana de Santiago,2019,tasa_homicidios_100k_hab,Tasa de homicidios por 100.000 habitantes,0.0,casos por 100.000 habitantes,derived_homicidios_rate_100k,2026-05-29
13502,Alhué,13,Región Metropolitana de Santiago,2020,tasa_homicidios_100k_hab,Tasa de homicidios por 100.000 habitantes,0.0,casos por 100.000 habitantes,derived_homicidios_rate_100k,2026-05-29
13502,Alhué,13,Región Metropolitana de Santiago,2021,tasa_homicidios_100k_hab,Tasa de homicidios por 100.000 habitantes,0.0,casos por 100.000 habitantes,derived_homicidios_rate_100k,2026-05-29
13502,Alhué,13,Región Metropolitana de Santiago,2022,tasa_homicidios_100k_hab,Tasa de homicidios por 100.000 habitantes,0.0,casos por 100.000 habitantes,derived_homicidios_rate_100k,2026-05-29
13502,Alhué,13,Región Metropolitana de Santiago,2023,tasa_homicidios_100k_hab,Tasa de homicidios por 100.000 habitantes,0.0,casos por 100.000 habitantes,derived_homicidios_rate_100k,2026-05-29
13502,Alhué,13,Región Metropolitana de Santiago,2024,tasa_homicidios_100k_hab,Tasa de homicidios por 100.000 habitantes,0.0,casos por 100.000 habitantes,derived_homicidios_rate_100k,2026-05-29
13502,Alhué,13,Región Metropolitana de Santiago,2025,tasa_homicidios_100k_hab,Tasa de homicidios por 100.000 habitantes,0.0,casos por 100.000 habitantes,derived_homicidios_rate_100k,2026-05-29
13503,Curacaví,13,Región Metropolitana de Santiago,2018,tasa_homicidios_100k_hab,Tasa de homicidios por 100.000 habitantes,0.0,casos por 100.000 habitantes,derived_homicidios_rate_100k,2026-05-29
13503,Curacaví,13,Región Metropolitana de Santiago,2019,tasa_homicidios_100k_hab,Tasa de homicidios por 100.000 habitantes,2.799552071668533,casos por 100.000 habitantes,derived_homicidios_rate_100k,2026-05-29
13503,Curacaví,13,Región Metropolitana de Santiago,2020,tasa_homicidios_100k_hab,Tasa de homicidios por 100.000 habitantes,2.744990392533626,casos por 100.000 habitantes,derived_homicidios_rate_100k,2026-05-29
13503,Curacaví,13,Región Metropolitana de Santiago,2021,tasa_homicidios_100k_hab,Tasa de homicidios por 100.000 habitantes,0.0,casos por 100.000 habitantes,derived_homicidios_rate_100k,2026-05-29
13503,Curacaví,13,Región Metropolitana de Santiago,2022,tasa_homicidios_100k_hab,Tasa de homicidios por 100.000 habitantes,0.0,casos por 100.000 habitantes,derived_homicidios_rate_100k,2026-05-29
13503,Curacaví,13,Región Metropolitana de Santiago,2023,tasa_homicidios_100k_hab,Tasa de homicidios por 100.000 habitantes,5.272593061267531,casos por 100.000 habitantes,derived_homicidios_rate_100k,2026-05-29
13503,Curacaví,13,Región Metropolitana de Santiago,2024,tasa_homicidios_100k_hab,Tasa de homicidios por 100.000 habitantes,2.606406547293247,casos por 100.000 habitantes,derived_homicidios_rate_100k,2026-05-29
13503,Curacaví,13,Región Metropolitana de Santiago,2025,tasa_homicidios_100k_hab,Tasa de homicidios por 100.000 habitantes,5.154240651496019,casos por 100.000 habitantes,derived_homicidios_rate_100k,2026-05-29
13504,María Pinto,13,Región Metropolitana de Santiago,2018,tasa_homicidios_100k_hab,Tasa de homicidios por 100.000 habitantes,0.0,casos por 100.000 habitantes,derived_homicidios_rate_100k,2026-05-29
13504,María Pinto,13,Región Metropolitana de Santiago,2019,tasa_homicidios_100k_hab,Tasa de homicidios por 100.000 habitantes,0.0,casos por 100.000 habitantes,derived_homicidios_rate_100k,2026-05-29
13504,María Pinto,13,Región Metropolitana de Santiago,2020,tasa_homicidios_100k_hab,Tasa de homicidios por 100.000 habitantes,0.0,casos por 100.000 habitantes,derived_homicidios_rate_100k,2026-05-29
13504,María Pinto,13,Región Metropolitana de Santiago,2021,tasa_homicidios_100k_hab,Tasa de homicidios por 100.000 habitantes,0.0,casos por 100.000 habitantes,derived_homicidios_rate_100k,2026-05-29
13504,María Pinto,13,Región Metropolitana de Santiago,2022,tasa_homicidios_100k_hab,Tasa de homicidios por 100.000 habitantes,0.0,casos por 100.000 habitantes,derived_homicidios_rate_100k,2026-05-29
13504,María Pinto,13,Región Metropolitana de Santiago,2023,tasa_homicidios_100k_hab,Tasa de homicidios por 100.000 habitantes,0.0,casos por 100.000 habitantes,derived_homicidios_rate_100k,2026-05-29
13504,María Pinto,13,Región Metropolitana de Santiago,2024,tasa_homicidios_100k_hab,Tasa de homicidios por 100.000 habitantes,6.382028208564681,casos por 100.000 habitantes,derived_homicidios_rate_100k,2026-05-29
13504,María Pinto,13,Región Metropolitana de Santiago,2025,tasa_homicidios_100k_hab,Tasa de homicidios por 100.000 habitantes,6.313928526329082,casos por 100.000 habitantes,derived_homicidios_rate_100k,2026-05-29
13505,San Pedro,13,Región Metropolitana de Santiago,2018,tasa_homicidios_100k_hab,Tasa de homicidios por 100.000 habitantes,0.0,casos por 100.000 habitantes,derived_homicidios_rate_100k,2026-05-29
13505,San Pedro,13,Región Metropolitana de Santiago,2019,tasa_homicidios_100k_hab,Tasa de homicidios por 100.000 habitantes,0.0,casos por 100.000 habitantes,derived_homicidios_rate_100k,2026-05-29
13505,San Pedro,13,Región Metropolitana de Santiago,2020,tasa_homicidios_100k_hab,Tasa de homicidios por 100.000 habitantes,0.0,casos por 100.000 habitantes,derived_homicidios_rate_100k,2026-05-29
13505,San Pedro,13,Región Metropolitana de Santiago,2021,tasa_homicidios_100k_hab,Tasa de homicidios por 100.000 habitantes,0.0,casos por 100.000 habitantes,derived_homicidios_rate_100k,2026-05-29
13505,San Pedro,13,Región Metropolitana de Santiago,2022,tasa_homicidios_100k_hab,Tasa de homicidios por 100.000 habitantes,0.0,casos por 100.000 habitantes,derived_homicidios_rate_100k,2026-05-29
13505,San Pedro,13,Región Metropolitana de Santiago,2023,tasa_homicidios_100k_hab,Tasa de homicidios por 100.000 habitantes,0.0,casos por 100.000 habitantes,derived_homicidios_rate_100k,2026-05-29
13505,San Pedro,13,Región Metropolitana de Santiago,2024,tasa_homicidios_100k_hab,Tasa de homicidios por 100.000 habitantes,0.0,casos por 100.000 habitantes,derived_homicidios_rate_100k,2026-05-29
13505,San Pedro,13,Región Metropolitana de Santiago,2025,tasa_homicidios_100k_hab,Tasa de homicidios por 100.000 habitantes,7.893282816323309,casos por 100.000 habitantes,derived_homicidios_rate_100k,2026-05-29
13601,Talagante,13,Región Metropolitana de Santiago,2018,tasa_homicidios_100k_hab,Tasa de homicidios por 100.000 habitantes,1.263296192425276,casos por 100.000 habitantes,derived_homicidios_rate_100k,2026-05-29
13601,Talagante,13,Región Metropolitana de Santiago,2019,tasa_homicidios_100k_hab,Tasa de homicidios por 100.000 habitantes,1.242405794580626,casos por 100.000 habitantes,derived_homicidios_rate_100k,2026-05-29
13601,Talagante,13,Región Metropolitana de Santiago,2020,tasa_homicidios_100k_hab,Tasa de homicidios por 100.000 habitantes,0.0,casos por 100.000 habitantes,derived_homicidios_rate_100k,2026-05-29
13601,Talagante,13,Región Metropolitana de Santiago,2021,tasa_homicidios_100k_hab,Tasa de homicidios por 100.000 habitantes,6.031363088057901,casos por 100.000 habitantes,derived_homicidios_rate_100k,2026-05-29
13601,Talagante,13,Región Metropolitana de Santiago,2022,tasa_homicidios_100k_hab,Tasa de homicidios por 100.000 habitantes,0.0,casos por 100.000 habitantes,derived_homicidios_rate_100k,2026-05-29
13601,Talagante,13,Región Metropolitana de Santiago,2023,tasa_homicidios_100k_hab,Tasa de homicidios por 100.000 habitantes,4.724223455769458,casos por 100.000 habitantes,derived_homicidios_rate_100k,2026-05-29
13601,Talagante,13,Región Metropolitana de Santiago,2024,tasa_homicidios_100k_hab,Tasa de homicidios por 100.000 habitantes,12.863390789812197,casos por 100.000 habitantes,derived_homicidios_rate_100k,2026-05-29
13601,Talagante,13,Región Metropolitana de Santiago,2025,tasa_homicidios_100k_hab,Tasa de homicidios por 100.000 habitantes,2.3162088293880574,casos por 100.000 habitantes,derived_homicidios_rate_100k,2026-05-29
13602,El Monte,13,Región Metropolitana de Santiago,2018,tasa_homicidios_100k_hab,Tasa de homicidios por 100.000 habitantes,2.591143471614023,casos por 100.000 habitantes,derived_homicidios_rate_100k,2026-05-29
13602,El Monte,13,Región Metropolitana de Santiago,2019,tasa_homicidios_100k_hab,Tasa de homicidios por 100.000 habitantes,10.17915309446254,casos por 100.000 habitantes,derived_homicidios_rate_100k,2026-05-29
13602,El Monte,13,Región Metropolitana de Santiago,2020,tasa_homicidios_100k_hab,Tasa de homicidios por 100.000 habitantes,4.9982506122857,casos por 100.000 habitantes,derived_homicidios_rate_100k,2026-05-29
13602,El Monte,13,Región Metropolitana de Santiago,2021,tasa_homicidios_100k_hab,Tasa de homicidios por 100.000 habitantes,2.461841457410143,casos por 100.000 habitantes,derived_homicidios_rate_100k,2026-05-29
13602,El Monte,13,Región Metropolitana de Santiago,2022,tasa_homicidios_100k_hab,Tasa de homicidios por 100.000 habitantes,7.285266762184609,casos por 100.000 habitantes,derived_homicidios_rate_100k,2026-05-29
13602,El Monte,13,Región Metropolitana de Santiago,2023,tasa_homicidios_100k_hab,Tasa de homicidios por 100.000 habitantes,4.7948982282851045,casos por 100.000 habitantes,derived_homicidios_rate_100k,2026-05-29
13602,El Monte,13,Región Metropolitana de Santiago,2024,tasa_homicidios_100k_hab,Tasa de homicidios por 100.000 habitantes,9.471266545118748,casos por 100.000 habitantes,derived_homicidios_rate_100k,2026-05-29
13602,El Monte,13,Región Metropolitana de Santiago,2025,tasa_homicidios_100k_hab,Tasa de homicidios por 100.000 habitantes,4.681319195749362,casos por 100.000 habitantes,derived_homicidios_rate_100k,2026-05-29
13603,Isla de Maipo,13,Región Metropolitana de Santiago,2018,tasa_homicidios_100k_hab,Tasa de homicidios por 100.000 habitantes,0.0,casos por 100.000 habitantes,derived_homicidios_rate_100k,2026-05-29
13603,Isla de Maipo,13,Región Metropolitana de Santiago,2019,tasa_homicidios_100k_hab,Tasa de homicidios por 100.000 habitantes,0.0,casos por 100.000 habitantes,derived_homicidios_rate_100k,2026-05-29
13603,Isla de Maipo,13,Región Metropolitana de Santiago,2020,tasa_homicidios_100k_hab,Tasa de homicidios por 100.000 habitantes,0.0,casos por 100.000 habitantes,derived_homicidios_rate_100k,2026-05-29
13603,Isla de Maipo,13,Región Metropolitana de Santiago,2021,tasa_homicidios_100k_hab,Tasa de homicidios por 100.000 habitantes,0.0,casos por 100.000 habitantes,derived_homicidios_rate_100k,2026-05-29
13603,Isla de Maipo,13,Región Metropolitana de Santiago,2022,tasa_homicidios_100k_hab,Tasa de homicidios por 100.000 habitantes,7.254437297480293,casos por 100.000 habitantes,derived_homicidios_rate_100k,2026-05-29
13603,Isla de Maipo,13,Región Metropolitana de Santiago,2023,tasa_homicidios_100k_hab,Tasa de homicidios por 100.000 habitantes,0.0,casos por 100.000 habitantes,derived_homicidios_rate_100k,2026-05-29
13603,Isla de Maipo,13,Región Metropolitana de Santiago,2024,tasa_homicidios_100k_hab,Tasa de homicidios por 100.000 habitantes,0.0,casos por 100.000 habitantes,derived_homicidios_rate_100k,2026-05-29
13603,Isla de Maipo,13,Región Metropolitana de Santiago,2025,tasa_homicidios_100k_hab,Tasa de homicidios por 100.000 habitantes,4.663417818919486,casos por 100.000 habitantes,derived_homicidios_rate_100k,2026-05-29
13604,Padre Hurtado,13,Región Metropolitana de Santiago,2018,tasa_homicidios_100k_hab,Tasa de homicidios por 100.000 habitantes,4.314187926026057,casos por 100.000 habitantes,derived_homicidios_rate_100k,2026-05-29
13604,Padre Hurtado,13,Región Metropolitana de Santiago,2019,tasa_homicidios_100k_hab,Tasa de homicidios por 100.000 habitantes,2.7834994154651227,casos por 100.000 habitantes,derived_homicidios_rate_100k,2026-05-29
13604,Padre Hurtado,13,Región Metropolitana de Santiago,2020,tasa_homicidios_100k_hab,Tasa de homicidios por 100.000 habitantes,2.6958537768911413,casos por 100.000 habitantes,derived_homicidios_rate_100k,2026-05-29
13604,Padre Hurtado,13,Región Metropolitana de Santiago,2021,tasa_homicidios_100k_hab,Tasa de homicidios por 100.000 habitantes,1.312008816699248,casos por 100.000 habitantes,derived_homicidios_rate_100k,2026-05-29
13604,Padre Hurtado,13,Región Metropolitana de Santiago,2022,tasa_homicidios_100k_hab,Tasa de homicidios por 100.000 habitantes,6.402786492681615,casos por 100.000 habitantes,derived_homicidios_rate_100k,2026-05-29
13604,Padre Hurtado,13,Región Metropolitana de Santiago,2023,tasa_homicidios_100k_hab,Tasa de homicidios por 100.000 habitantes,2.5023459493274944,casos por 100.000 habitantes,derived_homicidios_rate_100k,2026-05-29
13604,Padre Hurtado,13,Región Metropolitana de Santiago,2024,tasa_homicidios_100k_hab,Tasa de homicidios por 100.000 habitantes,1.2233463415827657,casos por 100.000 habitantes,derived_homicidios_rate_100k,2026-05-29
13604,Padre Hurtado,13,Región Metropolitana de Santiago,2025,tasa_homicidios_100k_hab,Tasa de homicidios por 100.000 habitantes,0.0,casos por 100.000 habitantes,derived_homicidios_rate_100k,2026-05-29
13605,Peñaflor,13,Región Metropolitana de Santiago,2018,tasa_homicidios_100k_hab,Tasa de homicidios por 100.000 habitantes,0.0,casos por 100.000 habitantes,derived_homicidios_rate_100k,2026-05-29
13605,Peñaflor,13,Región Metropolitana de Santiago,2019,tasa_homicidios_100k_hab,Tasa de homicidios por 100.000 habitantes,1.0086542534949872,casos por 100.000 habitantes,derived_homicidios_rate_100k,2026-05-29
13605,Peñaflor,13,Región Metropolitana de Santiago,2020,tasa_homicidios_100k_hab,Tasa de homicidios por 100.000 habitantes,5.9371845870688125,casos por 100.000 habitantes,derived_homicidios_rate_100k,2026-05-29
13605,Peñaflor,13,Región Metropolitana de Santiago,2021,tasa_homicidios_100k_hab,Tasa de homicidios por 100.000 habitantes,2.922068434842744,casos por 100.000 habitantes,derived_homicidios_rate_100k,2026-05-29
13605,Peñaflor,13,Región Metropolitana de Santiago,2022,tasa_homicidios_100k_hab,Tasa de homicidios por 100.000 habitantes,2.8816782894357678,casos por 100.000 habitantes,derived_homicidios_rate_100k,2026-05-29
13605,Peñaflor,13,Región Metropolitana de Santiago,2023,tasa_homicidios_100k_hab,Tasa de homicidios por 100.000 habitantes,2.843655803901496,casos por 100.000 habitantes,derived_homicidios_rate_100k,2026-05-29
13605,Peñaflor,13,Región Metropolitana de Santiago,2024,tasa_homicidios_100k_hab,Tasa de homicidios por 100.000 habitantes,2.8079371022089106,casos por 100.000 habitantes,derived_homicidios_rate_100k,2026-05-29
13605,Peñaflor,13,Región Metropolitana de Santiago,2025,tasa_homicidios_100k_hab,Tasa de homicidios por 100.000 habitantes,2.774130310147769,casos por 100.000 habitantes,derived_homicidios_rate_100k,2026-05-29
